2018-03-19-gut-friendly-delicious-indian-kanji-for-your-tummy.md, anchorText, URL

2018-03-30-things-to-consider-for-the-right-cold-brew.md, anchorText, URL

2018-04-02-examples-of-regional-dishes-in-south-france.md, anchorText, URL

2018-04-08-ideas-on-what-to-give-your-mum-this-mothers-day.md, anchorText, URL

2018-04-09-professional-chefs-favourite-cookware.md, anchorText, URL

2018-04-17-how-to-get-deals-in-food-delivery.md, anchorText, URL

2018-04-17-unique-restaurants-in-las-vegas.md, anchorText, URL

2018-04-18-top-five-foods-for-sous-vide-cooking.md, anchorText, URL

2018-05-02-importance-of-pure-water.md, anchorText, URL

2018-05-17-4-things-to-do-before-buying-kitchen-appliances.md, anchorText, URL

2018-05-21-5-anti-cancer-food-stuffs-you-should-be-cooking-with.md, anchorText, URL

2018-05-24-effective-ways-to-boost-sales-from-a-restaurant.md, anchorText, URL

2018-06-04-how-does-cooking-with-unfiltered-tap-water-affect-your-food.md, anchorText, URL

2018-06-07-why-you-need-turmeric-in-your-kitchen.md, anchorText, URL

2018-06-20-three-best-restaurants-in-scottsdale-az.md, anchorText, URL

2018-06-23-top-reasons-why-visiting-kent-is-must-for-foodies-this-summer.md, anchorText, URL

2018-06-27-5-time-saving-cooking-hacks-everyone-should-know.md, anchorText, URL

2018-07-11-how-to-cook-like-a-pro-with-an-electric-smoker.md, anchorText, URL

2018-08-06-best-apron-choices-specifically-for-women.md, anchorText, URL

2018-09-29-a-guide-on-choosing-the-perfect-kitchen-tools-for-cooking.md, anchorText, URL

2018-11-12-10-cooking-hacks-and-how-tos-of-the-21st-century.md, anchorText, URL

2018-11-23-5-modern-kitchen-gadgets-you-would-love-to-use.md, anchorText, URL

20190129-2018-06-30-punjabi-chole-bhature-chana-bhatura.md, anchorText, URL

20190201-2018-07-20-punjabi-baingan-bharta-roasted-eggplant-curry-video-recipe.md, anchorText, URL

20190201-2018-10-09-restaurant-style-dal-makhani-punjabi-maa-ki-dal-video-recipe.md, anchorText, URL
