URL_NAME,NLP_FIRST_PUBLISHED_DATETIME
https://www.wp.mygingergarlickitchen.com/exotic-potato-stuffed-tandoori-roti/,2014-05-13T14:00:04
https://www.wp.mygingergarlickitchen.com/refreshing-onion-capsicum-pulav/,2014-05-14T14:33:02
https://www.wp.mygingergarlickitchen.com/mint-raita-pudina-raita/,2014-05-15T13:30:53
https://www.wp.mygingergarlickitchen.com/important-cooking-tip/,2014-05-16T17:05:54
https://www.wp.mygingergarlickitchen.com/carrot-sabudana-kheer-carrot-sago-kheer/,2014-05-17T11:01:11
https://www.wp.mygingergarlickitchen.com/tips-to-keep-your-vegetable-fresh/,2014-05-18T12:50:15
https://www.wp.mygingergarlickitchen.com/sizzling-bites-of-dalia-tikki-broken-wheat-cutlet/,2014-05-19T11:02:38
https://www.wp.mygingergarlickitchen.com/tips-to-prevent-eggplants-from-turning-black/,2014-05-20T10:13:07
https://www.wp.mygingergarlickitchen.com/oat-almonds-cookies-with-the-flavor-of-coconut-eggless-baking/,2014-05-20T18:14:19
https://www.wp.mygingergarlickitchen.com/how-to-prevent-oil-from-splattering-out-of-the-pan/,2014-05-21T08:54:26
https://www.wp.mygingergarlickitchen.com/seasoned-potato-stuffed-cheese-toast/,2014-05-21T15:56:37
https://www.wp.mygingergarlickitchen.com/how-to-cut-onion-without-tears/,2014-05-22T11:50:23
https://www.wp.mygingergarlickitchen.com/instant-rava-dhokla-steamed-semolina-snack/,2014-05-22T17:30:04
https://www.wp.mygingergarlickitchen.com/prevent-ice-cream-melting/,2014-05-23T09:29:17
https://www.wp.mygingergarlickitchen.com/revitalising-bread-poha/,2014-05-23T16:20:30
https://www.wp.mygingergarlickitchen.com/make-tomato-puree-brilliant-red/,2014-05-25T09:26:53
https://www.wp.mygingergarlickitchen.com/indian-coffee-with-the-scent-of-cinnamon-and-cardamom/,2014-05-26T14:46:12
https://www.wp.mygingergarlickitchen.com/make-crispy-puri/,2014-05-27T08:06:49
https://www.wp.mygingergarlickitchen.com/garlic-potato-pasta-casserole-recipe/,2014-05-27T14:12:27
https://www.wp.mygingergarlickitchen.com/recipe-dal-bukhara-exotic-creamy-black-lentil-dish/,2014-05-29T14:30:54
https://www.wp.mygingergarlickitchen.com/cook-bright-white-rice/,2014-05-30T10:06:04
https://www.wp.mygingergarlickitchen.com/know-make-overriped-tomatoes-fresh/,2014-05-31T09:08:07
https://www.wp.mygingergarlickitchen.com/spiced-aloo-raita-potato-raita-yogurt-salad-recipe/,2014-05-31T14:44:32
https://www.wp.mygingergarlickitchen.com/know-saute-onions-faster-less-oil/,2014-06-01T09:13:42
https://www.wp.mygingergarlickitchen.com/anupama-paliwal-quote/,2014-06-02T08:46:37
https://www.wp.mygingergarlickitchen.com/kala-chana-pulav-exquisite-black-chickpea-brown-rice-recipe/,2014-06-02T12:14:20
https://www.wp.mygingergarlickitchen.com/cooking-tips-prevent-apple-turning-rusty/,2014-06-03T09:19:58
https://www.wp.mygingergarlickitchen.com/cooking-tip-keep-coriander-leaves-fresh-green-long-time/,2014-06-04T09:57:05
https://www.wp.mygingergarlickitchen.com/vegetarian-recipe-curry-stuffed-bun/,2014-06-04T17:06:30
https://www.wp.mygingergarlickitchen.com/cooking-tips-forget-soak-kidney-beans/,2014-06-05T09:03:10
https://www.wp.mygingergarlickitchen.com/curry-recipe-creamy-mushroom-matar-curry-dash-cardamom/,2014-06-05T15:28:42
https://www.wp.mygingergarlickitchen.com/dessert-recipes-oat-strawberry-kheer-oat-strawberry-pudding/,2014-06-06T13:27:08
https://www.wp.mygingergarlickitchen.com/cooking-tips-peel-almonds-skin-quickly/,2014-06-07T07:51:46
https://www.wp.mygingergarlickitchen.com/cooking-tips-store-semolina-long-time/,2014-06-08T09:44:59
https://www.wp.mygingergarlickitchen.com/dark-chocolate-chunk-cookies-recipes/,2014-06-08T15:51:45
https://www.wp.mygingergarlickitchen.com/cooking-tips-make-fritters-fluffy/,2014-06-09T09:27:39
https://www.wp.mygingergarlickitchen.com/moong-dal-paratha-green-split-lentils-flatbread/,2014-06-10T13:43:25
https://www.wp.mygingergarlickitchen.com/cooking-tips-peel-orange-tomato-skin-effortlessly/,2014-06-11T09:16:25
https://www.wp.mygingergarlickitchen.com/zucchini-chickpea-flour-pancake-zucchini-chilla-recipe/,2014-06-11T15:38:37
https://www.wp.mygingergarlickitchen.com/cooking-tips-keep-vegetables-green-cooking/,2014-06-12T09:54:31
https://www.wp.mygingergarlickitchen.com/spinach-kofta-biryani-vegetarian-recipe/,2014-06-12T15:38:00
https://www.wp.mygingergarlickitchen.com/rainbow-curry-vegetarian-recipe/,2014-06-13T16:37:14
https://www.wp.mygingergarlickitchen.com/cooking-tips-remove-garlic-skin/,2014-06-15T10:09:26
https://www.wp.mygingergarlickitchen.com/spiced-oat-lentils-daliaporridge-recipe/,2014-06-15T15:47:22
https://www.wp.mygingergarlickitchen.com/cooking-tips-keep-green-chilies-fresh-long/,2014-06-16T09:09:14
https://www.wp.mygingergarlickitchen.com/cooking-tips-peel-ginger-skin-quickly-easily/,2014-06-17T09:44:35
https://www.wp.mygingergarlickitchen.com/vegetarian-recipe-vegetable-pan-pizza/,2014-06-17T14:44:19
https://www.wp.mygingergarlickitchen.com/spinach-cheese-puffs-vegetarian-recipe/,2014-06-17T15:59:35
https://www.wp.mygingergarlickitchen.com/cooking-tips-use-instead-fresh-coconut/,2014-06-19T09:14:30
https://www.wp.mygingergarlickitchen.com/shikanji-indian-lemonade-recipe/,2014-06-19T15:19:59
https://www.wp.mygingergarlickitchen.com/cooking-tips-squeeze-hard-citrus-fruits/,2014-06-20T10:20:17
https://www.wp.mygingergarlickitchen.com/instant-onion-rava-dosa-recipe/,2014-06-20T15:08:39
https://www.wp.mygingergarlickitchen.com/kitchen-tips-know-remove-garlicky-smell-hands/,2014-06-21T09:51:29
https://www.wp.mygingergarlickitchen.com/orange-prune-loaf-recipe/,2014-06-21T16:30:30
https://www.wp.mygingergarlickitchen.com/cooking-tips-prevent-potatoes-sprouting/,2014-06-22T09:52:26
https://www.wp.mygingergarlickitchen.com/cornmeal-idli-makki-ki-idli-recipe/,2014-06-22T14:56:11
https://www.wp.mygingergarlickitchen.com/classic-potato-bell-pepper-stir-fry/,2014-06-22T15:01:04
https://www.wp.mygingergarlickitchen.com/cooking-tips-get-rich-flavor-saffron/,2014-06-23T09:26:39
https://www.wp.mygingergarlickitchen.com/cooking-tips-get-flavorful-pasta/,2014-06-24T09:24:31
https://www.wp.mygingergarlickitchen.com/creamy-cappuccino-chocolate-lassi-signature-recipe/,2014-06-24T14:59:32
https://www.wp.mygingergarlickitchen.com/sunahari-makki-ki-roti-golden-cornmeal-flatbread-recipe/,2014-06-25T15:10:28
https://www.wp.mygingergarlickitchen.com/know-keep-banana-fresh-long-time-cooking-tips/,2014-06-26T10:16:15
https://www.wp.mygingergarlickitchen.com/fruity-blueberry-strawberry-pulav-rice-signature-recipe/,2014-06-26T12:53:14
https://www.wp.mygingergarlickitchen.com/macaroni-buttery-coconut-vegetable-curry-recipe/,2014-06-27T15:05:49
https://www.wp.mygingergarlickitchen.com/know-make-leftover-rice-fresh-cooking-tips/,2014-06-28T09:33:16
https://www.wp.mygingergarlickitchen.com/carrot-garlic-triangle-paratha-carrot-garlic-flatbread/,2014-06-28T18:55:49
https://www.wp.mygingergarlickitchen.com/tom-brady-quote-food/,2014-06-29T09:38:36
https://www.wp.mygingergarlickitchen.com/know-store-tomato-puree-later-use-cooking-tips/,2014-06-30T10:01:25
https://www.wp.mygingergarlickitchen.com/know-frying-oil-turns-black-re-using-cooking-tips/,2014-07-01T10:01:04
https://www.wp.mygingergarlickitchen.com/peanut-coconut-jaggery-bars-recipe/,2014-07-01T13:30:49
https://www.wp.mygingergarlickitchen.com/know-using-milk-can-make-recipes-richer-taste-cooking-tips-2/,2014-07-02T07:22:55
https://www.wp.mygingergarlickitchen.com/crust-eaten-peace-better-banquet-partaken-anxiety-food-quote/,2014-07-03T07:57:03
https://www.wp.mygingergarlickitchen.com/chana-dal-capsicum-curry-vegetarian-recipe/,2014-07-03T15:12:30
https://www.wp.mygingergarlickitchen.com/know-store-mushroom-longer-time-cooking-tips/,2014-07-04T10:50:45
https://www.wp.mygingergarlickitchen.com/strawberry-mango-smoothie-recipe/,2014-07-04T16:04:10
https://www.wp.mygingergarlickitchen.com/know-low-fat-substitute-coconut-milk-cooking-tips/,2014-07-04T22:04:51
https://www.wp.mygingergarlickitchen.com/moong-dal-dhokla-recipe/,2014-07-05T16:26:52
https://www.wp.mygingergarlickitchen.com/empty-belly-best-cook-food-quote/,2014-07-05T19:21:29
https://www.wp.mygingergarlickitchen.com/cheesy-blueberry-halwa-recipe/,2014-07-06T14:55:27
https://www.wp.mygingergarlickitchen.com/know-store-lemon-long-term-use-cooking-tips/,2014-07-07T10:11:22
https://www.wp.mygingergarlickitchen.com/spring-onion-mint-pulav-recipe/,2014-07-07T16:49:39
https://www.wp.mygingergarlickitchen.com/know-keep-cauliflower-bright-white-dishes-cooking-tips/,2014-07-08T10:22:07
https://www.wp.mygingergarlickitchen.com/hare-pyaz-wali-jau-ki-achaari-roti-pickled-spring-onions-barley-flatbread-signature-recipe/,2014-07-08T16:16:37
https://www.wp.mygingergarlickitchen.com/know-keep-basil-fresh-long-time-cooking-tips/,2014-07-08T19:21:06
https://www.wp.mygingergarlickitchen.com/quick-masala-murmura/,2014-07-09T15:56:16
https://www.wp.mygingergarlickitchen.com/good-dinner-one-can-forgive-anybody-even-ones-relations-food-quotes/,2014-07-10T09:29:09
https://www.wp.mygingergarlickitchen.com/indian-style-spiced-salad-bruschetta-recipe/,2014-07-10T15:39:16
https://www.wp.mygingergarlickitchen.com/know-make-perfect-vegetable-soup-cooking-tips/,2014-07-11T09:30:08
https://www.wp.mygingergarlickitchen.com/express-bread-rice-pulav-recipe/,2014-07-11T15:23:19
https://www.wp.mygingergarlickitchen.com/moong-dal-palak-idli-recipe/,2014-07-12T15:42:32
https://www.wp.mygingergarlickitchen.com/know-store-spices-maintain-flavour-cooking-tips/,2014-07-13T10:33:17
https://www.wp.mygingergarlickitchen.com/coriander-coconut-chutney-recipe/,2014-07-13T14:55:55
https://www.wp.mygingergarlickitchen.com/know-reduce-heat-fresh-chilies-cooking-tips/,2014-07-14T09:20:08
https://www.wp.mygingergarlickitchen.com/caramelized-banana-mango-coconut-recipe/,2014-07-14T17:20:28
https://www.wp.mygingergarlickitchen.com/know-make-dairy-free-soup-delicious-thick-cooking-tips/,2014-07-15T10:18:23
https://www.wp.mygingergarlickitchen.com/know-make-vegetables-exotic-cooking-tips/,2014-07-16T10:54:41
https://www.wp.mygingergarlickitchen.com/dal-sunehri-split-black-gram-bengal-gram-spiced-stew-recipe/,2014-07-16T12:36:59
https://www.wp.mygingergarlickitchen.com/indulging-coconut-mango-panna-cotta-recipe/,2014-07-18T12:56:55
https://www.wp.mygingergarlickitchen.com/know-savory-dish-needs-little-extra-strength-cooking-tips/,2014-07-19T09:12:57
https://www.wp.mygingergarlickitchen.com/sweet-melon-balls-with-chilled-rose-milk-recipe/,2014-07-19T12:08:32
https://www.wp.mygingergarlickitchen.com/dont-afraid-adapt-new-ingredients-techniques-traditional-ingredients-new-recipes-food-quotes/,2014-07-20T10:14:45
https://www.wp.mygingergarlickitchen.com/sizzling-mushroom-tikki-recipe/,2014-07-20T14:31:48
https://www.wp.mygingergarlickitchen.com/melon-granita-dash-lemon-recipe/,2014-07-20T15:23:39
https://www.wp.mygingergarlickitchen.com/know-make-oatmeal-creamy-reheating-cooking-tips/,2014-07-20T21:40:03
https://www.wp.mygingergarlickitchen.com/know-accidentally-burn-rice-cooking-tips/,2014-07-21T19:27:44
https://www.wp.mygingergarlickitchen.com/tempting-spiced-curry-noodles-vegetarian-recipe/,2014-07-22T14:19:47
https://www.wp.mygingergarlickitchen.com/know-check-watermelon-ripe-cooking-tips/,2014-07-22T18:57:40
https://www.wp.mygingergarlickitchen.com/garlic-tomato-chutney-touch-mint-recipe/,2014-07-23T11:22:01
https://www.wp.mygingergarlickitchen.com/blueberry-mango-froyo-marble-bars-summer-recipe/,2014-07-24T13:39:09
https://www.wp.mygingergarlickitchen.com/know-prevent-cutting-board-sliding-kitchen-tips/,2014-07-25T09:10:59
https://www.wp.mygingergarlickitchen.com/enchanting-banana-blueberry-lassi-recipe/,2014-07-25T09:55:14
https://www.wp.mygingergarlickitchen.com/wine-bottled-poetry-food-quotes/,2014-07-25T18:29:21
https://www.wp.mygingergarlickitchen.com/red-cabbage-cauliflower-radish-chickpea-pancake-vegetarian-recipe/,2014-07-27T11:55:03
https://www.wp.mygingergarlickitchen.com/know-prevent-ice-cream-becoming-rock-hard-cooking-tips/,2014-07-28T08:34:15
https://www.wp.mygingergarlickitchen.com/delectable-blueberry-muffins-four-recipe/,2014-07-28T14:22:48
https://www.wp.mygingergarlickitchen.com/exhilarating-iced-choco-latte/,2014-07-29T11:53:00
https://www.wp.mygingergarlickitchen.com/know-make-crystallized-honey-melt-againkitchen-tips/,2014-07-30T08:46:50
https://www.wp.mygingergarlickitchen.com/spinach-tomato-chili-whole-grain-pasta-vegetarian-recipe/,2014-07-30T14:24:19
https://www.wp.mygingergarlickitchen.com/sharing-food-another-human-intimate-act-indulged-lightly-food-quotes/,2014-07-31T09:35:40
https://www.wp.mygingergarlickitchen.com/seasoned-sweet-potato-vada-grilled-pita-burger-vegetarian-recipe/,2014-07-31T15:50:47
https://www.wp.mygingergarlickitchen.com/know-clean-burnt-vessel-easily-kitchen-tips/,2014-08-01T19:25:00
https://www.wp.mygingergarlickitchen.com/chocolate-vanilla-mocha-frappuccino-recipe/,2014-08-02T15:18:41
https://www.wp.mygingergarlickitchen.com/scrumptious-baguette-pizza-bites-vegetarian-recipe/,2014-08-04T15:18:21
https://www.wp.mygingergarlickitchen.com/know-keep-grinder-blades-sharp-kitchen-tips/,2014-08-05T09:07:05
https://www.wp.mygingergarlickitchen.com/nayab-chana-masala-spicy-chickpeas-curry-vegetarian-recipe/,2014-08-05T14:15:31
https://www.wp.mygingergarlickitchen.com/candied-sago-pudding-blueberry-sauce-recipe/,2014-08-06T15:30:01
https://www.wp.mygingergarlickitchen.com/grilled-aubergine-roll-ups-spiced-lentils-recipe/,2014-08-06T19:19:51
https://www.wp.mygingergarlickitchen.com/luscious-oat-blueberry-pie-crust-cookies-recipe/,2014-08-08T16:20:36
https://www.wp.mygingergarlickitchen.com/know-easily-shred-cheese-without-much-mess-cooking-tips/,2014-08-08T20:19:43
https://www.wp.mygingergarlickitchen.com/chopped-bread-cup-baked-savory-appetizers-recipe/,2014-08-09T16:07:07
https://www.wp.mygingergarlickitchen.com/know-chop-raisins-without-sticking-kitchen-tips/,2014-08-10T17:54:40
https://www.wp.mygingergarlickitchen.com/honeyed-honey-melon-raita-recipe/,2014-08-12T15:52:53
https://www.wp.mygingergarlickitchen.com/toothsome-banana-pancakes-recipe/,2014-08-13T15:19:05
https://www.wp.mygingergarlickitchen.com/black-eyed-bean-mushroom-curry-recipe/,2014-08-14T13:50:10
https://www.wp.mygingergarlickitchen.com/chickpea-curry-stuffed-crispy-bread-cups-recipe/,2014-08-16T15:34:55
https://www.wp.mygingergarlickitchen.com/know-slow-rotting-tomatoes-kitchen-tips/,2014-08-17T09:37:13
https://www.wp.mygingergarlickitchen.com/black-chana-kadhi-recipe/,2014-08-18T14:42:10
https://www.wp.mygingergarlickitchen.com/pineapple-salsa-papadum-cones-recipe/,2014-08-19T14:41:11
https://www.wp.mygingergarlickitchen.com/baked-garlicky-sweet-potato-chips-recipe/,2014-08-20T14:58:11
https://www.wp.mygingergarlickitchen.com/awesome-pineapple-coconut-rabri-recipe/,2014-08-21T15:26:57
https://www.wp.mygingergarlickitchen.com/know-keep-cookies-fresh-cooking-tips/,2014-08-22T12:21:59
https://www.wp.mygingergarlickitchen.com/fresh-blueberry-art/,2014-08-23T12:33:13
https://www.wp.mygingergarlickitchen.com/mushroom-peas-corn-pulav-recipe/,2014-08-23T15:30:35
https://www.wp.mygingergarlickitchen.com/fresh-chilies-mggk/,2014-08-25T16:17:06
https://www.wp.mygingergarlickitchen.com/black-chickpea-tuc-cracker-chaat-recipe/,2014-08-26T16:38:29
https://www.wp.mygingergarlickitchen.com/raw-radishes-mggk/,2014-08-27T15:31:22
https://www.wp.mygingergarlickitchen.com/know-cut-chili-peppers-without-feeling-burning-hot-sensation-hands-cooking-tips/,2014-08-28T09:01:20
https://www.wp.mygingergarlickitchen.com/red-cabbage-stuffed-paratha-recipe/,2014-08-28T15:36:39
https://www.wp.mygingergarlickitchen.com/pistachio-snacks-mggk/,2014-08-30T07:55:48
https://www.wp.mygingergarlickitchen.com/chana-manipuri-chana-kanghou-recipe/,2014-08-30T14:38:34
https://www.wp.mygingergarlickitchen.com/dal-bati-churma-stock-photo/,2014-08-31T08:20:15
https://www.wp.mygingergarlickitchen.com/know-make-crystal-clear-ice-kitchen-tips/,2014-09-03T08:47:22
https://www.wp.mygingergarlickitchen.com/spices-stock-photo/,2014-09-03T11:33:50
https://www.wp.mygingergarlickitchen.com/pause-refreshes-lemon-stock-photo/,2014-09-05T10:31:25
https://www.wp.mygingergarlickitchen.com/corn-cheese-toast-weekend-breakfast-recipe/,2014-09-07T08:05:48
https://www.wp.mygingergarlickitchen.com/know-measure-honey-non-sticky-way-cooking-tips/,2014-09-08T06:56:48
https://www.wp.mygingergarlickitchen.com/blueberry-oatmeal-breakfast-crumble-bars-recipe/,2014-09-10T14:59:34
https://www.wp.mygingergarlickitchen.com/banana-chocolate-muffins-wheat-flour-recipe/,2014-09-10T15:55:43
https://www.wp.mygingergarlickitchen.com/orange-gift-nature-stock-photo/,2014-09-12T14:32:30
https://www.wp.mygingergarlickitchen.com/know-stop-cheese-drying-kitchen-tips/,2014-09-14T09:37:17
https://www.wp.mygingergarlickitchen.com/tomato-try-will-like-stock-photo/,2014-09-14T15:54:50
https://www.wp.mygingergarlickitchen.com/eating-mushroom-means-life-better-stock-photo/,2014-09-16T14:59:59
https://www.wp.mygingergarlickitchen.com/sugar-made-simple-stock-photo/,2014-09-19T08:42:17
https://www.wp.mygingergarlickitchen.com/beet-potato-peas-patties-recipe/,2014-09-21T13:11:52
https://www.wp.mygingergarlickitchen.com/real-taste-pepper-stock-photo/,2014-09-22T08:49:20
https://www.wp.mygingergarlickitchen.com/seasoned-syrupy-plum-chaat-recipe/,2014-09-25T15:22:44
https://www.wp.mygingergarlickitchen.com/banana-chai-cake-recipe/,2014-09-28T14:52:58
https://www.wp.mygingergarlickitchen.com/mushroom-pepper-corn-masala-recipe/,2014-09-29T12:39:37
https://www.wp.mygingergarlickitchen.com/peas-corn-coconut-masala-recipe/,2014-10-07T14:16:17
https://www.wp.mygingergarlickitchen.com/know-keep-berries-fresh-longer-time-kitchen-tips/,2014-10-26T08:18:20
https://www.wp.mygingergarlickitchen.com/new-1-bestseller-book/,2014-11-11T11:18:35
https://www.wp.mygingergarlickitchen.com/mint-chana-grilled-tofu/,2014-11-13T13:47:39
https://www.wp.mygingergarlickitchen.com/chow-mein-stuffed-puffs/,2014-11-22T12:37:19
https://www.wp.mygingergarlickitchen.com/kidney-bean-tostadas-bell-pepper-salsa/,2014-12-05T11:03:25
https://www.wp.mygingergarlickitchen.com/white-wine-brand-concept-ginger-garlic-kitchen/,2014-12-05T17:58:44
https://www.wp.mygingergarlickitchen.com/red-velvet-mug-cake/,2014-12-15T15:04:49
https://www.wp.mygingergarlickitchen.com/apple-cinnamon-spiced-choco-coffee-ice-cream/,2014-12-20T13:11:13
https://www.wp.mygingergarlickitchen.com/chana-dal-red-cabbage-tikki/,2014-12-29T17:21:45
https://www.wp.mygingergarlickitchen.com/best-red-chili-planet/,2015-01-06T15:23:38
https://www.wp.mygingergarlickitchen.com/burger-bhaji/,2015-01-08T15:11:07
https://www.wp.mygingergarlickitchen.com/an-espresso-in-my-hand-i-feel-like-a-woman/,2015-01-09T13:28:15
https://www.wp.mygingergarlickitchen.com/chocolate-spatula-perfect-experience/,2015-01-09T15:42:55
https://www.wp.mygingergarlickitchen.com/orange-trail-simple-cool/,2015-01-13T15:52:17
https://www.wp.mygingergarlickitchen.com/somebody-say-grapes/,2015-01-15T15:08:31
https://www.wp.mygingergarlickitchen.com/life-vegan-foodie-demand/,2015-01-19T15:59:40
https://www.wp.mygingergarlickitchen.com/tale-lazy-saturday-morning-works-slow-works-better-perfect-experience/,2015-01-22T09:27:00
https://www.wp.mygingergarlickitchen.com/red-hot-chili-peppers-need/,2015-01-22T16:05:47
https://www.wp.mygingergarlickitchen.com/rye-crispbread-chaat/,2015-01-27T12:03:50
https://www.wp.mygingergarlickitchen.com/crushed-chili-pepper/,2015-01-30T10:39:50
https://www.wp.mygingergarlickitchen.com/bell-peppers-taste-paradise-food-styling-photography/,2015-02-02T08:51:27
https://www.wp.mygingergarlickitchen.com/baked-tart-chickpea-curry-tamarind-chutney/,2015-02-02T12:44:54
https://www.wp.mygingergarlickitchen.com/eggless-chocolate-mousse/,2015-02-05T13:49:10
https://www.wp.mygingergarlickitchen.com/love-red-onions/,2015-02-16T07:45:48
https://www.wp.mygingergarlickitchen.com/carrot-zucchini-pilaf/,2015-02-18T15:20:54
https://www.wp.mygingergarlickitchen.com/cardamom-pods-full-joy-love-aroma-will-moment/,2015-02-19T12:22:53
https://www.wp.mygingergarlickitchen.com/almond-peas-curry/,2015-02-20T17:15:55
https://www.wp.mygingergarlickitchen.com/fruits-vegetables-fiesta-salad-honey-pepper-dressing/,2015-02-24T13:00:17
https://www.wp.mygingergarlickitchen.com/ginger-cardamom-tea-adrak-ilaichi-wali-chai/,2015-02-26T16:22:45
https://www.wp.mygingergarlickitchen.com/khoya-puffs-cutting-edge-gujia/,2015-03-02T15:45:23
https://www.wp.mygingergarlickitchen.com/top-15-healthy-modern-holi-recipes-you-should-try-this-year/,2015-03-04T12:46:34
https://www.wp.mygingergarlickitchen.com/parsley-quality-never-goes-out-of-style-im-loving-it/,2015-03-10T09:01:10
https://www.wp.mygingergarlickitchen.com/moong-dal-toast/,2015-03-11T14:54:32
https://www.wp.mygingergarlickitchen.com/cholar-dal-bengali-style-bengal-gram/,2015-03-17T15:07:46
https://www.wp.mygingergarlickitchen.com/chocolate-molten-lava-mug-cake/,2015-03-21T12:51:35
https://www.wp.mygingergarlickitchen.com/the-human-friendly-apple-banana-is-an-investment-in-good-performance-d/,2015-03-21T15:20:31
https://www.wp.mygingergarlickitchen.com/chickpea-sweet-potato-burger-with-chipotle-aioli/,2015-03-24T14:32:38
https://www.wp.mygingergarlickitchen.com/chocolate-pots-de-creme/,2015-03-31T15:44:37
https://www.wp.mygingergarlickitchen.com/rajma-masala-spiced-kidney-beans-in-tomato-rich-gravy/,2015-04-07T15:24:54
https://www.wp.mygingergarlickitchen.com/indian-chapati-with-peppery-garlicky-avocado-spread-with-veggies/,2015-04-09T16:06:25
https://www.wp.mygingergarlickitchen.com/red-grapes-onion-cucumber-raita/,2015-04-12T15:53:23
https://www.wp.mygingergarlickitchen.com/carrot-zucchini-semolina-pancake-with-potato-patties-and-fresh-salad/,2015-04-15T07:43:22
https://www.wp.mygingergarlickitchen.com/broccoli-paratha-with-garlic-roasted-veggies-and-spiced-coconut-sauce/,2015-04-19T10:30:22
https://www.wp.mygingergarlickitchen.com/fruity-veggie-boondi-raita-fried-gram-flour-puffs-and-fruits-veggies-dip/,2015-04-29T13:15:54
https://www.wp.mygingergarlickitchen.com/banana-raspberry-coconut-smoothie-with-tiramisu-ice-cream/,2015-05-11T15:22:21
https://www.wp.mygingergarlickitchen.com/italian-cream-soda/,2015-05-13T19:19:05
https://www.wp.mygingergarlickitchen.com/classic-black-eyed-pea-curry-in-pepper-onion-gravy/,2015-05-16T14:59:52
https://www.wp.mygingergarlickitchen.com/apple-cucumber-mozzarella-pearls-salad/,2015-05-19T16:11:08
https://www.wp.mygingergarlickitchen.com/mung-bean-pita-burger-with-caramelized-oranges-and-mango-chutney/,2015-05-29T16:37:51
https://www.wp.mygingergarlickitchen.com/cabbage-spinach-thepla/,2015-06-03T14:58:58
https://www.wp.mygingergarlickitchen.com/coconut-milk-banana-strawberry-smoothie-topped-with-toasted-coconut/,2015-06-05T15:54:10
https://www.wp.mygingergarlickitchen.com/pink-and-white-refreshing-watermelon-lemonade/,2015-06-12T15:59:49
https://www.wp.mygingergarlickitchen.com/mushroom-pepper-pilaf-with-grilled-veggies-honey-mustard-yogurt-and-chili-peanuts/,2015-06-15T07:59:18
https://www.wp.mygingergarlickitchen.com/baked-mushroom-spinach-kofta-curry-recipestory/,2015-06-17T09:16:33
https://www.wp.mygingergarlickitchen.com/pineapple-blueberry-raspberry-breakfast-layered-smoothie/,2015-06-22T07:13:31
https://www.wp.mygingergarlickitchen.com/strawberry-cheesecake-dip-for-fruits-and-snacks/,2015-06-24T06:47:23
https://www.wp.mygingergarlickitchen.com/video-weekly-recipe-round-up-week-26/,2015-06-27T20:53:38
https://www.wp.mygingergarlickitchen.com/chocolate-chip-cookies-salted-peanuts-caramel-ice-cream-sundae/,2015-06-29T09:55:55
https://www.wp.mygingergarlickitchen.com/strawberry-masala-chaas-spiced-strawberry-buttermilk/,2015-07-01T08:33:06
https://www.wp.mygingergarlickitchen.com/15-minutes-no-oil-green-thai-curry-chow-mein-noodles/,2015-07-03T10:27:54
https://www.wp.mygingergarlickitchen.com/video-weekly-recipe-round-up-week-27/,2015-07-04T16:26:14
https://www.wp.mygingergarlickitchen.com/creamy-coconut-coffee-chocolate-chunk-ice-cream/,2015-07-08T12:20:17
https://www.wp.mygingergarlickitchen.com/top-17-refreshing-and-cool-summer-drinks-belong-to-your-summer-drinking-bucket-list/,2015-07-09T20:12:22
https://www.wp.mygingergarlickitchen.com/video-weekly-recipe-round-up-week-28/,2015-07-12T10:53:58
https://www.wp.mygingergarlickitchen.com/15-minutes-creme-fraiche-raspberry-peas-lemony-pasta/,2015-07-13T08:30:57
https://www.wp.mygingergarlickitchen.com/summer-berry-salad-with-salted-peanuts-and-walnuts/,2015-07-15T13:01:10
https://www.wp.mygingergarlickitchen.com/vegan-coconut-blueberry-ice-cream/,2015-07-17T10:00:29
https://www.wp.mygingergarlickitchen.com/video-weekly-recipe-round-up-week-29/,2015-07-20T09:13:23
https://www.wp.mygingergarlickitchen.com/blueberry-kiwi-cooler-recipestory/,2015-07-20T09:16:10
https://www.wp.mygingergarlickitchen.com/pepper-onion-potato-paratha/,2015-07-22T09:28:35
https://www.wp.mygingergarlickitchen.com/video-weekly-recipe-round-up-week-30/,2015-07-27T10:00:50
https://www.wp.mygingergarlickitchen.com/quick-and-easy-pineapple-kiwi-honey-yogurt-parfait/,2015-07-29T10:01:12
https://www.wp.mygingergarlickitchen.com/video-weekly-recipe-round-up-week-31/,2015-08-03T08:36:53
https://www.wp.mygingergarlickitchen.com/cherry-berry-iced-tea-with-lemon-mint-ginger-and-honey/,2015-08-03T10:19:41
https://www.wp.mygingergarlickitchen.com/spiced-rice-lentils-with-grilled-pineapple-and-cucumber-honey-lemon-yogurt/,2015-08-05T10:08:53
https://www.wp.mygingergarlickitchen.com/creamy-fruit-and-nut-couscous-paneer-pudding-with-chocolate/,2015-08-06T18:05:00
https://www.wp.mygingergarlickitchen.com/video-weekly-recipe-round-up-week-32/,2015-08-10T08:00:54
https://www.wp.mygingergarlickitchen.com/roasted-zucchini-garlic-with-spiced-split-bengal-gram/,2015-08-10T10:21:37
https://www.wp.mygingergarlickitchen.com/creamy-chocolate-vermicelli-pudding/,2015-08-14T08:50:49
https://www.wp.mygingergarlickitchen.com/video-weekly-recipe-round-up-week-33/,2015-08-17T08:02:05
https://www.wp.mygingergarlickitchen.com/super-moist-mini-chocolate-beet-cake-muffins/,2015-08-21T07:54:29
https://www.wp.mygingergarlickitchen.com/video-weekly-recipe-round-up-week-34/,2015-08-24T08:07:10
https://www.wp.mygingergarlickitchen.com/grilled-cheese-spiced-potato-whole-grain-sandwich-with-cheese-dip/,2015-08-24T10:11:44
https://www.wp.mygingergarlickitchen.com/garlicky-spinach-mango-tomato-pizza-with-hot-pepper-sauce-and-flakes/,2015-08-26T06:50:59
https://www.wp.mygingergarlickitchen.com/spiced-fenugreek-beet-baked-mathri/,2015-08-28T08:06:59
https://www.wp.mygingergarlickitchen.com/video-weekly-recipe-round-up-week-35/,2015-08-31T06:34:25
https://www.wp.mygingergarlickitchen.com/potato-paneer-stuffed-roasted-red-cabbage-cones-with-sriracha-sauce/,2015-09-02T08:05:56
https://www.wp.mygingergarlickitchen.com/video-weekly-recipe-roundup-week-36/,2015-09-07T08:05:27
https://www.wp.mygingergarlickitchen.com/caramelized-peach-pesto-tart-with-blueberries-and-pistachio/,2015-09-07T09:57:51
https://www.wp.mygingergarlickitchen.com/whole-wheat-peach-mushroom-pizza-with-feta-and-fresh-basil/,2015-09-08T18:15:26
https://www.wp.mygingergarlickitchen.com/black-eyed-bean-zucchini-peach-curry/,2015-09-11T06:01:33
https://www.wp.mygingergarlickitchen.com/video-weekly-recipe-roundup-week-37/,2015-09-14T07:30:12
https://www.wp.mygingergarlickitchen.com/rose-flavored-vermicelli-pudding/,2015-09-15T14:31:12
https://www.wp.mygingergarlickitchen.com/toasted-coconut-sesame-rice-krispie-and-multigrain-cheerios-dark-chocolate-bars/,2015-09-16T10:54:28
https://www.wp.mygingergarlickitchen.com/3-bean-thick-dal-makhani/,2015-09-18T12:29:30
https://www.wp.mygingergarlickitchen.com/video-weekly-recipe-roundup-week-38/,2015-09-21T08:04:14
https://www.wp.mygingergarlickitchen.com/chocolate-cream-cheese-cupcakes-topped-with-fresh-blueberries/,2015-09-23T06:57:32
https://www.wp.mygingergarlickitchen.com/apple-cinnamon-brownie-with-caramel-drizzle/,2015-09-25T07:39:56
https://www.wp.mygingergarlickitchen.com/video-weekly-recipe-roundup-week-39/,2015-09-28T06:14:36
https://www.wp.mygingergarlickitchen.com/apple-rose-mini-tartlets/,2015-09-30T09:38:54
https://www.wp.mygingergarlickitchen.com/chickpea-zucchini-mushroom-pizza-with-pickled-peppers-and-olives/,2015-10-02T12:28:10
https://www.wp.mygingergarlickitchen.com/video-weekly-recipe-roundup-week-40/,2015-10-05T11:46:56
https://www.wp.mygingergarlickitchen.com/pumpkin-cinnamon-rolls-video/,2015-10-06T07:42:49
https://www.wp.mygingergarlickitchen.com/whole-black-gram-sprouts-with-oven-toasted-garlic-baguette/,2015-10-08T06:51:48
https://www.wp.mygingergarlickitchen.com/video-weekly-recipe-roundup-week-41/,2015-10-12T10:46:31
https://www.wp.mygingergarlickitchen.com/spiced-pumpkin-pie-video/,2015-10-12T12:15:11
https://www.wp.mygingergarlickitchen.com/spiced-chai-pumpkin-smoothie-with-video/,2015-10-19T10:23:08
https://www.wp.mygingergarlickitchen.com/no-bake-peach-gingerbread-cheesecake-parfait/,2015-10-21T09:53:37
https://www.wp.mygingergarlickitchen.com/exotic-pumpkin-tofu-halwa-recipe/,2015-10-21T11:28:27
https://www.wp.mygingergarlickitchen.com/red-cabbage-zucchini-chana-dal/,2015-10-23T08:26:50
https://www.wp.mygingergarlickitchen.com/jaipuri-mishri-mawa-with-chocolate-and-vanilla-cream-with-video/,2015-11-02T12:31:28
https://www.wp.mygingergarlickitchen.com/chocolate-coconut-delights-video-recipe/,2015-11-04T13:17:12
https://www.wp.mygingergarlickitchen.com/almond-rose-rabri-dash-saffron/,2015-11-07T12:08:07
https://www.wp.mygingergarlickitchen.com/lehsuni-sev-garlicky-gram-flour-noodles-video-recipe/,2015-11-09T13:24:42
https://www.wp.mygingergarlickitchen.com/pumpkin-rind-stir-fry-kaddu-ke-chilke-is-sabji-video-recipe/,2015-11-13T11:37:31
https://www.wp.mygingergarlickitchen.com/no-bake-almond-flowers-video-recipe/,2015-11-16T15:03:54
https://www.wp.mygingergarlickitchen.com/persimmon-chocolate-bundt-cake-with-video/,2015-11-23T12:58:38
https://www.wp.mygingergarlickitchen.com/pull-apart-garlic-parsley-bread-with-video/,2015-11-27T08:54:05
https://www.wp.mygingergarlickitchen.com/salty-sweet-whole-wheat-onion-crackers-video-recipe/,2015-12-02T11:48:25
https://www.wp.mygingergarlickitchen.com/mushroom-kale-stuffed-paratha-video-recipe/,2015-12-04T10:12:17
https://www.wp.mygingergarlickitchen.com/banana-berry-choco-coffee-smoothie-video-recipe/,2015-12-07T11:35:22
https://www.wp.mygingergarlickitchen.com/25-chocolate-recipes-to-try-this-christmas/,2015-12-09T07:21:43
https://www.wp.mygingergarlickitchen.com/mix-vegetable-pakora-video-recipe/,2016-01-21T15:04:48
https://www.wp.mygingergarlickitchen.com/caramelized-banana-with-nuts-and-mango-yogurt-video-recipe/,2016-01-27T10:32:24
https://www.wp.mygingergarlickitchen.com/snickers-mini-chocolate-tarts/,2016-02-01T16:38:12
https://www.wp.mygingergarlickitchen.com/chocoalte-souffle-video/,2016-02-12T15:30:06
https://www.wp.mygingergarlickitchen.com/peppery-hot-broccoli-cheese-dip/,2016-02-15T18:44:06
https://www.wp.mygingergarlickitchen.com/rajasthani-khoba-roti-video/,2016-02-19T17:25:45
https://www.wp.mygingergarlickitchen.com/no-bake-mini-strawberry-nutella-cheesecake-video/,2016-02-23T12:19:32
https://www.wp.mygingergarlickitchen.com/roti-jala-net-lacy-pancakes-video/,2016-02-29T13:18:17
https://www.wp.mygingergarlickitchen.com/coconut-milk-peanut-butter-truffles-video/,2016-03-10T15:09:35
https://www.wp.mygingergarlickitchen.com/samosa-french-loaf-with-coriander-chutney-video/,2016-03-21T12:44:20
https://www.wp.mygingergarlickitchen.com/banana-nutella-stuffed-cardamom-maple-toast-video/,2016-03-28T13:23:11
https://www.wp.mygingergarlickitchen.com/cheesy-garlic-pizza-sticks-figs-mayo-dip-video/,2016-03-31T11:40:13
https://www.wp.mygingergarlickitchen.com/one-pan-thai-yellow-curry-mac-video/,2016-04-07T10:42:26
https://www.wp.mygingergarlickitchen.com/strawberry-white-hot-chocolate-video/,2016-04-11T11:15:20
https://www.wp.mygingergarlickitchen.com/4-ingredients-strawberry-cake-shake-video/,2016-04-28T12:16:10
https://www.wp.mygingergarlickitchen.com/corn-cream-cheese-flatbread-with-orange-vinaigrette-video/,2016-05-10T16:17:03
https://www.wp.mygingergarlickitchen.com/mooli-paratha-strawberry-grapes-chutney-video/,2016-05-12T14:08:28
https://www.wp.mygingergarlickitchen.com/couscous-with-sauteed-mushrooms-kidney-beans-video/,2016-05-16T13:58:50
https://www.wp.mygingergarlickitchen.com/braided-strawberry-cream-cheese-pastry-video/,2016-05-19T12:01:06
https://www.wp.mygingergarlickitchen.com/tortilla-poha-kiwi-peanut-salsa-video/,2016-05-23T12:42:41
https://www.wp.mygingergarlickitchen.com/strawberry-kiwi-sparkling-cooler-video/,2016-05-27T12:32:58
https://www.wp.mygingergarlickitchen.com/vanilla-iced-mocha-coffee-ice-cubes-video/,2016-06-01T13:57:03
https://www.wp.mygingergarlickitchen.com/mint-coriander-tandoori-roti-video-recipe/,2016-06-03T14:45:53
https://www.wp.mygingergarlickitchen.com/szechuan-spiced-carrot-fettuccine-video-recipe/,2016-06-06T11:23:59
https://www.wp.mygingergarlickitchen.com/zero-oil-mint-chola-cornmeal-tart-video-recipe/,2016-06-11T10:11:32
https://www.wp.mygingergarlickitchen.com/instant-peach-jalebi-topped-with-whipped-cream-and-pistachio/,2016-06-12T08:29:14
https://www.wp.mygingergarlickitchen.com/rice-krispie-cornflakes-bhel-video/,2016-06-13T11:05:30
https://www.wp.mygingergarlickitchen.com/chocolate-almond-milk-with-frothy-coffee-video-recipe/,2016-06-16T15:06:49
https://www.wp.mygingergarlickitchen.com/radish-lentil-idli-fry-with-carrot-ginger-chutney-video-recipe/,2016-06-23T09:51:58
https://www.wp.mygingergarlickitchen.com/honeydew-melon-radish-salad-bowls-video-recipe/,2016-07-04T14:55:14
https://www.wp.mygingergarlickitchen.com/oats-orange-eggless-muffins-3-ways-video-recipe/,2016-07-07T12:10:49
https://www.wp.mygingergarlickitchen.com/classic-and-easy-cherry-lassi-ice-cream-video-recipe/,2016-07-15T11:38:18
https://www.wp.mygingergarlickitchen.com/no-churn-coffee-caramel-chocolate-ice-cream-video-recipe/,2016-07-21T13:55:44
https://www.wp.mygingergarlickitchen.com/banana-pineapple-upside-cake-video-recipe/,2016-07-25T12:03:35
https://www.wp.mygingergarlickitchen.com/caramelized-veggie-tortizza-2-ways-tortilla-pizza-video-recipe/,2016-07-28T14:24:28
https://www.wp.mygingergarlickitchen.com/vegan-honeydew-melon-banana-ice-cream-video-recipe/,2016-08-01T13:36:07
https://www.wp.mygingergarlickitchen.com/distinctive-red-cabbage-omelet-recipe/,2016-08-01T14:51:28
https://www.wp.mygingergarlickitchen.com/cheesecake-shots-4-ways-video-recipe/,2016-08-04T14:46:12
https://www.wp.mygingergarlickitchen.com/rajasthani-mirchi-vada-video-recipe/,2016-08-15T12:22:52
https://www.wp.mygingergarlickitchen.com/oatmeal-peanut-butter-chocolate-cookies-video-recipe/,2016-08-18T14:29:36
https://www.wp.mygingergarlickitchen.com/puff-pastry-apricot-galette-with-almond-topping-video-recipe/,2016-08-29T08:21:53
https://www.wp.mygingergarlickitchen.com/rajma-tofu-paratha-pocket-bites-with-boondi-raita-video-recipe/,2016-09-01T08:46:37
https://www.wp.mygingergarlickitchen.com/potato-stuffed-bread-roll-video-recipe/,2016-09-07T06:59:06
https://www.wp.mygingergarlickitchen.com/no-bake-strawberry-cheesecake-bites-video-recipe/,2016-09-12T14:42:58
https://www.wp.mygingergarlickitchen.com/adult-beer-float-video-recipe/,2016-09-29T14:50:27
https://www.wp.mygingergarlickitchen.com/5-unmissable-food-money-hacks/,2016-10-12T10:51:05
https://www.wp.mygingergarlickitchen.com/instant-bread-rasmalai-video-recipe/,2016-10-17T12:31:57
https://www.wp.mygingergarlickitchen.com/butternut-spaghetti-squash-pineapple-bean-boats-video-recipe/,2016-10-20T15:16:21
https://www.wp.mygingergarlickitchen.com/importance-cakes-special-occasion/,2016-10-26T07:35:30
https://www.wp.mygingergarlickitchen.com/16-flatbread-recipes-you-would-love-to-try/,2016-10-29T09:26:04
https://www.wp.mygingergarlickitchen.com/vegan-thai-green-curry-vegetable-noodles-video-recipe/,2016-11-07T13:07:51
https://www.wp.mygingergarlickitchen.com/no-bake-cream-cheese-lemon-mousse/,2016-11-09T20:11:50
https://www.wp.mygingergarlickitchen.com/broccoli-beet-crispy-fingers-broccoli-beet-croquettes-video-recipe/,2016-11-16T16:14:43
https://www.wp.mygingergarlickitchen.com/eggless-apple-pie-mug-cake-video-recipe/,2016-11-22T15:18:32
https://www.wp.mygingergarlickitchen.com/achaari-dahi-bhindi-with-duppad-roti-pad-wali-roti-video-recipe/,2016-11-24T19:05:28
https://www.wp.mygingergarlickitchen.com/sweet-potato-pumpkin-kebabs-with-video/,2016-12-05T15:02:04
https://www.wp.mygingergarlickitchen.com/10-tips-for-eating-out-on-a-budget-this-holiday-season/,2016-12-16T09:33:01
https://www.wp.mygingergarlickitchen.com/mini-apple-pear-tarte-tatin-video-recipe/,2016-12-16T09:44:00
https://www.wp.mygingergarlickitchen.com/chocolate-cheesecake-video-recipe/,2016-12-21T15:50:25
https://www.wp.mygingergarlickitchen.com/indian-spiced-coffee-microwave-recipe/,2017-01-02T13:50:39
https://www.wp.mygingergarlickitchen.com/peanut-butter-chocolate-banana-sandwich/,2017-01-04T21:30:01
https://www.wp.mygingergarlickitchen.com/9-amazing-egg-slicer-kitchen-hacks/,2017-01-18T15:30:58
https://www.wp.mygingergarlickitchen.com/how-to-peel-garlic-quickly-in-4-easy-ways/,2017-01-29T13:15:44
https://www.wp.mygingergarlickitchen.com/potato-roses-potato-gratins-video-recipe/,2017-02-09T15:34:43
https://www.wp.mygingergarlickitchen.com/aloo-ka-halwa-how-to-make-potato-halwa-video-recipe/,2017-02-16T13:17:28
https://www.wp.mygingergarlickitchen.com/bombay-masala-toast-how-to-make-masala-toast-video-recipe/,2017-02-20T16:35:50
https://www.wp.mygingergarlickitchen.com/bombay-veg-sandwich-video-recipe/,2017-03-02T13:32:39
https://www.wp.mygingergarlickitchen.com/all-you-need-to-know-about-buying-custom-kitchen-knives/,2017-04-01T12:39:27
https://www.wp.mygingergarlickitchen.com/spanish-style-vegetarian-omelette-video/,2017-04-04T14:06:25
https://www.wp.mygingergarlickitchen.com/top-5-benefits-of-juicing/,2017-04-05T08:38:30
https://www.wp.mygingergarlickitchen.com/find-authentic-pizza-in-your-city/,2017-04-21T11:26:24
https://www.wp.mygingergarlickitchen.com/perfect-vegetarian-pizza-video-recipe-how-to-make-pizza-dough-from-scratch/,2017-04-24T16:34:59
https://www.wp.mygingergarlickitchen.com/herbs-and-spices-are-good-for-elderly-people/,2017-05-10T16:29:13
https://www.wp.mygingergarlickitchen.com/rajasthani-besan-ke-cheele-ka-raita-chickpea-pancake-raita/,2017-05-15T15:49:54
https://www.wp.mygingergarlickitchen.com/homemade-sweetened-condensed-milk-video-recipe/,2017-05-24T17:18:53
https://www.wp.mygingergarlickitchen.com/11-incredible-kitchen-hacks-that-are-absolutely-amazing-video/,2017-05-29T08:57:50
https://www.wp.mygingergarlickitchen.com/malai-kofta-dhaba-style-roadside-eatery-style-malai-kofta-curry/,2017-06-04T15:29:42
https://www.wp.mygingergarlickitchen.com/ideas-make-fabulous-budget-friendly-family-meals/,2017-06-04T18:32:03
https://www.wp.mygingergarlickitchen.com/lehsuni-dum-aloo-spicy-garlicky-potatoes-video-recipe/,2017-06-05T14:41:46
https://www.wp.mygingergarlickitchen.com/instant-oats-rava-dhokla-oats-suji-ka-dhokla-video-recipe/,2017-06-08T11:02:40
https://www.wp.mygingergarlickitchen.com/banana-peanut-butter-chocolate-bites-video-recipe/,2017-06-15T15:01:40
https://www.wp.mygingergarlickitchen.com/eggless-chocolate-hazelnut-ice-cream-video-recipe/,2017-06-19T11:51:53
https://www.wp.mygingergarlickitchen.com/3-types-of-soups-you-can-make-with-this-wonderful-grinder/,2017-06-21T14:38:33
https://www.wp.mygingergarlickitchen.com/how-to-make-masala-chaas-spiced-buttermilk-video-recipe/,2017-06-27T12:16:38
https://www.wp.mygingergarlickitchen.com/greek-style-chickpea-feta-salad-with-lemon-garlic-dressing/,2017-06-30T14:01:26
https://www.wp.mygingergarlickitchen.com/how-to-make-detox-heart-beet-juice-video-recipe/,2017-07-03T16:09:31
https://www.wp.mygingergarlickitchen.com/tips-make-perfect-coffee/,2017-07-13T12:35:28
https://www.wp.mygingergarlickitchen.com/homemade-schezwan-sauce-video-recipe/,2017-07-21T14:37:16
https://www.wp.mygingergarlickitchen.com/peach-bruschetta-with-whipped-ricotta-and-zucchini-video-recipe/,2017-07-24T12:13:21
https://www.wp.mygingergarlickitchen.com/baked-samosa-with-chocolate-tamarind-chutney/,2017-07-31T13:44:13
https://www.wp.mygingergarlickitchen.com/are-online-restaurant-reviews-trustworthy/,2017-08-01T10:06:12
https://www.wp.mygingergarlickitchen.com/how-to-make-paneer-bhurji-punjabi-paneer-bhurji-dry-video-recipe/,2017-08-01T14:14:35
https://www.wp.mygingergarlickitchen.com/black-eyed-bean-carrot-biryani-video/,2017-08-05T00:23:48
https://www.wp.mygingergarlickitchen.com/cooking-much-watchout-4-common-kitchen-worktop-problems-solve/,2017-08-14T08:41:36
https://www.wp.mygingergarlickitchen.com/how-to-make-schezwan-fried-rice-veg-schezuan-fried-rice-recipe-video/,2017-08-21T12:04:07
https://www.wp.mygingergarlickitchen.com/ketogenic-sugar-free-chocolate-modak-recipe/,2017-08-24T12:16:49
https://www.wp.mygingergarlickitchen.com/spicy-zucchini-waffles-how-to-make-waffled-besan-chilla-video-recipe/,2017-08-25T14:25:55
https://www.wp.mygingergarlickitchen.com/how-to-make-sponge-rasgulla-video-recipe/,2017-08-26T14:17:59
https://www.wp.mygingergarlickitchen.com/baked-masala-potato-wedges-indian-spiced-crispy-potato-wedges-recipe-video/,2017-09-02T14:12:32
https://www.wp.mygingergarlickitchen.com/chefs-wear-uniform-distinctive/,2017-09-03T08:34:32
https://www.wp.mygingergarlickitchen.com/rc-toys-will-occupy-children-cooking/,2017-09-09T07:43:48
https://www.wp.mygingergarlickitchen.com/peas-coconut-peda/,2017-09-10T13:21:45
https://www.wp.mygingergarlickitchen.com/veggie-pizza-pie-video-recipe/,2017-09-20T08:34:01
https://www.wp.mygingergarlickitchen.com/kesar-elaichi-shrikhand-video-recipe/,2017-09-20T15:51:06
https://www.wp.mygingergarlickitchen.com/apple-hand-pies-video-recipe/,2017-09-26T15:24:32
https://www.wp.mygingergarlickitchen.com/instant-coconut-laddu-heat-recipe/,2017-09-28T16:21:11
https://www.wp.mygingergarlickitchen.com/masala-mathri-2-ways-baked-masala-mathri-recipe-video-spicy-indian-crackers/,2017-10-02T12:44:35
https://www.wp.mygingergarlickitchen.com/kopra-pak-nariyal-ki-burfi-video-recipe/,2017-10-17T15:16:52
https://www.wp.mygingergarlickitchen.com/6-things-consider-making-cup-kona-coffee/,2017-10-24T19:18:57
https://www.wp.mygingergarlickitchen.com/pepper-corn-arugula-pizza-with-sun-dried-tomatoes-and-mayonnaise-pepper-drizzle/,2017-10-25T23:58:53
https://www.wp.mygingergarlickitchen.com/palak-ki-puri-recipe-video-make-palak-poori-spinach-puri/,2017-10-27T10:16:55
https://www.wp.mygingergarlickitchen.com/nepalese-whole-wheat-steamed-veg-momos-recipe-video/,2017-11-02T13:22:27
https://www.wp.mygingergarlickitchen.com/5-indian-restaurants-must-try-london/,2017-11-08T14:29:44
https://www.wp.mygingergarlickitchen.com/kesari-mawa-peda-indian-milk-fudge-instant-khoya-peda-recipe-video/,2017-11-09T13:41:16
https://www.wp.mygingergarlickitchen.com/veg-schezwan-noodles-recipe-video-how-to-make-easy-veg-schezwan-noodles/,2017-11-23T10:40:48
https://www.wp.mygingergarlickitchen.com/some-essential-spices-for-indian-cooking/,2017-12-14T08:59:26
https://www.wp.mygingergarlickitchen.com/avoid-messy-disasters-keep-clean-kitchen/,2017-12-31T08:27:49
https://www.wp.mygingergarlickitchen.com/masaledar-jau-ki-papdi-spicy-barley-crackers-video-recipe/,2017-12-31T10:23:40
https://www.wp.mygingergarlickitchen.com/creamy-sweet-potato-carrot-soup-video-recipe/,2018-01-01T13:09:04
https://www.wp.mygingergarlickitchen.com/jeera-aloo-quesadilla-video-recipe/,2018-01-05T06:21:17
https://www.wp.mygingergarlickitchen.com/indian-paneer-stuffed-naan-video-recipe/,2018-01-06T14:54:07
https://www.wp.mygingergarlickitchen.com/10-kitchen-hacks-to-slice-and-cut-without-a-knife/,2018-01-10T20:45:24
https://www.wp.mygingergarlickitchen.com/beetroot-pachadi-kerala-style/,2018-01-11T14:16:46
https://www.wp.mygingergarlickitchen.com/rajasthani-mawa-malpua-video/,2018-01-21T13:37:59
https://www.wp.mygingergarlickitchen.com/instant-coconut-ladoo-recipe-3-ways-rose-coconut-ladoo-saffron-coconut-ladoo-cardamom-coconut-ladoo/,2018-01-23T13:44:12
https://www.wp.mygingergarlickitchen.com/avocado-tomato-cucumber-salad-kiwi-dressing-video-recipe/,2018-01-29T14:18:02
https://www.wp.mygingergarlickitchen.com/exploring-many-health-benefits-garlic/,2018-02-01T15:44:26
https://www.wp.mygingergarlickitchen.com/how-to-make-thai-pineapple-fried-rice-vegan-recipe/,2018-02-02T13:18:44
https://www.wp.mygingergarlickitchen.com/cardamom-scented-moong-dal-tadka-tempered-yellow-lentils-soup/,2018-02-03T23:36:26
https://www.wp.mygingergarlickitchen.com/khaman-dhokla-recipe-how-to-make-instant-soft-and-spongy-dhokla-video-recipe/,2018-02-06T13:23:37
https://www.wp.mygingergarlickitchen.com/quick-healthy-spiced-brown-rice-corn-recipe/,2018-02-07T14:43:19
https://www.wp.mygingergarlickitchen.com/gulkand-shrikhand-recipe-video-how-to-make-rose-srikhand/,2018-02-09T09:50:51
https://www.wp.mygingergarlickitchen.com/potato-peas-stir-fry-aloo-matar-dry-vegetarian-recipe/,2018-02-09T15:09:00
https://www.wp.mygingergarlickitchen.com/classic-spicy-cauliflower-pakora-cauliflower-fritters-recipe/,2018-02-11T12:07:43
https://www.wp.mygingergarlickitchen.com/jaipuri-pyaaz-ki-kachori-onion-filled-spicy-snack/,2018-02-11T14:38:03
https://www.wp.mygingergarlickitchen.com/rose-masala-chai-how-to-make-rose-tea-video-recipe/,2018-02-13T16:25:10
https://www.wp.mygingergarlickitchen.com/how-to-make-dal-bafla-bafla-bati-in-oven-and-pan-video-recipe/,2018-02-15T15:54:44
https://www.wp.mygingergarlickitchen.com/5-ingredient-pumpkin-fritters-pumpkin-gulgula/,2018-02-18T08:04:38
https://www.wp.mygingergarlickitchen.com/roasted-beet-falafel-green-tahini-dip-video/,2018-02-19T14:25:14
https://www.wp.mygingergarlickitchen.com/cooking-tips-keep-peas-green-boiling/,2018-02-21T17:58:02
https://www.wp.mygingergarlickitchen.com/gulkand-lassi-recipe-make-rose-lassi/,2018-02-23T17:41:10
https://www.wp.mygingergarlickitchen.com/rajasthani-govind-gatta-curry-recipe/,2018-02-24T11:00:13
https://www.wp.mygingergarlickitchen.com/rasmalai-video-recipe-how-to-make-soft-rasmalai-at-home/,2018-02-25T05:07:18
https://www.wp.mygingergarlickitchen.com/potato-stuffed-bread-pakora-recipestory/,2018-02-25T09:06:46
https://www.wp.mygingergarlickitchen.com/how-to-make-paneer-at-home-homemade-paneer/,2018-02-25T15:53:11
https://www.wp.mygingergarlickitchen.com/gulkand-dessert-paratha-recipe-gulkand-raita-recipe/,2018-02-27T13:56:58
https://www.wp.mygingergarlickitchen.com/palak-paneer-recipe-video/,2018-02-27T15:07:49
https://www.wp.mygingergarlickitchen.com/best-holi-recipes/,2018-02-28T13:58:03
https://www.wp.mygingergarlickitchen.com/vegan-chocolate-mousse-with-aquafaba-video-recipe/,2018-03-01T15:27:15
https://www.wp.mygingergarlickitchen.com/gujrati-khaman-dhokla-in-2-styles/,2018-03-02T06:56:28
https://www.wp.mygingergarlickitchen.com/bhindi-tofu-masala-okra-tofu-stir-fry/,2018-03-02T12:44:08
https://www.wp.mygingergarlickitchen.com/how-to-make-no-churn-3-ingredient-rose-ice-cream-video-recipe/,2018-03-02T14:55:11
https://www.wp.mygingergarlickitchen.com/kesari-rice-kheer-saffron-rose-flavoured-rice-pudding/,2018-03-03T07:07:02
https://www.wp.mygingergarlickitchen.com/rajasthani-gulab-churma-rose-choorma-recipe-video/,2018-03-03T14:03:17
https://www.wp.mygingergarlickitchen.com/oliya-fruity-rice-yogurt-pudding/,2018-03-04T00:29:25
https://www.wp.mygingergarlickitchen.com/irresistible-potato-red-cabbage-tikki-recipe/,2018-03-04T13:35:08
https://www.wp.mygingergarlickitchen.com/garlic-tandoori-roti-recipe/,2018-03-05T15:45:17
https://www.wp.mygingergarlickitchen.com/rajasthani-tomato-mustard-garlic-chutney/,2018-03-06T14:59:50
https://www.wp.mygingergarlickitchen.com/spiced-kesar-chai-spiced-saffron-tea-video/,2018-03-09T13:20:05
https://www.wp.mygingergarlickitchen.com/sev-stuffed-paratha-recipe-how-to-make-bhujia-paratha/,2018-03-12T14:04:24
https://www.wp.mygingergarlickitchen.com/punjabi-aloo-paratha-recipe-aloo-ka-paratha/,2018-03-16T14:37:26
https://www.wp.mygingergarlickitchen.com/dal-chawal-paratha-rice-lentils-flatbread/,2018-03-17T14:16:34
https://www.wp.mygingergarlickitchen.com/homemade-ginger-garlic-paste-how-to-make-ginger-garlic-paste-video-recipe/,2018-03-17T16:21:56
https://www.wp.mygingergarlickitchen.com/gut-friendly-delicious-indian-kanji-for-your-tummy/,2018-03-19T04:36:58
https://www.wp.mygingergarlickitchen.com/halwa-chana-poori-ashtami-prashad-video-recipe/,2018-03-19T05:53:25
https://www.wp.mygingergarlickitchen.com/vegetable-tahiri-recipe-one-pot-veg-tehri/,2018-03-23T10:14:36
https://www.wp.mygingergarlickitchen.com/aloo-palak-paratha-potato-stuffed-spinach-flatbread/,2018-03-25T14:47:28
https://www.wp.mygingergarlickitchen.com/things-to-consider-for-the-right-cold-brew/,2018-03-30T09:09:29
https://www.wp.mygingergarlickitchen.com/fruit-cream-rice-kheer-recipe-indian-pudding-kheer-dessert/,2018-03-30T11:47:37
https://www.wp.mygingergarlickitchen.com/chocolate-lassi-egg-cups-for-easter/,2018-03-30T11:51:51
https://www.wp.mygingergarlickitchen.com/carrot-cake-cupcakes-with-lemon-ricotta-frosting-video-recipe/,2018-03-30T15:43:49
https://www.wp.mygingergarlickitchen.com/rye-irish-soda-bread-video-recipe/,2018-03-31T10:09:44
https://www.wp.mygingergarlickitchen.com/vermicelli-birds-nest-video/,2018-03-31T13:40:16
https://www.wp.mygingergarlickitchen.com/examples-of-regional-dishes-in-south-france/,2018-04-02T14:17:18
https://www.wp.mygingergarlickitchen.com/rajasthani-besan-ke-cheele-ki-sabzi-chickpea-pancake-curry-video-recipe/,2018-04-02T15:42:26
https://www.wp.mygingergarlickitchen.com/how-to-make-south-indian-style-peanut-garlic-chutney-video-recipe/,2018-04-05T15:22:10
https://www.wp.mygingergarlickitchen.com/restaurant-style-indian-garlic-naan-3-ways-video-recipe/,2018-04-06T07:16:54
https://www.wp.mygingergarlickitchen.com/goan-sanna-mangalorean-idlis-goan-steamed-rice-cake-video-recipe/,2018-04-08T03:07:23
https://www.wp.mygingergarlickitchen.com/ideas-on-what-to-give-your-mum-this-mothers-day/,2018-04-08T12:42:55
https://www.wp.mygingergarlickitchen.com/professional-chefs-favourite-cookware/,2018-04-09T17:51:06
https://www.wp.mygingergarlickitchen.com/mughlai-navratan-korma-white-gravy-navratan-kurma-recipe-video/,2018-04-09T17:56:44
https://www.wp.mygingergarlickitchen.com/indian-spiced-dal-chawal-arancini-paired-with-pickled-mayonnaise-split-bengal-gram-salad-and-raspeberry-sauce-baked-version/,2018-04-10T07:10:41
https://www.wp.mygingergarlickitchen.com/atta-biscuits-whole-wheat-indian-cookies-video-recipe/,2018-04-10T12:42:09
https://www.wp.mygingergarlickitchen.com/restaurant-style-matar-paneer-curry-recipe-video/,2018-04-10T13:20:52
https://www.wp.mygingergarlickitchen.com/easy-cooking-blog-writing-tips/,2018-04-12T16:49:15
https://www.wp.mygingergarlickitchen.com/palak-patta-chaat-recipe-spinach-leaf-fritters/,2018-04-12T17:14:39
https://www.wp.mygingergarlickitchen.com/super-spicy-veggie-pasta-recipe/,2018-04-13T15:25:02
https://www.wp.mygingergarlickitchen.com/small-batch-of-fudgy-carrot-brownies/,2018-04-13T15:56:20
https://www.wp.mygingergarlickitchen.com/how-to-make-dahi-ke-kabab-yogurt-kebab-dahi-kebab-video-recipe/,2018-04-15T12:31:36
https://www.wp.mygingergarlickitchen.com/eggless-gulkand-mug-cake-rose-mug-cake-recipe-video/,2018-04-16T15:03:05
https://www.wp.mygingergarlickitchen.com/unique-restaurants-in-las-vegas/,2018-04-17T05:20:00
https://www.wp.mygingergarlickitchen.com/how-to-get-deals-in-food-delivery/,2018-04-17T08:19:38
https://www.wp.mygingergarlickitchen.com/how-to-make-puri-bhaji-poori-bhaji-recipe-video-batata-bhaji-poori-recipe/,2018-04-17T09:46:13
https://www.wp.mygingergarlickitchen.com/peel-a-hard-boiled-egg-in-less-than-10-seconds-life-hack/,2018-04-17T14:42:58
https://www.wp.mygingergarlickitchen.com/top-five-foods-for-sous-vide-cooking/,2018-04-18T17:28:37
https://www.wp.mygingergarlickitchen.com/green-tea-watermelon-detox-smoothie/,2018-04-20T08:22:50
https://www.wp.mygingergarlickitchen.com/beet-lemonade/,2018-04-22T10:19:21
https://www.wp.mygingergarlickitchen.com/non-alcoholic-ginger-mimosa-a-perfect-summer-mocktail/,2018-04-23T11:28:21
https://www.wp.mygingergarlickitchen.com/dark-rum-strawberry-mango-mojito-video/,2018-04-23T18:43:27
https://www.wp.mygingergarlickitchen.com/crispy-aloo-palak-pakora-recipe-spinach-potato-fritters/,2018-04-24T14:53:39
https://www.wp.mygingergarlickitchen.com/watermelon-onion-yogurt-chip-dip/,2018-04-29T11:03:46
https://www.wp.mygingergarlickitchen.com/watermelon-orange-salsa-summer-bites/,2018-04-30T07:35:20
https://www.wp.mygingergarlickitchen.com/importance-of-pure-water/,2018-05-02T15:11:03
https://www.wp.mygingergarlickitchen.com/vegetarian-recipe-rajma-tikki-kidney-beans-cutlets/,2018-05-03T13:12:05
https://www.wp.mygingergarlickitchen.com/creamy-tofu-bell-pepper-curry-recipe/,2018-05-04T11:28:26
https://www.wp.mygingergarlickitchen.com/no-bake-oats-and-chia-energy-balls-video-recipe/,2018-05-04T11:48:32
https://www.wp.mygingergarlickitchen.com/juicy-watermelon-pizza-bites-video/,2018-05-08T11:01:45
https://www.wp.mygingergarlickitchen.com/indian-butterscotch-ice-cream-recipe-video/,2018-05-10T15:03:58
https://www.wp.mygingergarlickitchen.com/banana-strawberry-bread-pudding-video/,2018-05-11T13:05:59
https://www.wp.mygingergarlickitchen.com/exotic-aloo-paratha-recipe/,2018-05-11T15:56:13
https://www.wp.mygingergarlickitchen.com/tropical-brushetta-with-berry-yogurt-cheese/,2018-05-12T08:44:52
https://www.wp.mygingergarlickitchen.com/4-things-to-do-before-buying-kitchen-appliances/,2018-05-17T08:37:44
https://www.wp.mygingergarlickitchen.com/tantalizing-cauliflower-korma-curry-recipe-2/,2018-05-17T10:30:22
https://www.wp.mygingergarlickitchen.com/how-to-make-perfect-indian-summer-drink-jal-jeera-video-recipe/,2018-05-18T04:43:45
https://www.wp.mygingergarlickitchen.com/5-anti-cancer-food-stuffs-you-should-be-cooking-with/,2018-05-21T08:30:28
https://www.wp.mygingergarlickitchen.com/eggless-tutti-frutti-cookies-recipe-karachi-biscuit/,2018-05-21T13:54:28
https://www.wp.mygingergarlickitchen.com/orange-lassi-orange-yogurt-smoothie/,2018-05-23T16:26:12
https://www.wp.mygingergarlickitchen.com/effective-ways-to-boost-sales-from-a-restaurant/,2018-05-24T13:15:00
https://www.wp.mygingergarlickitchen.com/vanilla-ice-cream-recipe/,2018-05-24T14:57:44
https://www.wp.mygingergarlickitchen.com/no-churn-peach-blueberry-ice-cream-video-recipe/,2018-05-25T11:33:00
https://www.wp.mygingergarlickitchen.com/how-to-make-pakore-ki-sabzi/,2018-05-29T15:18:53
https://www.wp.mygingergarlickitchen.com/homemade-mango-ice-cream-recipe/,2018-05-31T13:57:22
https://www.wp.mygingergarlickitchen.com/effortless-blueberry-mug-cake-recipe/,2018-06-02T15:58:51
https://www.wp.mygingergarlickitchen.com/roasted-cauliflower-pilaf-watermelon-sauce-video-recipe/,2018-06-03T10:13:04
https://www.wp.mygingergarlickitchen.com/how-does-cooking-with-unfiltered-tap-water-affect-your-food/,2018-06-04T07:57:17
https://www.wp.mygingergarlickitchen.com/banana-coffee-shake/,2018-06-04T16:44:25
https://www.wp.mygingergarlickitchen.com/why-you-need-turmeric-in-your-kitchen/,2018-06-07T09:12:07
https://www.wp.mygingergarlickitchen.com/how-to-make-double-pyaaz-ka-besan-besan-ki-sabji-video-recipe/,2018-06-07T14:31:25
https://www.wp.mygingergarlickitchen.com/tangy-spicy-tomato-paratha-tomato-flatbread-recipe/,2018-06-07T15:04:34
https://www.wp.mygingergarlickitchen.com/make-oats-paratha-oats-green-paratha-2-ways-oats-onion-paratha/,2018-06-08T08:49:21
https://www.wp.mygingergarlickitchen.com/beetroot-duppad-beetroot-split-flatbread-recipe/,2018-06-08T14:18:34
https://www.wp.mygingergarlickitchen.com/royal-rajasthani-gatta-pulav-recipestory/,2018-06-09T15:51:18
https://www.wp.mygingergarlickitchen.com/quick-mango-kulfi-recipe/,2018-06-14T16:38:30
https://www.wp.mygingergarlickitchen.com/three-best-restaurants-in-scottsdale-az/,2018-06-20T15:29:27
https://www.wp.mygingergarlickitchen.com/besan-stuffed-lauki-curry-video-recipe/,2018-06-21T12:19:27
https://www.wp.mygingergarlickitchen.com/egg-curry-anda-curry-video-recipe/,2018-06-22T15:10:43
https://www.wp.mygingergarlickitchen.com/cold-coffee-recipe/,2018-06-22T17:05:30
https://www.wp.mygingergarlickitchen.com/top-reasons-why-visiting-kent-is-must-for-foodies-this-summer/,2018-06-23T10:27:34
https://www.wp.mygingergarlickitchen.com/indian-style-triple-egg-fried-rice-easy-egg-fried-rice-video-recipe/,2018-06-23T10:45:58
https://www.wp.mygingergarlickitchen.com/eggless-orange-olive-oil-muffins-recipe-video/,2018-06-26T16:10:20
https://www.wp.mygingergarlickitchen.com/mango-lassi-recipe-video/,2018-06-26T18:50:49
https://www.wp.mygingergarlickitchen.com/curried-potato-cauliflower-topped-naan-pizza/,2018-06-27T10:17:18
https://www.wp.mygingergarlickitchen.com/5-time-saving-cooking-hacks-everyone-should-know/,2018-06-27T10:30:46
https://www.wp.mygingergarlickitchen.com/sooji-toast-3-ways-rava-toast/,2018-06-28T08:46:45
https://www.wp.mygingergarlickitchen.com/dairy-free-avocado-chocolate-mousse-with-pistachio-and-raspberry-toppings/,2018-06-29T06:57:16
https://www.wp.mygingergarlickitchen.com/besan-gatte-ki-sabzi-gatta-curry/,2018-06-30T08:36:51
https://www.wp.mygingergarlickitchen.com/6-simple-rules-to-follow-for-guilt-free-cheat-meals/,2018-07-01T17:56:16
https://www.wp.mygingergarlickitchen.com/yeast-free-instant-whole-wheat-naan/,2018-07-02T12:11:59
https://www.wp.mygingergarlickitchen.com/rajasthani-mirchi-ke-tipore-instant-chili-pickle-recipe/,2018-07-03T13:36:00
https://www.wp.mygingergarlickitchen.com/bharwa-bhindi-recipe-stuffed-okra-masala-recipe-video/,2018-07-05T16:35:39
https://www.wp.mygingergarlickitchen.com/pineapple-raita-recipe-ananas-raita-recipe/,2018-07-09T20:57:27
https://www.wp.mygingergarlickitchen.com/how-to-cook-like-a-pro-with-an-electric-smoker/,2018-07-11T13:43:22
https://www.wp.mygingergarlickitchen.com/thai-iced-tea-recipe/,2018-07-12T21:33:08
https://www.wp.mygingergarlickitchen.com/strawberry-lassi-recipe/,2018-07-16T19:33:14
https://www.wp.mygingergarlickitchen.com/how-to-make-roasted-cumin-powder-bhuna-jeera-powder-video-recipe/,2018-07-19T16:54:42
https://www.wp.mygingergarlickitchen.com/punjabi-baingan-bharta-roasted-eggplant-curry-video-recipe/,2018-07-20T15:41:10
https://www.wp.mygingergarlickitchen.com/how-to-make-aate-ka-halwa-atte-ka-halwa-recipe-video/,2018-07-23T18:17:07
https://www.wp.mygingergarlickitchen.com/summer-melon-dessert-kharbuje-ka-panna-recipe/,2018-07-26T19:13:09
https://www.wp.mygingergarlickitchen.com/indian-masala-chai-recipe/,2018-07-31T11:57:12
https://www.wp.mygingergarlickitchen.com/restaurant-style-shahi-kaju-curry-cashew-curry-video-recipe/,2018-08-02T14:08:36
https://www.wp.mygingergarlickitchen.com/restaurant-style-paneer-pyaza-video-recipe/,2018-08-03T16:44:18
https://www.wp.mygingergarlickitchen.com/best-apron-choices-specifically-for-women/,2018-08-06T09:14:08
https://www.wp.mygingergarlickitchen.com/pani-puri-recipe-gol-gappa-recipe-video/,2018-08-06T19:05:33
https://www.wp.mygingergarlickitchen.com/mango-mastani-recipe/,2018-08-10T15:02:35
https://www.wp.mygingergarlickitchen.com/vegetable-teriyaki-noodles-video/,2018-08-13T18:15:15
https://www.wp.mygingergarlickitchen.com/aloo-poori-recipe-puri-sabji-recipe-video-aloo-ki-rasewali-sabzi-with-puri/,2018-08-14T11:18:12
https://www.wp.mygingergarlickitchen.com/how-to-make-masala-khichdi-recipe/,2018-08-15T15:20:38
https://www.wp.mygingergarlickitchen.com/jaipuri-aloo-pyaaz-ki-sabzi-potato-onion-curry-video-recipe/,2018-08-20T08:08:34
https://www.wp.mygingergarlickitchen.com/how-to-make-ghevar-jaipuri-malai-ghevar-ghewar-video-recipe/,2018-08-21T06:42:03
https://www.wp.mygingergarlickitchen.com/restaurant-style-paneer-butter-masala-paneer-makhani-video-recipe/,2018-08-22T14:42:38
https://www.wp.mygingergarlickitchen.com/indian-cucumber-chutney-sandwich/,2018-08-23T16:14:24
https://www.wp.mygingergarlickitchen.com/exquisite-dining-delicious-food-sensational-surroundings/,2018-08-27T11:49:08
https://www.wp.mygingergarlickitchen.com/grilled-tomato-mozzarella-sandwich-recipe/,2018-08-29T15:00:58
https://www.wp.mygingergarlickitchen.com/blueberry-pie-recipe/,2018-09-04T13:30:13
https://www.wp.mygingergarlickitchen.com/pizza-dough-twists-parsley-and-sesame-video-recipe/,2018-09-11T09:07:20
https://www.wp.mygingergarlickitchen.com/thermal-carafe-vs-glass-carafe-which-coffee-maker-is-better-for-you/,2018-09-11T10:11:40
https://www.wp.mygingergarlickitchen.com/ukadiche-modak-recipe/,2018-09-11T12:41:00
https://www.wp.mygingergarlickitchen.com/khatta-meetha-indori-poha-beaten-rice-fry/,2018-09-13T09:12:18
https://www.wp.mygingergarlickitchen.com/jeera-biscuits-eggless-roasted-cumin-cookies-video-recipe/,2018-09-14T11:48:15
https://www.wp.mygingergarlickitchen.com/restaurant-style-rajma-masala-recipe/,2018-09-18T15:41:58
https://www.wp.mygingergarlickitchen.com/10-genius-space-saving-ideas-for-small-kitchens/,2018-09-22T10:41:05
https://www.wp.mygingergarlickitchen.com/tandoori-paneer-tikka/,2018-09-23T10:52:56
https://www.wp.mygingergarlickitchen.com/russian-candy-treats-other-delicacies/,2018-09-24T13:39:05
https://www.wp.mygingergarlickitchen.com/lapsi-recipe/,2018-09-25T15:19:11
https://www.wp.mygingergarlickitchen.com/best-samosa-recipe/,2018-09-28T15:12:56
https://www.wp.mygingergarlickitchen.com/a-guide-on-choosing-the-perfect-kitchen-tools-for-cooking/,2018-09-29T16:40:51
https://www.wp.mygingergarlickitchen.com/mango-shrikhand-recipe-amarkhand-recipe/,2018-09-30T11:46:17
https://www.wp.mygingergarlickitchen.com/know-seafood-healthy-food/,2018-09-30T15:17:23
https://www.wp.mygingergarlickitchen.com/spinach-kofta-curry-fried-spinach-dumplings-creamy-tomato-sauce-recipe/,2018-10-03T08:58:56
https://www.wp.mygingergarlickitchen.com/strawberry-shrikhand-recipe/,2018-10-03T13:53:16
https://www.wp.mygingergarlickitchen.com/bharwa-shimla-mirch-recipe/,2018-10-05T16:27:40
https://www.wp.mygingergarlickitchen.com/unique-italian-cooking-tech/,2018-10-06T19:26:20
https://www.wp.mygingergarlickitchen.com/exquisite-rajasthani-dal-dhokli-recipe/,2018-10-08T15:13:01
https://www.wp.mygingergarlickitchen.com/restaurant-style-dal-makhani-punjabi-maa-ki-dal-video-recipe/,2018-10-09T01:49:05
https://www.wp.mygingergarlickitchen.com/your-guide-to-throwing-a-spook-tacular-halloween-party/,2018-10-11T08:46:39
https://www.wp.mygingergarlickitchen.com/simple-recipes-for-your-pescatarian-diet/,2018-10-12T09:28:53
https://www.wp.mygingergarlickitchen.com/paneer-tikka-masala-recipe/,2018-10-12T14:50:11
https://www.wp.mygingergarlickitchen.com/tips-for-choosing-the-best-skillet/,2018-10-15T19:28:52
https://www.wp.mygingergarlickitchen.com/kaju-katli-kaju-burfi-how-to-make-kaju-katli-video-recipe/,2018-10-16T06:32:56
https://www.wp.mygingergarlickitchen.com/rajasthani-mohanthal-gujarati-mohanthal-mohan-thal-2-ways-video-recipe/,2018-10-16T11:59:06
https://www.wp.mygingergarlickitchen.com/things-every-restaurant-needs/,2018-10-16T12:13:09
https://www.wp.mygingergarlickitchen.com/bread-gulab-jamun/,2018-10-17T17:12:48
https://www.wp.mygingergarlickitchen.com/kitchen-hacks-for-cooking-the-perfect-pasta/,2018-10-21T19:12:47
https://www.wp.mygingergarlickitchen.com/rice-chakli-recipe/,2018-10-24T09:48:37
https://www.wp.mygingergarlickitchen.com/aloo-tikki-burger-video-recipe/,2018-10-24T12:41:46
https://www.wp.mygingergarlickitchen.com/things-you-can-do-with-your-bread-machine/,2018-10-25T09:17:35
https://www.wp.mygingergarlickitchen.com/pumpkin-muesli-chocolate-bread-video-recipe/,2018-10-26T06:21:13
https://www.wp.mygingergarlickitchen.com/crispy-fried-chana-recipe-crunchy-crispy-chickpeas/,2018-10-26T14:53:21
https://www.wp.mygingergarlickitchen.com/things-to-consider-before-hiring-caterers-for-your-childrens-party/,2018-10-29T11:49:57
https://www.wp.mygingergarlickitchen.com/how-to-make-gajar-ka-halwa-carrot-halwa-video-recipe/,2018-10-29T15:53:11
https://www.wp.mygingergarlickitchen.com/25-easy-and-delicious-diwali-sweet-recipes-you-must-try-this-year/,2018-10-30T11:31:42
https://www.wp.mygingergarlickitchen.com/simple-recipes-for-your-vegan-diet/,2018-10-30T12:22:09
https://www.wp.mygingergarlickitchen.com/chana-dal-namkeen/,2018-10-31T15:34:01
https://www.wp.mygingergarlickitchen.com/moong-dal-namkeen/,2018-11-02T15:44:30
https://www.wp.mygingergarlickitchen.com/diwali-sweets-snacks/,2018-11-03T11:28:17
https://www.wp.mygingergarlickitchen.com/38-diwali-savory-snacks-recipes-you-would-love-to-try/,2018-11-03T15:56:38
https://www.wp.mygingergarlickitchen.com/gift-basket-ideas/,2018-11-08T08:13:27
https://www.wp.mygingergarlickitchen.com/nankhatai-indian-shortbread-cookies-video-recipe/,2018-11-09T07:54:51
https://www.wp.mygingergarlickitchen.com/veg-biryani-recipe-restaurant-style-hyderabadi-veg-dum-biryani-recipe/,2018-11-10T11:24:31
https://www.wp.mygingergarlickitchen.com/sweet-potato-cabbage-hot-dogs-video-recipe/,2018-11-11T07:29:33
https://www.wp.mygingergarlickitchen.com/curried-egg-salad-sandwich-video/,2018-11-11T12:59:40
https://www.wp.mygingergarlickitchen.com/10-cooking-hacks-and-how-tos-of-the-21st-century/,2018-11-12T18:46:58
https://www.wp.mygingergarlickitchen.com/no-bake-zebra-cheese-cake-gluten-free-video-recipe/,2018-11-13T14:43:12
https://www.wp.mygingergarlickitchen.com/butternut-squash-soup-recipe/,2018-11-14T15:48:58
https://www.wp.mygingergarlickitchen.com/chef-uniform-functions-dress-professional-kitchen/,2018-11-19T08:45:42
https://www.wp.mygingergarlickitchen.com/egg-drop-curry-andhra-style-poached-egg-curry-video-recipe/,2018-11-19T15:01:24
https://www.wp.mygingergarlickitchen.com/traditional-rajasthani-sev-tamatar-ki-sabzi-recipe-video/,2018-11-20T11:20:58
https://www.wp.mygingergarlickitchen.com/eggless-chocolate-mousse-cake-recipe/,2018-11-22T17:11:16
https://www.wp.mygingergarlickitchen.com/5-modern-kitchen-gadgets-you-would-love-to-use/,2018-11-23T15:10:21
https://www.wp.mygingergarlickitchen.com/white-christmas-rocky-road-video-recipe/,2018-11-26T11:00:13
https://www.wp.mygingergarlickitchen.com/mushroom-pulao-recipe/,2018-11-27T17:01:01
https://www.wp.mygingergarlickitchen.com/coconut-white-chocolate-truffles-video-recipe/,2018-11-28T12:38:58
https://www.wp.mygingergarlickitchen.com/jaipuri-mawa-kachori-video/,2018-11-29T12:30:35
https://www.wp.mygingergarlickitchen.com/5-efficient-ways-to-maintain-kitchen-hygiene/,2018-11-30T11:11:24
https://www.wp.mygingergarlickitchen.com/italians-restaurant-tips-and-tricks/,2018-11-30T12:47:17
https://www.wp.mygingergarlickitchen.com/chocolate-dipped-whipped-shortbread-cranberry-cookies-video-recipe/,2018-11-30T15:20:52
https://www.wp.mygingergarlickitchen.com/simple-italian-recipes-you-can-do-at-home/,2018-12-03T17:14:51
https://www.wp.mygingergarlickitchen.com/white-sauce-pasta-recipe/,2018-12-04T16:23:21
https://www.wp.mygingergarlickitchen.com/amazing-ideas-to-make-a-dream-kitchen/,2018-12-08T08:27:41
https://www.wp.mygingergarlickitchen.com/eggless-triple-chocolate-cookies-video-recipe/,2018-12-08T08:52:22
https://www.wp.mygingergarlickitchen.com/roasted-beet-potato-holiday-salad-video-recipe/,2018-12-10T13:10:20
https://www.wp.mygingergarlickitchen.com/gingerbread-biscotti-with-white-chocolate-drizzle-video-recipe/,2018-12-11T08:24:36
https://www.wp.mygingergarlickitchen.com/holiday-fruit-and-nut-ice-cream-video-recipe/,2018-12-12T08:07:22
https://www.wp.mygingergarlickitchen.com/how-to-use-a-french-press-step-by-step-instructions/,2018-12-13T15:05:44
https://www.wp.mygingergarlickitchen.com/mulled-wine-recipe/,2018-12-13T16:42:08
https://www.wp.mygingergarlickitchen.com/3-ingredients-no-bake-gingerbread-truffles-video-recipe/,2018-12-18T11:26:48
https://www.wp.mygingergarlickitchen.com/best-homemade-ice-cream-recipes/,2018-12-18T14:08:07
https://www.wp.mygingergarlickitchen.com/instant-pot-gajar-halwa/,2018-12-21T15:34:24
https://www.wp.mygingergarlickitchen.com/red-velvet-crinkle-cookies-video-recipe/,2018-12-22T12:50:08
https://www.wp.mygingergarlickitchen.com/eggless-banana-peanut-butter-chocolate-brownies-video-recipe/,2018-12-26T07:13:00
https://www.wp.mygingergarlickitchen.com/peach-chocolate-eggless-brownies-video-recipe/,2018-12-27T10:18:30
https://www.wp.mygingergarlickitchen.com/how-to-choose-a-coffee-subscription-service/,2018-12-27T13:38:48
https://www.wp.mygingergarlickitchen.com/how-to-make-strawberry-panna-cotta-video-recipe/,2018-12-31T08:38:35
https://www.wp.mygingergarlickitchen.com/roasted-beet-kebab-with-beet-dip-video/,2019-01-01T01:15:37
https://www.wp.mygingergarlickitchen.com/how-to-make-soft-roti-phulka-recipe-chapati-video-recipe/,2019-01-01T11:56:50
https://www.wp.mygingergarlickitchen.com/vada-pav-recipe/,2019-01-02T05:03:37
https://www.wp.mygingergarlickitchen.com/best-gulab-jamun-recipe-dessert-sweets-video-recipe/,2019-01-02T07:18:24
https://www.wp.mygingergarlickitchen.com/5-bean-curry-recipe/,2019-01-02T15:09:36
https://www.wp.mygingergarlickitchen.com/rajasthani-moong-dal-halwa/,2019-01-02T18:05:05
https://www.wp.mygingergarlickitchen.com/pav-bhaji-recipe/,2019-01-03T19:30:16
https://www.wp.mygingergarlickitchen.com/creamy-carrot-beet-tomato-soup/,2019-01-06T12:36:28
https://www.wp.mygingergarlickitchen.com/4-ingredient-cheesy-garlicky-pesto-puff-pastry-swirls/,2019-01-07T07:19:56
https://www.wp.mygingergarlickitchen.com/cabbage-peas-stuffed-paratha-patta-gobi-ka-paratha/,2019-01-08T13:42:24
https://www.wp.mygingergarlickitchen.com/green-coriander-chutney-3-ways-hare-dhaniye-ki-chutney-hari-chatni/,2019-01-09T11:57:25
https://www.wp.mygingergarlickitchen.com/instant-pot-butter-paneer/,2019-01-10T16:50:11
https://www.wp.mygingergarlickitchen.com/mascarpone-cream-cheese-chocolate-mousse-cups/,2019-01-11T00:36:22
https://www.wp.mygingergarlickitchen.com/afghan-naan-bread-video/,2019-01-12T08:19:38
https://www.wp.mygingergarlickitchen.com/kala-chana-sprouts-chaat-black-chickpeas-chaat-video-recipe/,2019-01-13T14:00:53
https://www.wp.mygingergarlickitchen.com/chocolate-twisted-sankranti-laddo-no-bake/,2019-01-14T07:54:07
https://www.wp.mygingergarlickitchen.com/shahi-kadai-mushroom-video-recipe/,2019-01-15T14:36:45
https://www.wp.mygingergarlickitchen.com/haldi-ki-sabji-fresh-turmeric-root-curry-video-recipe/,2019-01-16T09:13:50
https://www.wp.mygingergarlickitchen.com/lemon-rice-recipe/,2019-01-17T14:25:27
https://www.wp.mygingergarlickitchen.com/paush-vada/,2019-01-17T18:31:51
https://www.wp.mygingergarlickitchen.com/healthy-diet-can-help-children-learn/,2019-01-20T03:06:23
https://www.wp.mygingergarlickitchen.com/amritsari-chole/,2019-01-20T05:10:50
https://www.wp.mygingergarlickitchen.com/paush-khichda-sweet-dal-khichdi/,2019-01-20T13:10:18
https://www.wp.mygingergarlickitchen.com/how-to-make-easy-restaurant-style-egg-dum-biryani-recipe/,2019-01-21T15:06:21
https://www.wp.mygingergarlickitchen.com/restaurant-style-tadka-dal-recipe-how-to-make-dal-tadka/,2019-01-22T14:18:15
https://www.wp.mygingergarlickitchen.com/punjabi-chole-bhature-chana-bhatura/,2019-01-23T07:18:21
https://www.wp.mygingergarlickitchen.com/aloo-gobi-dhaba-style-punjabi-dry-aloo-gobi-sabji-video-recipe-potato-cauliflower/,2019-01-24T13:56:53
https://www.wp.mygingergarlickitchen.com/rajasthani-lehsun-ki-chutney-2-ways-garlic-chutney-video-recipe/,2019-01-25T16:02:43
https://www.wp.mygingergarlickitchen.com/steamed-besan-gatte-ki-sabzi-recipe-video-rajasthani-adhar-bele-ki-sabji/,2019-01-27T12:23:29
https://www.wp.mygingergarlickitchen.com/aloo-poha-recipe/,2019-01-27T14:05:57
https://www.wp.mygingergarlickitchen.com/how-to-make-lachha-paratha-3-ways/,2019-01-28T15:52:16
https://www.wp.mygingergarlickitchen.com/steamed-veg-momos-spicy-chili-chutney-vegetable-momos-recipe-video/,2019-01-29T17:50:50
https://www.wp.mygingergarlickitchen.com/dal-baati-churma/,2019-01-30T06:39:25
https://www.wp.mygingergarlickitchen.com/peanut-chikki/,2019-01-31T08:43:39
https://www.wp.mygingergarlickitchen.com/kashmiri-pink-chai-noon-chai-video-recipe/,2019-01-31T17:13:32
https://www.wp.mygingergarlickitchen.com/eggless-ladi-pav-dinner-rolls-recipe-video/,2019-02-01T11:59:36
https://www.wp.mygingergarlickitchen.com/achaari-aloo-gobi/,2019-02-02T06:25:44
https://www.wp.mygingergarlickitchen.com/valentines-day-breakfast-ideas-video-tutorial/,2019-02-04T07:17:50
https://www.wp.mygingergarlickitchen.com/five-food-presentation-hacks-to-impress-your-guests/,2019-02-04T08:01:46
https://www.wp.mygingergarlickitchen.com/eleventh-hour-chocolate-spoons-valentines-day/,2019-02-04T15:28:25
https://www.wp.mygingergarlickitchen.com/mini-berry-pavlova-valentines-day/,2019-02-05T12:31:03
https://www.wp.mygingergarlickitchen.com/romantic-choco-berry-valentine-smoothie/,2019-02-07T15:18:44
https://www.wp.mygingergarlickitchen.com/5-accessories-every-cook-needs-for-their-kitchen/,2019-02-08T07:14:13
https://www.wp.mygingergarlickitchen.com/raspberry-creme-fraiche-cookies-puffs-video/,2019-02-08T08:08:55
https://www.wp.mygingergarlickitchen.com/gulkand-pista-kulfi-rose-pistachio-kulfi-recipe/,2019-02-11T15:39:18
https://www.wp.mygingergarlickitchen.com/27-must-try-valentines-day-dessert-ideas/,2019-02-12T05:04:13