Page,NEW_TITLE,NEW_META_DESCRIPTION
https://www.mygingergarlickitchen.com/vada-pav-recipe/,Vada Pav Recipe - How To Make Mumbai Vada Pav,"Learn to make Vada Pav Recipe | How To Make Mumbai Vada Pav recipe with step-by-step video instructions. Vada Pao, Wada Pav, or Wada Pao is a budget-friendly and gratifying Indian Style Burger which hails from the streets of Mumbai."
https://www.mygingergarlickitchen.com/restaurant-style-tadka-dal-recipe-how-to-make-dal-tadka/,Restaurant Style Dal Tadka Recipe,Restaurant Style Tadka Dal Recipe | How To Make Dal Tadka ( दाल तड़का) with step by step video tutorial. Dal tadka or Tadka Dal is one of the most basic yet one of the most popular dal recipes served in any Indian Restaurant.
https://www.mygingergarlickitchen.com/egg-curry-anda-curry-video-recipe/,Egg Curry - Dhaba Style Anda Curry,"Egg Curry aka Anda Curry is the most alluring way of presenting eggs. Eggs are first boiled, then peeled. And then simmered in onion tomato-based deliciously spiced sauce which is mildly hot. And plus, this is ready under 30 minutes."
https://www.mygingergarlickitchen.com/how-to-make-soft-roti-phulka-recipe-chapati-video-recipe/,Roti Recipe - Easy Indian Flatbread ,"Learn Roti Recipe | Phulka Recipe | How to make Soft Rotis or Chapati. Roti is a simple and traditioanl round Indian flatbread aka roti, chapati or phulka."
https://www.mygingergarlickitchen.com/steamed-veg-momos-spicy-chili-chutney-vegetable-momos-recipe-video/,Steamed Vegetable Momos With Spicy Chili Chutney - Dim Sum,"Learn how to make Indulgent Steamed Veg Momos With Spicy Chili Chutney | Vegetable Dim Sum Recipe Recipe with step-by-step video instructions. Recipe for Tibetan steamed veg momos aka dim sum with the spicy and sweet chili tomato sauce. Momos are also known as dim sum, wontons."
https://www.mygingergarlickitchen.com/aloo-poori-recipe-puri-sabji-recipe-video-aloo-ki-rasewali-sabzi-with-puri/,Aloo Poori Recipe - Puri Sabji - Aloo Ki Rasewali Sabzi,"tLearn to make Aloo Poori Recipe | Puri Sabji Recipe Video | Aloo Ki Rasewali Sabzi With Puri recipe with a video tutorial. Aloo Poori is a North Indian breakfast-lunch recipe. Sabji is a spicy, aromatic and tangy potato dish. This is served with puffed up, deep fried Indian bread poori."
https://www.mygingergarlickitchen.com/kaju-katli-kaju-burfi-how-to-make-kaju-katli-video-recipe/,Kaju Katli Recipe - Kaju Burfi - How to Make Kaju Katli,Kaju Katli Recipe | Kaju Burfi | How to Make Kaju Katli. Kaju Katli is one of the most popular Indian sweets recipes. Learn to make step by step traditional kaju katli with all the video instructions
https://www.mygingergarlickitchen.com/how-to-make-lachha-paratha-3-ways/,Lachha Paratha Recipe - How to Make Multi-Layered Paratha,"Lachha paratha is a popular North Indian flat-bread. In North India, Lachha paratha is also famously known as Punjabi bread."
https://www.mygingergarlickitchen.com/aloo-gobi-dhaba-style-punjabi-dry-aloo-gobi-sabji-video-recipe-potato-cauliflower/,Dhaba Style Dry Aloo Gobi - Potato & Cauliflowfer,"Learn How To Make Aloo Gobi Sabji | Dhaba Style Dry Aloo Gobi Sabji Recipe Video with easy and quick video tutorial. This hearty and flavor-packed cauliflower and potato dish (Aloo Gobi) is one of the most beloved and widely eaten vegetarian side dishes in every part of India. Yes, in every part of India."
https://www.mygingergarlickitchen.com/veg-biryani-recipe-restaurant-style-hyderabadi-veg-dum-biryani-recipe/,Restaurant Style Vegetable Biryani Recipe  ,"Learn to Make Veg Biryani Recipe | Restaurant Style Hyderabadi Veg Dum Biryani Recipe with step by step video tutorial. For this Hyderabadi version of veg dum biryani, we marinate veggies in spicy yogurt then we cook them with onions and tomatoes to make a nice gravy."
https://www.mygingergarlickitchen.com/tandoori-paneer-tikka/,"Tandoori Paneer Tikka (Oven, Tawa, Grill, Panini Maker)","Learn to make Restaurant style Tandoori Paneer Tikka recipe with video instructions in 4 ways using oven, pan, grill and panini maker. A perfect appetizer."
https://www.mygingergarlickitchen.com/amritsari-chole/,Amritsari Chole - Authentic Punjabi Chole Masala Recipe ,Amritsari Chole is an authentic Punjabi style chickpea curry that would surely bring a flavor of Amritsar streets right into your home. Goes well with bhature.
https://www.mygingergarlickitchen.com/25-easy-and-delicious-diwali-sweet-recipes-you-must-try-this-year/,62 Easy and Delicious Diwali Sweet Recipes To Try This Year,62 Easy and Delicious Diwali Sweet Recipes You Must Try This Year
https://www.mygingergarlickitchen.com/restaurant-style-rajma-masala-recipe/,Restaurant Style Punjabi Rajma Masala - Kidney Bean Curry,Restaurant Style Rajma Masala | Punjabi Rajma Masala is an extremely popular curry of Punjabi Cuisine. Serve this with plain rice or with a Chapati/Paratha.
https://www.mygingergarlickitchen.com/egg-drop-curry-andhra-style-poached-egg-curry-video-recipe/,Egg Drop Curry Recipe - Andhra-Style Poached Egg Curry,"Egg Drop Curry Recipe | Andhra-Style Poached Egg Curry recipe is a simple, light, comfy, and delicious side dish which goes well steamed rice or chapati. This gluten-free can be made in a single pan in less than 30 minutes."
https://www.mygingergarlickitchen.com/pani-puri-recipe-gol-gappa-recipe-video/,Complete Pani Puri Recipe - Gol Gappe,Learn How To Make Pani Puri Recipe | Gol Gappa Recipe with a simple video tutorial. These are crispy hollow puris which are stuffed with various masalas.
https://www.mygingergarlickitchen.com/traditional-rajasthani-sev-tamatar-ki-sabzi-recipe-video/,Traditional Rajasthani Sev Tamatar Ki Sabzi ,Learn to Make Traditional Rajasthani Sev Tamatar Ki Sabzi Recipe with the step-by-step video tutorial. Making this fabulously scrumptious ‘Rajasthani Sev Tamatar Ki Sabzi’ is super easy and very quick. Only the basic kitchen ingredients are required for cooking this spicy fleshy sabzi.
https://www.mygingergarlickitchen.com/how-to-make-masala-khichdi-recipe/,How To Make Masala Khichdi (Vegetable Khichdi Recipe),"Learn How To Make Masala Khichdi | Vegetable Khichdi Recipe is a nutritious, comfy, spicy and tasty wholesome one-pot meal."
https://www.mygingergarlickitchen.com/diwali-sweets-snacks/,143 Easy and Delicious Diwali Snacks Sweets Recipes,143 Easy and Delicious Diwali Snacks Sweets Recipes
https://www.mygingergarlickitchen.com/aloo-poha-recipe/,Aloo Poha - Kanda Batata Poha - Potato Poha,Quick Aloo Poha | Kanda Batata Poha | How To Make Potato Poha Recipe is a popular dish. Poha makes a wholesome breakfast or a simple snack.
https://www.mygingergarlickitchen.com/restaurant-style-dal-makhani-punjabi-maa-ki-dal-video-recipe/,Restaurant Style Punjabi Dal Makhani Recipe,Restaurant Style Dal Makhani Recipe | How To Make Punjabi Dal Makhani Recipe aka ‘maa ki dal’ is a side dish which is famous for its aromatic flavors.
https://www.mygingergarlickitchen.com/nankhatai-indian-shortbread-cookies-video-recipe/,Nankhatai Recipe - Indian Shortbread Cookies,Nankhatai Recipe | How to Make Nan Khatai | Indian Shortbread Cookies Recipe. Nankhatai’ is a melt-in-mouth cardamom scented Indian shortbread cookie.
https://www.mygingergarlickitchen.com/yeast-free-instant-whole-wheat-naan/,Instant Whole Wheat Naan -  No Yeast,How To Make Easy Instant Naan | Yeast Free Whole Wheat Naan is basically a simple naan recipe made on tawa with yogurt and some baking soda.
https://www.mygingergarlickitchen.com/restaurant-style-matar-paneer-curry-recipe-video/,Matar Paneer - Peas and Cottage Cheese Curry,"Restaurant Style Matar Paneer is another famous creamy and comfy Punjabi curry recipe hailing from the Northern part of India. This curry goes so well with Naan, steamed rice or parathas or roti."
https://www.mygingergarlickitchen.com/gujrati-khaman-dhokla-in-2-styles/,Spongy and Soft Instant Gujarati Khaman Dhokla Recipe ,"Gujarati Khaman Dhokla in 2 Styles are so soft and spongy. A savory, sweet, tangy and mildly spiced steamed cake is all you need to start a beautiful day."
https://www.mygingergarlickitchen.com/lapsi-recipe/,Lapsi Recipe - Cracked Wheat Sweet,"Lapsi Recipe | Sweet Dalia | Cracked Wheat Dessert Recipe is a traditional cracked/broken wheat dessert, which is a moist and soft pudding."
https://www.mygingergarlickitchen.com/moong-dal-namkeen/,Moong Dal Namkeen - Salted Crunchy Fried Moong Dal Snack,Moong Dal Namkeen | Salted Crunchy Fried Moong Dal Snack.Each spoonful of this festive moong dal namkeen is generously seasoned with salt and pepper.
https://www.mygingergarlickitchen.com/bharwa-shimla-mirch-recipe/,Bharwa Shimla Mirch - Potato Stuffed Bell Peppers,Bharwa Shimla Mirch Recipe | Stuffed Bell Peppers | Stuffed Capsicum Recipe is a flavourful Indian style side dish cooked using a spicy potatoes filling.
https://www.mygingergarlickitchen.com/how-to-make-dahi-ke-kabab-yogurt-kebab-dahi-kebab-video-recipe/,How To Make Dahi Ke Kabab - Yogurt Kebab ,"Dahi Ke Kabab | Yogurt Kebab | Dahi Kebab is a very unusual Indian appetizer, starter or snack recipe. These kebabs are made using hung curd, which is basically the strained thick yogurt, or strained Greek yogurt. Making them is effortless and quick."
https://www.mygingergarlickitchen.com/rajasthani-mohanthal-gujarati-mohanthal-mohan-thal-2-ways-video-recipe/,Mohanthal Recipe - Mohan Thal (2 Ways),Mohanthal is a traditional Indian Sweet (mithai) originated from Indian States of Gujarat and Rajasthan. This ghee roasted besan (gram flour/chickpea flour) based mithai (fudge) has a rich and melt-in-the-mouth texture. The flavorings of spices like cardamom and saffron give the sweet an enticing flavor and captivating aroma. This dessert is s a prepared during festivals and auspicious occasions.
https://www.mygingergarlickitchen.com/how-to-make-perfect-indian-summer-drink-jal-jeera-video-recipe/,Perfect Indian Summer Drink Jaljeera -  Jal Jira Recipe,"Learn How To Make perfect Indian summer drink Jal Jeera / Jal Jira recipe with step-by-step video tutorial. The unique flavor of this lemonade comes from the combo of 2 herbs — coriander and mint, and spices like roasted cumin powder, dry mango powder, ground black pepper, and black salt."
https://www.mygingergarlickitchen.com/cold-coffee-recipe/,Cold Coffee Recipe – 2 Ways - Cold Coffee With Ice Cream,Learn to Make Cold Coffee Recipe - 2 Ways with a step-by-step video tutorial. Pouring cold coffee into a tall glass topped with some ice cream is a sure way to chill-out on a scorching summer day. I can tell you that being your own barista is quite an amusement.
https://www.mygingergarlickitchen.com/restaurant-style-paneer-pyaza-video-recipe/,Paneer Do Pyaza Recipe (Restaurant Style),Learn How To Make Restaurant Style Paneer Do Pyaza recipe with a quick step-by-step video tutorial. Onions and paneer are dunked in a creamy rich sauce.
https://www.mygingergarlickitchen.com/shahi-kadai-mushroom-video-recipe/,Kadai Mushroom (Restaurant Style),"Shahi Kadai Mushroom curry is spicy, sweet and tangy too. Plus, making this curry is just so simple and easy and so flavorful. This Shahi curry is best served with with naan or rice."
https://www.mygingergarlickitchen.com/khaman-dhokla-recipe-how-to-make-instant-soft-and-spongy-dhokla-video-recipe/,Khaman Dhokla Recipe - Instant Soft and Spongy Dhokla,Learn to make Khaman Dhokla Recipe | How To Make Instant Soft and Spongy Dhokla with step by step video tutorial. Instant Khaman Dhokla is a healthy snack.
https://www.mygingergarlickitchen.com/how-to-make-dal-bafla-bafla-bati-in-oven-and-pan-video-recipe/,How to Make Dal Bafla - Bafla Bati (Oven and Pan),How to Make Dal Bafla | Bafla Bati in Oven and Pan. Dal Bafla or Bafla Bati is a famous bread of western India. Bafla is a popular dish of Rajasthan and Madhya Pradesh.
https://www.mygingergarlickitchen.com/exquisite-rajasthani-dal-dhokli-recipe/,Rajasthani Dal Dhokli - Dumplings Cooked in Lentils,Rajasthani Dal Dhokli or Whole Wheat Flour Dumplings Cooked in Lentils is one of the most famous rajasthani one pot dishes prepared and enjoyed in cold weather.
https://www.mygingergarlickitchen.com/quick-mango-kulfi-recipe/,How To Make Quick Mango Kulfi - No Cook Mango Kulfi Recipe,Learn How To Make Quick Mango Kulfi Recipe | No Cook Mango Kulfi Recipe with simple step-by-step video instructions. Making this entirely no cook mango kulfi is very easy to make and only needs 10 minutes of mild work.
https://www.mygingergarlickitchen.com/punjabi-baingan-bharta-roasted-eggplant-curry-video-recipe/,Baingan Bharta Recipe – Roasted Eggplant Mash,How To Make Punjabi Baingan Bharta - Roasted Eggplant Curry Recipe (पंजाबी बैंगन का भरता ) Recipe with an easy video tutorial. This is a delish side-dish.
https://www.mygingergarlickitchen.com/punjabi-aloo-paratha-recipe-aloo-ka-paratha/,Aloo Paratha - Tandoori Aloo Ka Paratha (2 Ways),Learn How To Make Punjabi Aloo Paratha - 2 Ways | Tandoori Aloo Ka Paratha Recipe (पंजाबी आलू पराठा ) with step-by-step video instructions. Punjabi Aloo Paratha is very famous North Indian Style stuffed flatbread.
https://www.mygingergarlickitchen.com/kala-chana-sprouts-chaat-black-chickpeas-chaat-video-recipe/,Kala Chana Sprouts Chaat - Black Chickpeas Salad,"Learn how to make Kala Chana Sprouts Chaat | Black Chickpeas Chaat Recipe with a quick video tutorial. This Kala Chana Chaat is overflowing with the combo of deliciousness and good health. This perfectly healthy, delicious and nutritious chaat would surely make your day."
https://www.mygingergarlickitchen.com/vegetable-tahiri-recipe-one-pot-veg-tehri/,Vegetable Tahiri Recipe - Aromatic One Pot Tehri,Learn How To Make Vegetable Tahiri Recipe | Easy To Make Aromatic One Pot Veg Tehri | Veg Taheri recipe with quick video tutorial. Taheri is a delicious one pot rice and vegetable based meal which is one of the most popular luxuries of Awadhi cuisine. Vegetable Tahiri hails from the Indian state of Uttar Pradesh.
https://www.mygingergarlickitchen.com/how-to-make-paneer-at-home-homemade-paneer/,How to Make Paneer at home,"Learn How to Make Paneer at Home | Homemade Paneer Recipe - Cottage Cheese Recipe with a simple video tutorial. Paneer is a fresh, unsalted Indian cottage cheese which is widely used in Indian cooking especially in curries."
https://www.mygingergarlickitchen.com/how-to-make-gajar-ka-halwa-carrot-halwa-video-recipe/,Carrot Halwa - How to Make Gajar Ka Halwa,How to Make Gajar Ka Halwa | Carrot Halwa. This is a chewy halwa which is bursting with awesome cardamom-y flavor and nutty texture.
https://www.mygingergarlickitchen.com/eggless-ladi-pav-dinner-rolls-recipe-video/,Ladi Pav - Soft and Fluffy Dinner Rolls,"Learn to make Eggless Ladi Pav | Soft and Fluffy Dinner Rolls Recipe with simple video instructions. Making delicate, cushioned and feather-like ‘ladi pav’, (लड़ी पाव ) aka dinner rolls at home is not rocket science."
https://www.mygingergarlickitchen.com/nepalese-whole-wheat-steamed-veg-momos-recipe-video/,Nepalese Whole Wheat Steamed Veg Momos,Nepalese Whole Wheat Steamed Veg Momos are very popular street food in Nepal and in the Northern part of India. Momos are brilliant as a snack.
https://www.mygingergarlickitchen.com/afghan-naan-bread-video/,Afghan Naan Bread Recipe - Naan-e-Afghani - Video,"Learn to make Afghan Naan Bread Recipe | Naan-e-Afghani recipe with step by step video tutrial. These long and oval shaped flat-breads/naans are perfctly pillowy, soft and fluffy. They are traditionally made in wood fired ovens but they also taste awesome when they are baked in electric oven."
https://www.mygingergarlickitchen.com/jaipuri-pyaaz-ki-kachori-onion-filled-spicy-snack/,Jaipuri Pyaaz Ki Kachori Recipe - Onion Filled Spicy Snack,"Learn to make detailed Jaipuri Pyaaz Ki Kachori Recipe | Khasta Pyaz Ki Kachori | Onion Filled Spicy Snack recipe with step by step photos. These crisp, flaky, deep-fried Kachoris stuffed with an onion filling are so delightful."
https://www.mygingergarlickitchen.com/indian-style-triple-egg-fried-rice-easy-egg-fried-rice-video-recipe/,Indian Style Triple Egg Fried Rice Recipe,Learn to make Indian Style Triple Egg Fried Rice | Easy Egg Fried Rice Recipe with a simple video tutorial. This Fried rice would surely tickle the egg lovers amongst us. It tastes scrumptious.  And it takes only in 30 minutes.
https://www.mygingergarlickitchen.com/5-bean-curry-recipe/,5 Bean Curry Recipe - How To Make Multi Beans Curry,"5 Bean Curry Recipe | How To Make Multi Beans Curry. This curry is healthy and comes with deliciousness of curry different beans, cooked in creamy tangy tomato sauce along with whole bunch of spices."
https://www.mygingergarlickitchen.com/potato-peas-stir-fry-aloo-matar-dry-vegetarian-recipe/,Aloo Matar Dry Sabji - Potato Peas Stir Fry,"How To Make Aloo Matar Dry Sabji | Sookha Aloo Matar Recipe | Potato Peas Stir Fry recipe with step-by-step photos. Potato Peas Stir Fry / Aloo Matar (आलू मटर) is a quick, spicy, and tangy north Indian recipe. It is very easy to make. Potato Peas Stir Fry is prepared with boiled potatoes, green peas, and spices.  Adding fresh green peas gives this preparation a lovely color and a great taste. This goes perfect as a lunch recipe."
https://www.mygingergarlickitchen.com/indian-masala-chai-recipe/,Masala Chai - Spiced Milk Tea,"Learn How To Make authentic Indian Masala Chai Recipe | Spiced Milk Tea Recipe is Indian chai is a rich, milky, steaming hot, flavourful and sweet drink."
https://www.mygingergarlickitchen.com/vegetable-teriyaki-noodles-video/,Vegetable Teriyaki Noodles - Teriyaki Stir Fry With Noodles,"Learn to make Vegetable Teriyaki Noodles | Easy Teriyaki Stir Fry With Noodles Recipe with a simple video tutorial. It’s a completely vegan noodle dish, and perfect for a healthy lunch/dinner. This noodle bowl is hearty, cozy, and healthy too!"
https://www.mygingergarlickitchen.com/how-to-make-sponge-rasgulla-video-recipe/,Rasgulla Recipe - How To Make Soft and Spongy Rasgulla,Spongy Rasgulla is a popular Indian sweet recipe where melt-in-mouth soft paneer balls are cooked in a sugar syrup. Learn to make Bengali rasgulla at home.
https://www.mygingergarlickitchen.com/best-gulab-jamun-recipe-dessert-sweets-video-recipe/,Best Gulab Jamun Recipe,My Ginger Garlic Kitchen. Gulab Jamun Recipe | How to Make Gulaab Jamun With Khoya At Home. These gulab jamuns made from traditional mawa tastes the best.
https://www.mygingergarlickitchen.com/garlic-tandoori-roti-recipe/,Tandoori Garlic Roti Recipe - How To Make Tandoori Roti,Learn to make Garlic Tandoori Roti Recipe | How To Make Tandoori Roti recipe with step-by-step video instructions. Tandoori Roti is a very popular Indian flatbread. Garlic Tandoori roti is a fragrant and delicious Indian flatbread.
https://www.mygingergarlickitchen.com/jeera-biscuits-eggless-roasted-cumin-cookies-video-recipe/,Jeera Biscuits - Eggless Roasted Cumin Cookies Recipe,Jeera (cumin) Biscuits or Eggless Roasted Cumin Cookies are a typical Indian bakery style tea time cookies. Zeera biscuits have a perfect balance of sweet and mildly salty flavors. These namkeen Jeera biscuits (savory cookies) can certainly satisfy your sweet and salty snack cravings.
https://www.mygingergarlickitchen.com/38-diwali-savory-snacks-recipes-you-would-love-to-try/,75 Diwali Savory Snacks Recipes You Would Love To Try,"75 Diwali Savory Snacks Recipes You Would Love To Try this year. Today I bring to you all a collection of 75 super classic, mouth-watering, simple yet elegant Diwali Savory Snacks Recipes."
https://www.mygingergarlickitchen.com/pav-bhaji-recipe/,Pav Bhaji Recipe,Pav Bhaji is a popular Indian street food where Pav aka dinner rolls/buns are served with steaming hot spicy and fragrant mashed vegetable gravy.
https://www.mygingergarlickitchen.com/classic-spicy-cauliflower-pakora-cauliflower-fritters-recipe/,Gobi Pakora – Indian Cauliflower Pakora,"Learn Gobi Pakora - Classic Spicy Cauliflower Pakora - Indian Cauliflower Fritters Recipe with the quick and easy step-by-step photo instructions. These Classic Spicy Cauliflower Pakoras are easy chickpea flour battered, deep fried flavoured Indian Fritters which are just perfect for rainy and cold weather."
https://www.mygingergarlickitchen.com/how-to-make-ghevar-jaipuri-malai-ghevar-ghewar-video-recipe/,Ghevar - How To Make Jaipuri Malai Ghevar,How To Make Ghevar | Jaipuri Malai Ghevar | Rajasthani Ghewar Recipe. Ghewar is a disc-shaped sweet Rajasthani Dessert made using thick metal molds.
https://www.mygingergarlickitchen.com/beetroot-pachadi-kerala-style/,Beetroot Pachadi Kerala Style -  Beetroot Chutney,"Learn detailed Beetroot Pachadi (Beetroot Chutney) Kerala Style Recipe with step by step pictures. Kerala Style Beetroot pachadi is a vibrant dish, and is made on the occasion of Onam Sadya. It’s a vegetarian Kerala meal which served on a banana leaf. This is a very tasty dish and quite easy to prepare."
https://www.mygingergarlickitchen.com/lemon-rice-recipe/,Lemon Rice Recipe - How To Make South Indian Lemon Rice,"Lemon Rice Recipe - How To Make South Indian Lemon Rice is a popular South Indian rice dish, which is prepared with lemon, peanuts, and spices."
https://www.mygingergarlickitchen.com/chum-chum-recipe/,Chum Chum Recipe - Bengali Sweet Chomchom,Chum Chum (Cham Cham/Chomchom) is a popular authentic traditional Sweet Dish which hails from the Eastern Indian state of West Bengal. That’s why this sweet dish is also known as Bengali Mithai. Chum Chum is made with Paneer (Indian cottage cheese). This Recipe post explains how to make soft and spongy Cham Cham at home.
https://www.mygingergarlickitchen.com/jaipuri-mawa-kachori-video/,Rajasthani Mawa Kachori Recipe,Mawe ki kachori or Jaipuri Mawa kachori is a famous Rajasthani dessert which so popular all over the state of Rajasthan. Kachoris in general are one of the most addictive snacks and this sweet version is incredible in terms of flavor and texture. Rich dry fruits and mawa (khoya) stuffed crisp deep- fried kachoris are coated in sugar syrup. They taste exquisite. Crunchy and sweet and colorful.
https://www.mygingergarlickitchen.com/aloo-tikki-burger-video-recipe/,Aloo Tikki Burger Recipe,"My Ginger Garlic Kitchen - Aloo Tikki Burger is a hearty, satisfying, and veggie Indian spicy burger. Aloo Tikki is deep-fried, crispy potato patty."
https://www.mygingergarlickitchen.com/homemade-ginger-garlic-paste-how-to-make-ginger-garlic-paste-video-recipe/,Homemade Ginger Garlic Paste Recipe,Homemade Ginger Garlic Paste | How to Make Ginger Garlic Paste. The ginger-garlic paste is used regularly in Indian cooking. It is a must-have in an Indian kitchen like mine. You’d know I love ginger-garlic to the extent that I even named my blog after that.
https://www.mygingergarlickitchen.com/besan-stuffed-lauki-curry-video-recipe/,Besan Stuffed Lauki Curry Recipe - Bharwa Lauki,"Learn how to make Besan Stuffed Lauki Curry | Bharwa Lauki (भरवा लौकी) with an easy video tutorial. Besan Stuffed Lauki Curry is a classic VEGAN and GLUTEN-FREE side dish made by stuffing the bottle gourd with a mixture of besan, peanuts, spices and then served with a rich and creamy tomato based gravy."
https://www.mygingergarlickitchen.com/namak-para-recipe/,Namak Para Recipe - Namak Pare - 8 Ways,Namak Pare or Namak Para (Nimki) is a popular crispy and crunchy deep-fried savory Indian snack. Namak para has a crispy and flaky texture which is similar to samosa pastry in taste. This easy ‘Namak Pare’ recipe makes a great tea-time snack. Prepare this delightful snack recipe at home using the step by step video tutorial shared on this page.
https://www.mygingergarlickitchen.com/pineapple-raita-recipe-ananas-raita-recipe/,Pineapple Raita Recipe - Ananas Raita Recipe,Learn to make Pineapple Raita Recipe | Ananas Raita Recipe with the easy step-by-step video tutorial. Pineapple raita | ananas raita is a sweet spicy raita.
https://www.mygingergarlickitchen.com/creamy-carrot-beet-tomato-soup/,Creamy Carrot Beet Tomato Soup Recipe,"Learn to make Creamy Carrot Beet Tomato Soup Recipe | Beetroot Carrot Tomato Soup Recipe with an easy video tutorial. This Creamy Carrot Beet Tomato Soup is tart, sweet, full of flavors and hearty. Amazingly this tastes awesome and this is healthy too."
https://www.mygingergarlickitchen.com/khatta-meetha-indori-poha-beaten-rice-fry/,Indori Poha Recipe – Beaten Rice Fry Recipe,"Indori Poha Recipe with step by step photos and video tutorial. Indori Poha or Indori Pohe is one of the most popular snacks from Indian city Indore. Indori Poha Recipe (Beaten Rice Fry) is a wonderful dish is served as a breakfast dish. In this recipe, poha (flattened rice) is cooked with onions, green chilies and green peas. This poha is topped with chopped onions, coriander and crunchy and spicy sev and jeeravan (a spice powder). Indori Pohe is usually served with a sweet dish, Jalebi. This combination is (called Poha-Jalebi combined)"
https://www.mygingergarlickitchen.com/how-to-make-double-pyaaz-ka-besan-besan-ki-sabji-video-recipe/,How To Make Double Pyaaz Ka Besan - Besan Ki Sabji,"Learn How To Make Double Pyaaz Ka Besan. Besan Ki Sabji Recipe with step-by-step video tutorial. This is a spicy Indian side dish made with two types of onions, gram flour, and spices. This goes well with any type of rice, roti or paratha."
https://www.mygingergarlickitchen.com/ukadiche-modak-recipe/,Modak Recipe - Ukadiche Modak Recipe - Steamed Modak,"Modak is a famous Indian dessert dumpling made with rice flour which is filled with coconut, jaggery, cardamom, cinnamon, and cashew nuts."
https://www.mygingergarlickitchen.com/rasmalai-video-recipe-how-to-make-soft-rasmalai-at-home/,How to Make Soft Rasmalai At Home - Easy Homemade Ras Malai,Rasmalai Recipe | How to Make Soft Rasmalai At Home | Easy Homemade Ras Malai (रसमलाई) – Learn how to make easy and soft homemade rasmalai with a tutorial video with all the instructions
https://www.mygingergarlickitchen.com/how-to-make-strawberry-panna-cotta-video-recipe/,Strawberry Panna Cotta Recipe,Strawberry Panna Cotta is one of such modern desserts which is so light and refreshing enough to make for a weekend treat.
https://www.mygingergarlickitchen.com/how-to-make-puri-bhaji-poori-bhaji-recipe-video-batata-bhaji-poori-recipe/,How to make Puri Bhaji - Poori Bhaji - Batata Bhaji Poori,"How to make Puri Bhaji. ‘Poori Bhaji’ is a combination of two dishes served together where ‘Poori’ is a puffed up, flaky deep fried Indian bread."
https://www.mygingergarlickitchen.com/rajasthani-moong-dal-halwa/,Moong Dal Halwa Recipe,"How To Make Rajasthani Moong Dal Halwa — Rajasthani Moong Dal Halwa is a classic, rich and mouth-watering Indian dessert."
https://www.mygingergarlickitchen.com/spiced-kesar-chai-spiced-saffron-tea-video/,Kesar Chai - Saffron Tea - Kesar Masala Tea,Saffron tea is full of good health and helps you in relaxing. This tea can be made with the greatest of ease. Spiced Kesar Chai or saffron tea is a delightful tea blend. This one stands as a majestic royal drink.
https://www.mygingergarlickitchen.com/mango-mastani-recipe/,Mango Mastani Recipe - Mango Milkshake With Ice Cream,Learn How To Make Mango Mastani Recipe | Mango Milkshake With Ice Cream Recipe with a simple video tutorial. This is a rich and thick mango milkshake.
https://www.mygingergarlickitchen.com/rice-chakli-recipe/,Chakli Recipe – Instant Rice Chakli Recipe (Fried + Baked),"Instant Rice Chakli Recipe is a popular Indian deep-fried namkeen (savory snack). The crispy texture, and spicy flavors of this ‘Chakli’ makes it delicious."
https://www.mygingergarlickitchen.com/instant-coconut-laddu-heat-recipe/,Instant 5 Mins Coconut Ladoo - No Heat,"Instant Coconut laddu is a quick and elegant Indian dessert recipe which is prepared with only 3 ingredients. And plus, these gluten-free treats do not require any heat."
https://www.mygingergarlickitchen.com/how-to-make-aate-ka-halwa-atte-ka-halwa-recipe-video/,Atte Ka Halwa Recipe - Wheat Flour Halwa,Learn How To Make Aate Ka Halwa | Atte Ka Halwa Recipe with a simple video tutorial. This insanely delicious aate ka halwa is roasted with a ghee.
https://www.mygingergarlickitchen.com/best-time-to-buy-a-grill/,Best time to buy a grill,"Best time to buy a grill - So you are in the marketplace for a new grill and marveling when the ideal period to purchase a grill is? Well, your perfect bet on obtaining a remarkable deal on a brand new grill whether you’re looking for a charcoal grill, smoker or gas grill is late summer through fall."
https://www.mygingergarlickitchen.com/how-to-make-pakore-ki-sabzi/,Pakore Ki Sabzi - Indian Fritters Curry,"Learn How To Make Pakore Ki Sabzi | Indian Fritters Curry with quick, easy and detailed step-by-step recipe video tutorial. This is the best pakora curry ever. The creamy and tangy base of gravy includes plenty of tomatoes, onion, some spices, a little ginger-garlic, fresh herbs, and some salt."
https://www.mygingergarlickitchen.com/rajbhog-recipe/,Rajbhog Recipe - Kesar Rasgulla,"Rajbhog is a popular and traditional Bengali dessert aka Bengali Sweet, where crushed dry fruit stuffed paneer cheese (chena) balls are cooked in a saffron cardamom flavored sugar syrup. This recipe is almost identical to another famous Bengali sweet Rasgulla."
https://www.mygingergarlickitchen.com/ghee-mysore-pak/,Mysore Pak - How to Make South Indian Ghee Mysore Pak,"Mysore Pak is an aromatic, delicious, and melt-in-mouth sweet which is very popular in South India. This classic Indian sweet originated in the royal kitchen of Mysore Palace. **Mysore Pak** is Southern India’s one of the most archetypal sweets and got its name from its city of origin – Mysore. This delicate and delicious sweet dish is made using only 3 ingredients — chickpea flour (gram flour/besan), sugar, and ghee."
https://www.mygingergarlickitchen.com/indian-cucumber-chutney-sandwich/,Indian Cucumber Chutney Sandwich Recipe – Tea Time Sandwich,"My Ginger Garlic Kitchen - Indian Cucumber Chutney Sandwich Recipe - Tea Time Sandwiches are sleek, presentable, and light sandwiches are so yummy."
https://www.mygingergarlickitchen.com/indian-butterscotch-ice-cream-recipe-video/,Indian Butterscotch Ice Cream Recipe - No Churn - Eggless,Indian Butterscotch Ice Cream Recipe Video | No Churn Eggless Butterscotch Ice Cream — This no-churn eggless butterscotch ice cream has a delicious butterscotch flavor. This silky and creamy ice cream is loaded with chunky pieces of butterscotch pralines.
https://www.mygingergarlickitchen.com/rajasthani-mirchi-ke-tipore-instant-chili-pickle-recipe/,Rajasthani Mirchi ke Tipore – Instant Green Chili Pickle,Detailed Rajasthani Mirchi Ke Tipore - Instant Chili Pickle recipe with step by step photos and video tutorial. Hari mirchi ke tipore is a spicy pickle.
https://www.mygingergarlickitchen.com/kesari-mawa-peda-indian-milk-fudge-instant-khoya-peda-recipe-video/,Kesar Mawa Peda - Indian Milk Fudge - Instant Khoya Peda,Kesar Mawa Peda | Indian Milk Fudge | Instant Khoya Peda is a classic melt-in mouth Indian dessert which is usually made during festivals.
https://www.mygingergarlickitchen.com/bharwa-bhindi-recipe-stuffed-okra-masala-recipe-video/,Bharwa Bhindi - Stuffed Okra,Learn to make Bharwa Bhindi Recipe | Stuffed Okra Masala Recipe with a simple and easy video tutorial. Bharwa Bhindi is a very crowd-pleasing side dish.
https://www.mygingergarlickitchen.com/steamed-besan-gatte-ki-sabzi-recipe-video-rajasthani-adhar-bele-ki-sabji/,Steamed Besan Gatte Ki Sabzi - Rajasthani Adhar Bele,Steamed Besan Gatte Ki Sabzi Recipe Video | Rajasthani Adhar Bele Ki Sabji is an authentic and delicately rich curry made from besan and yogurt.
https://www.mygingergarlickitchen.com/rose-masala-chai-how-to-make-rose-tea-video-recipe/,Rose Masala Chai Recipe - How to Make Rose Tea,"Rose Masala Chai | Rose Tea - The flavors in this tea are so deliciously striking. The chai is enriched with a good amount of spices and rose petals. This chai is not so different than a basic masala chai, and also very simple and very delicious. If you love tea, then you would love to wake up to this one!"
https://www.mygingergarlickitchen.com/cabbage-peas-stuffed-paratha-patta-gobi-ka-paratha/,Cabbage Peas Stuffed Paratha - Patta Gobi Ka Paratha,Cabbage Peas Stuffed Paratha | Patta Gobi Matar Ka Paratha/flatbread is stuffed with cabbage (patta gobi) and peas (matar). This makes a great breakfast.
https://www.mygingergarlickitchen.com/sooji-toast-3-ways-rava-toast/,Sooji Toast – Rava Toast Recipe  (3 ways),"Learn to make Sooji Toast 3 Ways - Rava Toast Recipe | Suji Toast Recipe Video is a savory toast recipe with a quick video tutorial. This is a very simple, healthy, easy and filler breakfast dish. This is made with a blend of suji/sooji/rava aka semolina, some veggies, yogurt and some spices."
https://www.mygingergarlickitchen.com/mascarpone-cream-cheese-chocolate-mousse-cups/,Mascarpone Cream Cheese Chocolate Mousse Cups Recipe,This Mascarpone Cream Cheese Chocolate Mousse is definitely one of the most classic chocolate desserts. These are the perfect party desserts.
https://www.mygingergarlickitchen.com/achaari-aloo-gobi/,Punjabi Achaari Gobi - Achari Aloo Gobhi,"How to Make Punjabi Achaari Gobi | Achari Aloo Gobhi Recipe | Indian Sabzi. This dry, vegan and gluten-free side dish goes well with rice or naan."
https://www.mygingergarlickitchen.com/fruit-cream-rice-kheer-recipe-indian-pudding-kheer-dessert/,Fruit Cream Rice Kheer Recipe - Indian Kheer Pudding,"Learn to make Fruit Cream Rice Kheer Recipe I Indian Pudding Kheer Dessert recipe with video instructions. These individual desserts are an enticing and fusion amalgamation of chilled rice kheer, fruit cream, and chocolate. These ingredients are combined into a dessert worth trying definitely."
https://www.mygingergarlickitchen.com/instant-bread-rasmalai-video-recipe/,Instant Bread Rasmalai Recipe,"Bread Rasmalai is the tweaked version of traditional Rasmalai. Instead of cottage cheese balls, bread slices are used for soaking in saffron flavored thick milk."
https://www.mygingergarlickitchen.com/instant-pot-matar-paneer-recipe/,Instant Pot Matar Paneer - Pressure Cooker Peas and Paneer,"Get ready to gorge yourself with a classic, super easy and flavorful Instant Pot Matar Paneer Recipe cooked in a spicy, rich and creamy gravy. This popular North Indian dish of Matar Paneer or Peas Paneer is one of the most fancied and all-time treasured dishes on the menu of almost every Indian Restaurant. And why not? Because who can resist succulent paneer pieces dunked in creamy, spicy, rich, comfy and satisfying gravy?"
https://www.mygingergarlickitchen.com/veg-schezwan-noodles-recipe-video-how-to-make-easy-veg-schezwan-noodles/,Easy Veg Schezwan Noodles Recipe,Veg Schezwan Noodles Recipe | How to Make Veg Schezwan Noodles. Learn to make this Veg Schezwan Noodle is a fragrant and appetizing Indo-Chinese dish.
https://www.mygingergarlickitchen.com/10-kitchen-hacks-to-slice-and-cut-without-a-knife/,10 Kitchen Hacks To Slice And Cut Without A Knife,10 Kitchen Hacks To Slice And Cut Without A Knife
https://www.mygingergarlickitchen.com/rajasthani-besan-ke-cheele-ki-sabzi-chickpea-pancake-curry-video-recipe/,Besan Ke Cheele Ki Sabzi - Chickpea Pancake Curry,Rajasthani Besan Ke Cheele Ki Sabzi | Chickpea Pancake Curry is a delicious and exotic curry made with chickpea flour pancakes. Later pancakes are cooked in a spicy and tangy yogurt gravy.
https://www.mygingergarlickitchen.com/aloo-kulcha-recipe/,Aloo Kulcha Recipe - Amritsari Aloo Kulcha,"Aloo Kulcha or Amritsari Aloo Kulcha is a traditional and very popular Punjabi stuffed flatbread recipe. This flatbread is made using all-purpose flour aka maida and stuffed with spicy and tangy mashed potato filling. This gratifying Indian bread is served as a snack, breakfast, or as a side dish for lunch or dinner."
https://www.mygingergarlickitchen.com/bread-gulab-jamun/,Bread Gulab Jamun Recipe - Instant Bread Gulaab Jamun,"Bread Gulab Jamun Recipe | Instant Bread Gulaab Jamun. Bread gulab jamun is an instant, and easy version of making a popular Indian dessert gulab jamun."
https://www.mygingergarlickitchen.com/super-spicy-veggie-pasta-recipe/,Super Spicy Veggie Pasta Recipe – Vegetable Pasta,"Learn to make Super Spicy Veggie Pasta Recipe with step-by-step photo instructions. This Super Spicy Veggie Pasta Recipe is a delight for spice lovers. For this super spicy veggie pasta, you don’t need to gather so many ingredients. This super spicy veggie pasta makes a great weeknight dinner or weekend lunch recipe."
https://www.mygingergarlickitchen.com/poha-chivda-recipe/,Chivda Recipe - Poha Chivda,"Chivda (namkeen) is one of the most delightful Indian Snacks. Chivda is a savory snack made with poha (flattened rice), and some nuts. Making chivda recipe is easy, quick, and fuss free. This chivda has poha (flattened rice), peanuts, cashews, almonds, melon seeds, raisins, green chilies, curry leaves, and some basic seasoning."
https://www.mygingergarlickitchen.com/kopra-pak-nariyal-ki-burfi-video-recipe/,Kopra Pak - Nariyal Ki Burfi - Khopra Pak Video Recipe,Kopra Pak | Nariyal Ki Burfi | Khopra Pak is a very sophisticatedly and delicately flavored coconut sweet/mithai. It has intense coconut flavor and an amazing texture.
https://www.mygingergarlickitchen.com/tantalizing-cauliflower-korma-curry-recipe-2/,Cauliflower Korma Curry - Gobi Kurma Recipe,"Learn to make Cauliflower Korma Curry - Gobi Kurma Recipe with easy step-by-step photo instructions. Kurma or korma is a sumptuous dish where meat or vegetables are braised with yogurt or cream, spices and milk to produce a thick creamy texture."
https://www.mygingergarlickitchen.com/make-oats-paratha-oats-green-paratha-2-ways-oats-onion-paratha/,How To Make Healthy Oats Paratha - Oats Green Paratha,"These Oats Parathas are a perfect start to any morning. You can have these sizzling parathas with some plain yogurt/raita, curry, pickle and/or hot chai/coffee for a healthy and satisfying breakfast."
https://www.mygingergarlickitchen.com/eggless-triple-chocolate-cookies-video-recipe/,Eggless Triple Chocolate Cookies Recipe,"Learn to make Eggless Triple Chocolate Cookies Recipe with an easy video tutorial. These seductive, thick and crispy Eggless Triple Chocolate Cookies are perfect for anyone who loves chocolate. The triple shot of chocolate is good enough to make anyone drool."
https://www.mygingergarlickitchen.com/masala-mathri-2-ways-baked-masala-mathri-recipe-video-spicy-indian-crackers/,Masala Mathri - Spicy Indian Crackers (Fried and Baked),Masala Mathri – 2 Ways | Fried & Baked Masala Mathri | Spicy Indian Crackers. Mathris are Indian style crispy and spicy fried crackers which are a very popular snack in the northern part of the India. Any festival such as Diwali and Holi is incomplete without these.
https://www.mygingergarlickitchen.com/sev-stuffed-paratha-recipe-how-to-make-bhujia-paratha/,Sev Stuffed Paratha Recipe - How To Make Bhujia Paratha,Learn Sev Stuffed Paratha Recipe | How To Make Bhujia Paratha (सेव पराठा) recipe with quick and easy step by step video tutorial. Sev paratha is a simple flatbread stuffed with Sev spiced filling. This spicy and tangy paratha makes one of the most gratifying and delicious breakfasts.
https://www.mygingergarlickitchen.com/instant-oats-rava-dhokla-oats-suji-ka-dhokla-video-recipe/,Instant Oats Rava Dhokla Recipe - Oats Suji Ka Dhokla,"Instant Oats Rava Dhokla | Oats Suji Ka Dhokla is a savory steamed cake recipe which is suitable for breakfast, brunch or teatime snack. It is a tempting, soft, and spongy healthy and filler dish made with oats and rava or suji. It includes quick cooking with very little oil, and at the same time, it’s quite easy to make."
https://www.mygingergarlickitchen.com/exhilarating-iced-choco-latte/,Exhilarating Iced Choco Latte,Exhilarating Iced Choco Latte is a chilled and refreshing chocolate coffee drink. This super yummy coffee drink is a great alternative to regular hot coffee.
https://www.mygingergarlickitchen.com/cooking-tips-keep-peas-green-boiling/,Cooking Tips – How To Keep Peas Green After Boiling,Cooking Tips – How To Keep Peas Green After Boiling
https://www.mygingergarlickitchen.com/spinach-kofta-curry-fried-spinach-dumplings-creamy-tomato-sauce-recipe/,Palak Kofta Curry – Fried Spinach Dumplings Curry,Spinach Kofta Curry Recipe - Fried Spinach Dumplings in a Creamy Tomato Sauce is a delicious vegetarian curry recipe. Spinach koftas are deep-fried.
https://www.mygingergarlickitchen.com/potato-stuffed-bread-pakora-recipestory/,Potato Stuffed Bread Pakora - How To Make Bread Pakora,"Potato Stuffed Bread Pakora Recipe | How To Make Bread Pakora. Bread Pakora is a very popular and beloved street food of Northern India. You can call them the appetizer, brunch, or tea-time snack or sometimes even breakfast. Easy to make, and so damn delicious, spicy, crispy, and deep fried snack."
https://www.mygingergarlickitchen.com/how-to-make-masala-chaas-spiced-buttermilk-video-recipe/,How to Make Masala Chaas - Spiced Buttermilk,This revitalizing summer drink Masala Chaas aka Spiced Buttermilk is made with chilled yogurt and fresh herbs such as cilantro or mint. You can also make this chaas in any desired fruity and veggies flavors. I chose the strawberry flavor and made this Strawberry Masala Chaas.
https://www.mygingergarlickitchen.com/eggless-apple-pie-mug-cake-video-recipe/,Eggless Apple Pie Mug Cake Recipe,"This Eggless Apple Pie Mug Cake is full of FALL-tastic flavors, giving you a rich, hearty, and warming feeling in this cold season"
https://www.mygingergarlickitchen.com/rajasthani-mirchi-vada-video-recipe/,Rajasthani Mirchi Vada - Potato Stuffed Chili Peppers,"Rajasthani Mirchi Vada is a very famous street food of Rajasthan, which was originated from the city of Jodhpur. Thus, they are also known as Jodhpuri Mirchi Vada. They are chili peppers stuffed with spicy potato filling and then dipped in gram flour batter and deep-fried. Their hot flavors and extremely piquant taste is simply out of this world."
https://www.mygingergarlickitchen.com/strawberry-lassi-recipe/,Strawberry Lassi Recipe - Strawberry Yogurt Smoothie  ,"Strawberry Lassi Recipe | Strawberry Yogurt Smoothie is a presentable, cooling, and delightful beverage made from fresh strawberries, yogurt, milk, sugar."
https://www.mygingergarlickitchen.com/mushroom-pepper-corn-masala-recipe/,Mushroom Pepper Corn Masala,"Mushroom Pepper Corn Masala is a spicy curry. I like spicy food, because I belong to the Indian State of Rajasthan, which is well known for its royal cuisine, which constitutes really hot and spicy food."
https://www.mygingergarlickitchen.com/5-ingredient-pumpkin-fritters-pumpkin-gulgula/,5 Ingredient Pumpkin Fritters - Pumpkin Gulgule,5 Ingredient Pumpkin Fritters | Pumpkin Gulgule | Kaddu Ke Meethe Pakode. Gulgula is an Indian version of mini donuts. They are super spongy and crispy.
https://www.mygingergarlickitchen.com/hare-pyaz-wali-jau-ki-achaari-roti-pickled-spring-onions-barley-flatbread-signature-recipe/,Jau Ki Achaari Roti – Pickled Barley Flatbread,"Hare pyaz wali jau ki achaari roti is an Indian flatbread. This is a quick, nutritious, and fibrous dish; which is prepared with whole-wheat flour, barley flour, spring onions, pickle, and some spices."
https://www.mygingergarlickitchen.com/gulkand-lassi-recipe-make-rose-lassi/,Gulkand Lassi Recipe - How To Make Rose Lassi,"Gulkand Lassi Recipe | How To Make Rose Lassi. This is a revitalizing drink. Lassi is basically a yogurt-based smoothie. This sweet and rich, bracing and classic gulkand lassi is made with rose syrup, gulkand, milk, yogurt, and some hint of aromatic cardamom."
https://www.mygingergarlickitchen.com/chefs-wear-uniform-distinctive/,Why do chefs wear a uniform that is so distinctive?,Why do chefs wear a uniform that is so distinctive?
https://www.mygingergarlickitchen.com/effortless-blueberry-mug-cake-recipe/,Blueberry Mug Cake Recipe - Blueberry Microwave Mug Cake,"Blueberry Mug Cake Recipe - This Effortless Blueberry Mug Cake is a gorgeously fluffy fruity cake bursting with fresh blueberries. It works for breakfast, afternoon snack, or any other time of the day. Whenever you have some sweet cravings, try out this quick effortless blueberry mug cake."
https://www.mygingergarlickitchen.com/aloo-palak-paratha-potato-stuffed-spinach-flatbread/,Aloo Palak Paratha – Potato Stuffed Spinach Flatbread,"Learn to make Aloo Palak Paratha Recipe - Potato stuffed Spinach Flatbread with step-by-step photo instructions. Aloo Palak Paratha is prepared with chopped onions, green chilies, garam masala powder, red chili powder, dried mango powder, fennel seeds, and salt. This is simply delish, quick and easy recipe."
https://www.mygingergarlickitchen.com/indian-coffee-with-the-scent-of-cinnamon-and-cardamom/,Indian Cinnamon Cardamom Coffee,"Cinnamon Cardamom Coffee is made by adding cinnamon and cardamom to the regular coffee, which makes it unforgettably unique with a spicy-sweet flavor. When you want to have something unique, hot and flavory drink, cinnamon cardamom coffee is for you."
https://www.mygingergarlickitchen.com/baked-masala-potato-wedges-indian-spiced-crispy-potato-wedges-recipe-video/,Spiced Crispy Baked Masala Potato Wedges,"Baked Masala Potato Wedges | Indian Spiced Crispy Potato Wedges Recipe. These masala potato wedges are crispy and spicy. Simply bake the masala coated wedges. Then the natural yogurt gets drizzled over the baked potatoes. A sprinkle of chopped onions and cilantro, and a splash of lemon juice. Done. These oven fresh potoato wedges just taste beyond yum."
https://www.mygingergarlickitchen.com/eggless-tutti-frutti-cookies-recipe-karachi-biscuit/,Eggless Tutti Frutti Cookies Recipe — Karachi Biscuit,Learn to Make Eggless Tutti Frutti Cookies Recipe — Karachi Biscuit Recipe with the step-by-step video tutorial. These fruit biscuits or cookies are one of the most crowd-pleasing tea time biscuits in India. These eggless tutti frutti cookies are full of colorful and splashy tutti frutti.
https://www.mygingergarlickitchen.com/importance-cakes-special-occasion/,The Importance of Cakes in Your Special Occasion,The Importance of Cakes in Your Special Occasion
https://www.mygingergarlickitchen.com/exotic-potato-stuffed-tandoori-roti/,Potato Stuffed Tandoori Roti - Bharwa Aloo Tandoori Roti,Potato Stuffed Tandoori Roti or Bharwa Aloo Tandoori Roti is an exotic and delicious stuffed Indian flatbread cooked in a Tandoor which is a clay oven of a type used originally in northern India. This Tandoori Roti is a Tandoori version of Aloo Ka Paratha.
https://www.mygingergarlickitchen.com/eggless-chocolate-mousse-cake-recipe/,Eggless Chocolate Mousse Cake Recipe - No Bake,"Eggless Chocolate Mousse Cake Recipe. This decadent, silky, melt-in-mouth, no-bake and eggless, chocolate mousse cake is all you need this festive season."
https://www.mygingergarlickitchen.com/,My Ginger Garlic Kitchen,"My Ginger Garlic Kitchen - Explore the best of popular Indian recipes and get ready to dive into a world of ultimate spice-packed, flavorful, fragrant, classic and rich Indian food. Here, you will discover tried and tested recipes of Indian and western food with spices and herbs with video tutorials."
https://www.mygingergarlickitchen.com/instant-pot-butter-paneer/,Instant Pot Butter Paneer Recipe ,"This super easy, creamy, and delicious restaurant style butter paneer recipe is ready under 25 minutes. Enjoy the restaurant style Indian meal at home."
https://www.mygingergarlickitchen.com/atta-biscuits-whole-wheat-indian-cookies-video-recipe/,Atta Biscuits - Whole Wheat Indian Cookies Recipe,"These everyday Atta Biscuits aka Whole Wheat Indian Cookies are popular tea time cookies in India. They are so easy, eggless and crispy and scented with a good amount of cardamom."
https://www.mygingergarlickitchen.com/4-ingredient-cheesy-garlicky-pesto-puff-pastry-swirls/,Puff Pastry Cheese & Pesto Swirls,"4-Ingredient Cheesy Garlicky Pesto Puff Pastry Swirls are so simple to cook. To make them you need some puff pastry, basil pesto, garlic powder and cheese."
https://www.mygingergarlickitchen.com/carrot-cake-cupcakes-with-lemon-ricotta-frosting-video-recipe/,Best Carrot Cake Cupcakes with Lemon Ricotta Frosting,"These awesomely fun, light, soft, moist and seductive Carrot Cake Cupcakes with Lemon Ricotta Frosting can make anyone drool. They are absolutely sufficiently sinful to enjoy as a dessert. And also they are sufficiently healthy so that you could eat them for breakfast like I do. I just love them."
https://www.mygingergarlickitchen.com/beet-lemonade/,Beet Lemonade Recipe,"Beet Lemonade Recipe — Beets + Lemons + Sugar = Beet Lemonade. This lemonade is ridiculously delicious, sweet, and it’s got just the right kick of lemon. I promise you will love."
https://www.mygingergarlickitchen.com/bombay-masala-toast-how-to-make-masala-toast-video-recipe/,Bombay Masala Toast - How to Make Masala Toast ,"Bombay Masala Toast is a classic, crispy, tasty, and a quick snack, and making this is very easy and simple."
https://www.mygingergarlickitchen.com/mango-shrikhand-recipe-amarkhand-recipe/,Instant Mango Shrikhand - Mango Greek Yogurt Dessert,"Instant Mango Shrikhand Recipe | Amarkhand | Mango Greek Yogurt Dessert. Mango shrikhand is an Indian confection which is basically a creamy, rich tropical flavorsome yogurt based dessert."
https://www.mygingergarlickitchen.com/black-eyed-bean-carrot-biryani-video/,Lobia Rice Recipe - Black Eyed Bean Carrot Biryani,"Lobia Pulao Recipe | Black Eyed Bean Carrot Biryani is the main course meal loaded with carrots, black-eyed beans and spices."
https://www.mygingergarlickitchen.com/paush-khichda-sweet-dal-khichdi/,"Paush Khichda - Sweet Khichdi (Pan, Pressure Cooker, IP)","Paush Khichda or Sweet Dal Khichdi is a classic, old-fashioned porridge-like dessert from the city of Jaipur. This dish is served during the winter."
https://www.mygingergarlickitchen.com/how-to-make-instant-bhature/,Quick And Easy Bhatura - Instant Bhature With Soda Water,"Quick And Easy Bhatura Recipe | How To Make Instant Bhature | Bhatura Recipe With Soda Water. Making traditional puffed ‘Bhatura’ is a tedious task since it requires fermentation. But not to worry, here is a quick and easy recipe with a video tutorial to cook tempting Instant Bhaturas quickly and instantly. This mouth-watering, steaming hot, puffed deep-fried, crispy and soft Instant ‘Bhatura’ is best served with the hot, spicy and flavorful Chole."
https://www.mygingergarlickitchen.com/indian-spiced-coffee-microwave-recipe/,Indian Spiced Coffee - Indian Masala Coffee,"Indian Spiced Coffee is a milk coffee recipe; which is made with a blend of ground spices, milk, coffee powder and sugar."
https://www.mygingergarlickitchen.com/rajasthani-tomato-mustard-garlic-chutney/,Rajasthani Tamatar Ki Chuteny - Tomato Garlic Chutney,"Learn to make Rajasthani Tomato Mustard Garlic Chutney | Rajasthani Tamatar Ki Chutney recipe with step-by-step photo instructions. Tomato Mustard Garlic Chutney is an authentic dish from Rajasthan. A piquant, sweet, tangy and spicy chutney. It has the burst of flavors and colors like the state itself."
https://www.mygingergarlickitchen.com/moong-dal-dhokla-recipe/,Moong Dal Dhokla,"Moong dal dhokla is a savory steamed cake recipe for breakfast or anytime snacks. This soft and spongy moong dal dhokla is cooked with split yellow lentils, and seasoned with some spices."
https://www.mygingergarlickitchen.com/masaledar-jau-ki-papdi-spicy-barley-crackers-video-recipe/,Masaledar Jau Ki Papdi - Spicy Barley Crackers,"Masaledar Jau Ki Papdi aka Spicy Barley Crackers are super duper scrumptious snacks, easy to make and healthy too. Make them if you have friends coming over for brunch. They will definitely adore it."
https://www.mygingergarlickitchen.com/how-to-get-rid-of-ants-around-kitchen-sink/,How to Get Rid of Ants Around Kitchen Sink,"If you are tired of ants taking over your kitchen every few days or weeks, it's time to apply new practical methods that will help get rid of ants around the kitchen sink. Here are 10 ways to get rid of ants around kitchen sink."
https://www.mygingergarlickitchen.com/peach-chocolate-eggless-brownies-video-recipe/,Eggless Peach Chocolate Brownies,"Eggless Peach Chocolate Brownies have no butter, no egg, no white flour and no white sugar. Plus, they are vegan and they are dairy-free too."
https://www.mygingergarlickitchen.com/instant-coconut-ladoo-recipe-3-ways-rose-coconut-ladoo-saffron-coconut-ladoo-cardamom-coconut-ladoo/,"Instant Coconut Ladoo Recipe - (Rose, Saffron, Cardamom)","Coconut or Nariyal Ladoo is a popular Indian sweet. Learn to make Instant Coconut Ladoo Recipe in 3 different flavours which are rose, saffron, and cardamom."
https://www.mygingergarlickitchen.com/mini-apple-pear-tarte-tatin-video-recipe/,Mini Apple Pear Tarte Tatin - Video Recipe,"Mini Apple Pear Tarte Tatin — A classic, delightful looking and easy to make miniature bite sized version of a divine French dessert. The aroma, the texture, the flavor, and color is mind-boggling. These Mini Apple Pear Tarte Tatin are a dessert made into perfection."
https://www.mygingergarlickitchen.com/5-efficient-ways-to-maintain-kitchen-hygiene/,5 Efficient Ways To Maintain Kitchen Hygiene,5 Efficient Ways To Maintain Kitchen Hygiene
https://www.mygingergarlickitchen.com/vegan-chocolate-mousse-with-aquafaba-video-recipe/,Vegan Chocolate Mousse With Aquafaba - How To Make Aquafaba,"Vegan Chocolate Mousse With Aquafaba | How To Make Aquafaba Recipe. This beautiful vegan mousse is super airy and creamy, and it would be really hard for you to believe that there are no egg whites, or cream, or gelatin. And you would not even taste chickpeas here."
https://www.mygingergarlickitchen.com/instant-pot-gajar-halwa/,Instant Pot Gajar Halwa - Carrot Halwa Recipe,"Gajar Halwa | Carrot Halwa dessert in Instant Pot or in a pressure cooker. This ia a rich, delicate, warm and delicious and absolutely decadent dessert."
https://www.mygingergarlickitchen.com/kesar-elaichi-shrikhand-video-recipe/,Kesar Elaichi Shrikhand - Greek Yougurt Saffron Pudding,Kesar Elaichi Shrikhand (केसर इलाइची श्रीखंड) is a sweet dish which is prepared by using strained yogurt and flavored with cardamom and saffron.
https://www.mygingergarlickitchen.com/paush-vada/,Paush Vada Recipe - Paush Bade (Dal Wada),Paush vada is a very popular dish originating from the pink city of Jaipur. These are deep fried fritters are made with the mixed dals.
https://www.mygingergarlickitchen.com/strawberry-shrikhand-recipe/,Instant Strawberry Shrikhand - Strawberry Yogurt Dessert,Instant Strawberry Shrikhand Recipe | Strawberry Yogurt Dessert is a sweet dish made with strained yogurt and pureed strawberries and has an amazing taste.
https://www.mygingergarlickitchen.com/summer-melon-dessert-kharbuje-ka-panna-recipe/,Summer Melon Dessert - Kharbuje Ka Panna Recipe,Summer Melon Dessert | Kharbuje Ka Panna Recipe. This is an ultimate healthy dessert on a hot summer day.
https://www.mygingergarlickitchen.com/oliya-fruity-rice-yogurt-pudding/,Rajasthani Sweet Oliya Recipe – Fruity Rice Yogurt Pudding,"Rajasthani Sweet Oliya Recipe - Fruity Rice Yogurt Pudding recipe with step by step video tutorial. This is a traditional rice and yogurt base creamy and classic pudding. Oliya is made during festival of Holi, and Sheetla Saptami which is also known as Basoda in Rajasthan."
https://www.mygingergarlickitchen.com/small-batch-of-fudgy-carrot-brownies/,Small Batch Of Fudgy Carrot Brownies Recipe,"Learn how to make Small Batch Of Fudgy Carrot Brownies Recipe recipe with step-by-step photo instructions. Imagine the taste of a chilled fudgy brownie topped with some vanilla custard, a dollop of vanilla ice-cream and a drizzle of caramel sauce. Uummm! Doesn’t that sound sinfully delicious?"
https://www.mygingergarlickitchen.com/corn-cheese-toast-weekend-breakfast-recipe/,Indian Cheese Corn Toast,"Corn Cheese Toast for a weekend breakfast is a quick filling recipe, which is simply tasty and quite easy to make."
https://www.mygingergarlickitchen.com/jaipuri-mishri-mawa-with-chocolate-and-vanilla-cream-with-video/,Jaipuri Mishri Mawa Recipe ,Jaipuri Mawa Mishri or Mishri Mawa is a traditional Rajasthani dessert made with solidified milk (mawa) and Mishri (crystal sugar).
https://www.mygingergarlickitchen.com/red-cabbage-zucchini-chana-dal/,Red Cabbage Zucchini Chana Dal Recipe,"Red Cabbage Zucchini Chana Dal is a simple, delish, quick, vegan, gluten-free and dairy-free curry. Lentils + veggies in a single dish is a heavenly combo."
https://www.mygingergarlickitchen.com/distinctive-red-cabbage-omelet-recipe/,Red Cabbage Omelet - Spicy Cabbage Omelet,"Distinctive Red Cabbage Omelet is an egg omelet. Prepared with fresh and crunchy red cabbage and adding onions gives it flying wings. This is spicy and a bit green, which makes you feel so refreshing."
https://www.mygingergarlickitchen.com/bhindi-tofu-masala-okra-tofu-stir-fry/,Bhindi Aloo Tofu Masala Recipe - Okra Potato Tofu Stir Fry,Learn to make Bhindi Aloo Tofu Masala Recipe | Okra Potato Tofu Stir Fry with step-by-step photos. Bhindi Tofu Masala aka okra tofu stir-fry is a vegan and gluten-free spicy side dish which is best served with rice and bread.
https://www.mygingergarlickitchen.com/rye-irish-soda-bread-video-recipe/,Quick Rye Irish Soda Bread Recipe Video,"Learn to make Quick Rye Irish Soda Bread Recipe with a step-by-step Video tutorial. This Rye Irish Soda Bread is very quick and easy to make and full of flavour. Plus, made only with 5 ingredients. No oil no butter. A perfect breakfast bread, you can eat it with some butter or jam."
https://www.mygingergarlickitchen.com/eggless-orange-olive-oil-muffins-recipe-video/,Orange Olive Oil Muffins Recipe - Eggless,Learn to make Orange Olive Oil Muffins Recipe Video | Eggless Olive Oil Muffins with an easy video instruction. Eggless Orange Olive Oil Muffins are bursting with excitingly delicate flavors and the texture is so light and airy. They are VEGAN and Butterfree.
https://www.mygingergarlickitchen.com/caramelized-veggie-tortizza-2-ways-tortilla-pizza-video-recipe/,Tortilla Pizza Caramelized Veggie Tortizza (2 ways),"Caramelized Veggie Tortizza 2 Ways | These “Tortizzas” are arrays of colors and flavors on a crunchy tortilla base. They have freshly caramelized veggies, pesto and tomato base for the sauce.The addition of black olives and sun-dried tomatoes makes it a dish worth trying for sure."
https://www.mygingergarlickitchen.com/indian-spiced-dal-chawal-arancini-paired-with-pickled-mayonnaise-split-bengal-gram-salad-and-raspeberry-sauce-baked-version/,Indian Spiced Dal Chawal Arancini - Baked Version,"This baked Dal Chawal Arancini with pickled mayonnaise, split bengal gram salad, and raspberry sauce tastes so good. It is loaded with flavours."
https://www.mygingergarlickitchen.com/almond-peas-curry/,Almond Peas Curry - Matar Badam Curry,"Almond Peas Curry - Matar Badam Curry is a spicy, a little tangy, slightly sweet and full of that yummy curry flavor."
https://www.mygingergarlickitchen.com/gulkand-dessert-paratha-recipe-gulkand-raita-recipe/,Gulkand Dessert Paratha With Gulkand Raita Recipe,This dessert paratha is one of those splendid painless dessert parathas which can only be made with only a few ingredients. This rustic but nutty and pungent gulkand paratha is extremely fuss-free and so full of amazing textures and flavors which are really hard to describe in words.
https://www.mygingergarlickitchen.com/couscous-with-sauteed-mushrooms-kidney-beans-video/,Couscous with Sauteed Mushrooms Kidney Beans - Video,"Couscous with Sauteed Mushrooms Kidney Beans. The flavors of the garlic, chili flakes, the soy sauce, vinegar, sweet maple syrup and sriracha sauce, just kind of make the mushroom and kidney beans shine. And when paired with couscous, it makes a perfect weeknight VEGAN dinner bowl."
https://www.mygingergarlickitchen.com/quick-healthy-spiced-brown-rice-corn-recipe/,Quick & Healthy Spiced Brown Rice With Corn Recipe,"Quick and Healthy Spiced Brown Rice With Corn Recipe is an easy, healthy and very quick rice dish. This rice preparation is full of nutrients. Adding corn kernels, and seasoning it with cumin seeds makes it exquisite. A must try recipe for calorie conscious people."
https://www.mygingergarlickitchen.com/sweet-potato-cabbage-hot-dogs-video-recipe/,Sweet Potato Cabbage Hot Dog - Vegan Hot Dog,These Sweet Potato Cabbage Hot Dog | Vegan Hot Dogs are pure awesomeness. This makes a great lunch for weekdays. They also make a great snack.
https://www.mygingergarlickitchen.com/quick-masala-murmura/,Quick Masala Murmura,"Quick Masala Murmura is a simple and spicy Indian snack. This spicy recipe is made with puffed rice, peanuts, onions, tomatoes, lemon juice and some spices.  Quick Masla Murmura is really mouth-watering, and it has a great spicy tangy flavorful."
https://www.mygingergarlickitchen.com/categories/rajasthani-recipes/,#N/A,#N/A
https://www.mygingergarlickitchen.com/moong-dal-toast/,Moong Dal Toast,"Moong Dal Toast is a healthy, delicious, nutritious, and easy breakfast recipe. It is super quick. It really is. If you have cooked lentils, then this one is as easy as cake."
https://www.mygingergarlickitchen.com/vegan-honeydew-melon-banana-ice-cream-video-recipe/,Vegan Honeydew Melon Banana Ice Cream - Video Recipe,"This Vegan Honeydew Melon Banana Ice Cream is so easy. It has Honeydew Melon, it has the banana and two more healthy delicious ingredients — maple syrup and lemon juice. And these 4 ingredients make it a vegan, egg-free, dairy-free, gluten-free and paleo ice cream. The end result is a creamy, refreshing, sweet ice-cream! It’s good for the body and good for the soul."
https://www.mygingergarlickitchen.com/rainbow-curry-vegetarian-recipe/,Vegetarian Rainbow Curry ,"Rainbow curry is an Indian style colorful, flavorful mixed vegetable curry dish. Rainbow curry is a great recipe for simple, quick, easy and healthy dinner. Any mix vegetables curry is the perfect way of consuming many vegetables in one diet, and rainbow curry is in one of those."
https://www.mygingergarlickitchen.com/spicy-zucchini-waffles-how-to-make-waffled-besan-chilla-video-recipe/,Spicy Zucchini Waffles - How to Make Waffled Besan Chilla,These Spicy Zucchini Waffles are a waffle-tastic makeover to Indian besan chilla. Making them is super simple and they are so full of flavors.
https://www.mygingergarlickitchen.com/unique-italian-cooking-tech/,Unique Italian Cooking Techniques,Unique Italian Cooking Techniques
https://www.mygingergarlickitchen.com/mint-chana-grilled-tofu/,Mint Chana With Grilled Tofu (Vegetarian-Recipe),"Mint Chana With Grilled Tofu is an exotic vegetarian, vegan and gluten-free chickpea (chola) curry. This healthy and hearty is well served with chapati, or rice."
https://www.mygingergarlickitchen.com/toasted-coconut-sesame-rice-krispie-and-multigrain-cheerios-dark-chocolate-bars/,Toasted Coconut Rice Krispie & Multigrain Cheerios Bars,"Toasted Coconut Sesame Rice Krispie and Multigrain Cheerios Dark Chocolate Bars. These particular bars have toasted coconut, toasted sesame seeds, marshmallow, coconut oil, rice krispie, multigrain cheerios and dark chocolate. They are simply amazing."
https://www.mygingergarlickitchen.com/3-bean-thick-dal-makhani/,3 Bean Thick Dal Makhani - 3 Bean Curry,"3-Bean Thick Dal Makhani is a tweaked version of authentic Dal Makhani. This is rich, classic, creamy, flavorful and spicy curry. The more you cook this dal on simmer, the more exotic flavours you will get in this dal. The key of making most flavorful makhani is slow cooking."
https://www.mygingergarlickitchen.com/kitchen-hacks/,KITCHEN-HACKS,KITCHEN-HACKS
https://www.mygingergarlickitchen.com/black-eyed-bean-mushroom-curry-recipe/,Black-eyed Bean Mushroom Curry,"Black-eyed Bean Mushroom Curry is a spicy Indian curry and an easy side dish, prepared with black-eyed beans, sautéed mushrooms, and spices. Soft and creamy black-eyed beans are full of nutrients, and adding mushrooms make them more enjoyable with a distinct flavor."
https://www.mygingergarlickitchen.com/17-cooking-tips-ebook-download-page/,Get your Free Amazing Cooking Tips Ebook,Get your Free Amazing Cooking Tips Ebook by entering required details.
https://www.mygingergarlickitchen.com/almond-rose-rabri-dash-saffron/,Almond Rose Rabri,"Almond Rose Rabri With a dash of Saffron is a perfect dessert for any day, or when you have cravings for sweet. You can make this for festivals, as weekend family dessert. Eat it warm or at room temperature, or even chilled. But warm is always so good during winters."
https://www.mygingergarlickitchen.com/chana-manipuri-chana-kanghou-recipe/,Chana Manipuri – Chana Kanghou,"Chana Manipuri (Kanghou) is a traditional Manipuri dish, which is served as a snack. This is a very popular street snack in Manipur, and goes perfect with hot tea and coffee. Chana Manipuri Kanghou is a quick, simple, organic and healthy dish."
https://www.mygingergarlickitchen.com/burger-bhaji/,Vegetable Bhaji Burger,"Burger Bhaji is classic twist to an indian street food Pav Bhaji. The bhaji is is delicous combintaion of mashed vegetables spices. This bhaji is generally served with pav, and I am serving with burger. I have combined two of our favourite recipes to serve a bhaji in a bun."
https://www.mygingergarlickitchen.com/blueberry-kiwi-cooler-recipestory/,Blueberry Kiwi Cooler,"Blueberry Kiwi Cooler is very refreshing, tangy and sweet drink. Basically, a tall glass is just perfect to sip and relax on any evening. This vibrant and gorgeous blue mocktail has enough to entice you to enjoy this drink. An awesome delight to quench your thirst! This mighty drink would be ready to serve in less than 5 minutes."
https://www.mygingergarlickitchen.com/spiced-aloo-raita-potato-raita-yogurt-salad-recipe/,Aloo Raita – Potato Raita,"Potato Raita is a yogurt based tangy spiced condiment. It is quite easy to make and at the same time, very nutritious. Aloo Raita or Potato Raita is prepared with boiled potato added to seasoned yogurt. Goes well with Rice, paratha or pulav."
https://www.mygingergarlickitchen.com/pepper-onion-potato-paratha/,Stuffed Aloo Pyaz Paratha - Pepper Onion Potato Flatbread,"Pepper Onion Potato Paratha. Here are some general basics about stuffed parathas. Stuffed parathas are whole wheat Indian flat bread. Stuffing can vary from potatoes, peas, onion, zucchini, pepper, cauliflower, cabbage, paneer, radish, carrot, cheese, and so on."
https://www.mygingergarlickitchen.com/mung-bean-pita-burger-with-caramelized-oranges-and-mango-chutney/,Mung Bean Pita Burger With Caramelized Oranges ,"Mung Bean Pita Burger With Caramelized Oranges And Mango Chutney is made with green gram. This is a cheese free burger, and also this packed with lots of fruits and veggies."
https://www.mygingergarlickitchen.com/orange-prune-loaf-recipe/,Orange Prune Loaf ,"This quick, easy and delicious Orange Prune Loaf is an orange flavoured sweet bread. This recipe uses Orange juice and orange zest for that extra citrus punch. Just bake it for your family, and make them fall in love with the enticing citrus flavours."
https://www.mygingergarlickitchen.com/peas-coconut-peda/,Peas Coconut Peda Recipe - Matar Nariyal Ke Pede,"Peas Coconut Peda Recipe | Matar Nariyal Ke Pede — they are are soft, buttery, creamy, and with a little bit nutty. They would just melt in your mouth."
https://www.mygingergarlickitchen.com/enchanting-banana-blueberry-lassi-recipe/,Banana Blueberry Lassi - Flavoured Yogurt Drink,"Enchanting Banana Blueberry Lassi is a yogurt based smoothie, which is considered to be a healthy and nutritious drink."
https://www.mygingergarlickitchen.com/herbs-and-spices-are-good-for-elderly-people/,Herbs And Spices Are Good For Elderly People,Herbs And Spices Are Good For Elderly People
https://www.mygingergarlickitchen.com/spinach-kofta-biryani-vegetarian-recipe/,Spinach Kofta Biryani - Vegetarian,"Spinach Kofta Biryani is a highly seasoned dish which is layered with fragrant long-grained rice. They are prepared with tomato gravy, sautéed vegetables, and spinach koftas."
https://www.mygingergarlickitchen.com/mint-coriander-tandoori-roti-video-recipe/,Mint Coriander Tandoori Roti Recipe,Mint Coriander Tandoori roti is a tweaked and aromatic version of very popular Indian flatbread which is made from whole-wheat flour which is usually made in a clay oven called a tandoor.
https://www.mygingergarlickitchen.com/how-does-cooking-with-unfiltered-tap-water-affect-your-food/,How Does Cooking With Unfiltered Tap Water Affect Your Food,How Does Cooking With Unfiltered Tap Water Affect Your Food
https://www.mygingergarlickitchen.com/3-types-of-soups-you-can-make-with-this-wonderful-grinder/,3 Types of Soups You Can Make with This Wonderful Grinder,3 Types of Soups You Can Make with This Wonderful Grinder
https://www.mygingergarlickitchen.com/ketogenic-sugar-free-chocolate-modak-recipe/,Ketogenic and Sugar-Free Chocolate Modak Recipe,Ketogenic and Sugar-Free Chocolate Modak Recipe
https://www.mygingergarlickitchen.com/my-books/,My-Books,My-Books
https://www.mygingergarlickitchen.com/mushroom-peas-corn-pulav-recipe/,Mushroom Peas Corn Pulav,"Mushroom Peas Corn Pulav is an Indian spiced rice dish; prepared with mushroom, corn kernels, peas, onion, and raisins. This is a wonderful lunch recipe."
https://www.mygingergarlickitchen.com/eggless-gulkand-mug-cake-rose-mug-cake-recipe-video/,Eggless Gulkand Mug Cake in 2 Minutes - Rose Mug Cake,"Learn to make Eggless Gulkand Mug Cake in 2 Minutes | Rose Mug Cake Recipe with step by step video instructions. What I love most about this mug cake is that it is super quick, unconditionally palatable, spongy, and so full of delightful rosy fragrance."
https://www.mygingergarlickitchen.com/banana-pineapple-upside-cake-video-recipe/,Banana Pineapple Upside Down Cake - Video Recipe,"This stunning Banana Pineapple Upside Down Cake makes a great dessert, tea time snack, brunch or even breakfast. This upside-down cake is moist and has a crisp edge. Topped this slightly warm cake with whipped cream, some nuts, glazed cherries, bananas, and pineapples. Just YUM!"
https://www.mygingergarlickitchen.com/diwali-sabji-recipes/,20 Diwali Sabji Recipes,"This Diwali, light up your homes with our festive sabji recipes. Here we have a delectable collection of 20 Best Diwali Sabji Recipes, which are simple yet festive enough to go on your dinner table during Diwali. They are good enough to spread cheerful bright smiles on the faces of your loved ones."
https://www.mygingergarlickitchen.com/seasoned-sweet-potato-vada-grilled-pita-burger-vegetarian-recipe/,Seasoned Sweet Potato Vada Grilled Pita Burger,"Seasoned Sweet Potato Vada Grilled Pita Burger is super delicious burger is made with seasoned sweet potato filling, which is dipped gram flour batter, and pan fried."
https://www.mygingergarlickitchen.com/beetroot-duppad-beetroot-split-flatbread-recipe/,Beetroot Duppad – Beetroot Split Flatbread Recipe,Duppad is a layered Indian Flatbread separated into two layers after cooking. Duppad is a hindi word which means two layers. This beautifully unique split flatbread comes with the added benefits of beetroot.
https://www.mygingergarlickitchen.com/rajma-masala-spiced-kidney-beans-in-tomato-rich-gravy/,Rajma Masala - Spiced Kidney Beans in Tomato Rich Gravy,"Rajma is a quintessential North Indian delicacy. This is an aromatic curry which is cooked in rich, creamy, and spicy tomato sauce. This is served along with flat bread or rice."
https://www.mygingergarlickitchen.com/5-hacks-on-how-to-make-delicious-espresso-with-an-espresso-machine/,5 Hacks on How to Make Delicious Espresso With Machine,5 Hacks on How to Make Delicious Espresso With an Espresso Machine at Your Kitchen.
https://www.mygingergarlickitchen.com/lehsuni-sev-garlicky-gram-flour-noodles-video-recipe/,Lehsuni Sev - Garlicky Gram Flour Noodles,Lehsuni Sev aka Garlicky Gram Flour Noodles are crispy fried garlic flavoured snacks. The crunchy (noodles) sev has a very distinct and delectable garlic flavour. The addition of crushed garlic enhances the taste and makes them addictive. This is best served with a hot cup of tea/coffee.
https://www.mygingergarlickitchen.com/sizzling-mushroom-tikki-recipe/,Sizzling Mushroom Tikki – Mushroom Cutlet,"Sizzling Mushroom Tikki is a cutlet recipe. Which is prepared with mushroom, onion, potatoes, and some spices. This is a perfect vegetarian snack recipes."
https://www.mygingergarlickitchen.com/know-make-crystallized-honey-melt-againkitchen-tips/,How to make crystallized honey melt again [Kitchen-Tips],Do you know how to make crystallized honey melt again [Kitchen-Tips]
https://www.mygingergarlickitchen.com/red-cabbage-stuffed-paratha-recipe/,Red Cabbage Stuffed Paratha,"Red Cabbage Stuffed Paratha is a delicious Indian flatbread stuffed with scrumptious cabbage stuffing with onions, and a mix of spices. Red Cabbage Paratha is a uniquely flavorful flatbread and comes with goodness of shredded red cabbage."
https://www.mygingergarlickitchen.com/chana-dal-red-cabbage-tikki/,Chana Dal Cabbage Tikki,"Chana Dal Cabbage Tikki is a healthy and delicious tea-time Indian snack which can also be served as an appetizer or a brunch. These hearty and wholesome Chana Dal Cabbage Tikkis are beautifully flavored with spices. These tikkis are roasted in very little oil. Hence, they are very light on your stomach."
https://www.mygingergarlickitchen.com/curried-potato-cauliflower-topped-naan-pizza/,Indian Style Curried Potato Cauliflower Naan Pizza,"Learn to make Curried Potato Cauliflower Topped Naan Pizza with an easy step-by-step video tutorial. Everyone knows about Naan pizzas, I mean they are so common everywhere. People just love to call them “Naanizza”.Naan Pizza is the amazing blend of Indian flavors in an Italian way."
https://www.mygingergarlickitchen.com/persimmon-chocolate-bundt-cake-with-video/,Persimmon Chocolate Bundt Cake [With Video],"Try this super easy, and mouth-watering Persimmon Chocolate Bundt cake. This cake is fruity-sugary-sweet and chocolatey, as a chocolate cake tend to be."
https://www.mygingergarlickitchen.com/classic-potato-bell-pepper-stir-fry/,Aloo Shimla Mirch - Potato Bell Pepper Stir-Fry,"Classic Potato Bell Pepper Stir-fry is a simple, easy and delicious side dish for Lunch or Dinner. It is prepared with potatoes, bell pepper, onions, peas, and seasoned with the blend of spices."
https://www.mygingergarlickitchen.com/rajma-tofu-paratha-pocket-bites-with-boondi-raita-video-recipe/,Rajma Tofu Paratha Pocket Bites With Boondi Raita,Rajma Tofu Paratha Pocket Bites With Boondi Raita! These spicy and delicious Rajma Tofu Paratha pockets are a wholesome meal which would taste even better when served with boondi raita. This is a mouth-watering breakfast full of protein and iron.
https://www.mygingergarlickitchen.com/strawberry-white-hot-chocolate-video/,Strawberry White Hot Chocolate Recipe,This rich and classic strawberry white hot chocolate is made with fresh strawberries blended with milk and cream. A super fast pink and delicious hot chocolate which can be made in 15 minutes from start to finish.
https://www.mygingergarlickitchen.com/apple-cucumber-mozzarella-pearls-salad/,Apple Cucumber Mozzarella Pearls Salad,"This easy Apple Cucumber Mozzarella Pearls Salad is so fresh, and is literally bursting with color and flavor! It is trouble-free to put together too."
https://www.mygingergarlickitchen.com/chocolate-coconut-delights-video-recipe/,Chocolate Coconut Delights ,"Chocolate Coconut Delights are a super easy, simple, and quick chocolate dessert. In this particular recipe Mawa/khoya is cooked with desiccated coconut, cocoa powder shaped into discs."
https://www.mygingergarlickitchen.com/a-guide-on-choosing-the-perfect-kitchen-tools-for-cooking/,A Guide On Choosing The Perfect Kitchen Tools For Cooking,A Guide On Choosing The Perfect Kitchen Tools For Cooking
https://www.mygingergarlickitchen.com/sweet-potato-pumpkin-kebabs-with-video/,Sweet Potato Pumpkin Kebabs - Video Recipe,"Sweet Potato Pumpkin Kebabs. They are crunchy on the outside, soft, cheesy and nutty in the middle, sweet from the sweet potatoes, pumpkin, spiced from spices."
https://www.mygingergarlickitchen.com/contact/,Contact Us - My Ginger Garlic Kitchen,Contact Us
https://www.mygingergarlickitchen.com/search/,Search Recipes - My Ginger Garlic Kitchen,"Search your favorite recipes. Simply enter your search term in the box on this page, and results will appear just below it."
https://www.mygingergarlickitchen.com/know-chop-raisins-without-sticking-kitchen-tips/,How to chop raisins without sticking [Kitchen-Tips],Do you know how to chop raisins without sticking [Kitchen-Tips]
https://www.mygingergarlickitchen.com/spiced-fenugreek-beet-baked-mathri/,Spiced Fenugreek Beet Baked Mathri,Spiced Fenugreek Beet Baked Mathri . Mathri (cracker) is a traditional classic North Indian afternoon tea time snack. It is made with all-purpose flour aka maida and wheat flour or semolina.
https://www.mygingergarlickitchen.com/bookbonus/,Book Bonuses – Your Free Gifts,Book Bonuses – Your Free Gifts
https://www.mygingergarlickitchen.com/salty-sweet-whole-wheat-onion-crackers-video-recipe/,Salty-Sweet Whole Wheat Onion Crackers Recipe,"These Salty-Sweet Whole Wheat Onion Crackers are deeply crispy and crunchy. They are somethings you will simply be unwilling to resist. For these crackers I added sugar, but just a little bit. The little sweetness from sugar beautifully compliments the savoury flavour."
https://www.mygingergarlickitchen.com/categories/south-indian-recipes/,#N/A,#N/A
https://www.mygingergarlickitchen.com/things-every-restaurant-needs/,Things Every Restaurant Needs,Things Every Restaurant Needs
https://www.mygingergarlickitchen.com/9-amazing-egg-slicer-kitchen-hacks/,9 Amazing Egg Slicer Hacks – Kitchen Hacks,9 Amazing Egg Slicer Hacks – Kitchen Hacks
https://www.mygingergarlickitchen.com/red-cabbage-cauliflower-radish-chickpea-pancake-vegetarian-recipe/,Red Cabbage Cauliflower Radish Chickpea Pancake,"Red Cabbage Cauliflower Radish Chickpea Pancake is a savory pancake, made with awesomely delicious vegetables; such as red cabbage, cauliflower, radish, and spring onions."
https://www.mygingergarlickitchen.com/roasted-cauliflower-pilaf-watermelon-sauce-video-recipe/,Roasted Cauliflower Pilaf With Watermelon Sauce,Learn to make Cauliflower Pilaf | Roasted Cauliflower Pilaf With Watermelon Sauce Recipe with a quick video tutorial — This Roasted Cauliflower Pilaf With Watermelon Sauce has the mouth-watering deliciousness of a comfort food at its best. You can enjoy it without any guilt.
https://www.mygingergarlickitchen.com/honeydew-melon-radish-salad-bowls-video-recipe/,Honeydew Melon Radish Salad Bowls ,"Honeydew Melon Radish Salad Bowl is an easy, fast, fresh, healthy and delish salad. The Dressing is slightly sweet, a little bit spicy and perfectly tangy. It really goes very well with the flavors and textures of this salad. The dressing adds just the right touch to the salad without overpowering the natural sweetness of the fruit. I have added some honey to the dressing for sweetness and to help bring out the juices in the fruit. This is VEGAN DAIRY_FREE and GLUTEN-FREE too."
https://www.mygingergarlickitchen.com/bell-peppers-taste-paradise-food-styling-photography/,"Bell Peppers, The taste of paradise. [Stock Photo]","Bell Peppers, The taste of paradise. [Stock Photo]"
https://www.mygingergarlickitchen.com/know-measure-honey-non-sticky-way-cooking-tips/,How to measure honey the non-sticky way – [Cooking -Tips],Do you know how to measure honey the non-sticky way – [Cooking -Tips]
https://www.mygingergarlickitchen.com/empty-belly-best-cook-food-quote/,An Empty Belly Is The Best Cook – [Food Quote],An Empty Belly Is The Best Cook – [Food Quote]
https://www.mygingergarlickitchen.com/strawberry-kiwi-sparkling-cooler-video/,Strawberry Kiwi Sparkling Cooler Recipe,"The flavors of the strawberry and kiwi are really the ones you cannot beat — so much freshness and a solid kick of sweetness. And the most awesome part is that it really is just strawberry soda/seltzer water, no sugar only honey. Plus, all the fruity goodness."
https://www.mygingergarlickitchen.com/candied-sago-pudding-blueberry-sauce-recipe/,Candied Sago Pudding with Blueberry Sauce,"Candied Sago Pudding With Blueberry Sauce is a super tasty, beautiful, and excellent pudding. Made with sago, milk, sugar and flavoured with blueberry sauce."
https://www.mygingergarlickitchen.com/peas-corn-coconut-masala-recipe/,Peas Corn Coconut Masala,"Peas Corn Coconut Masala sounds so natural as a name. Believe me, curry is strikingly natural too. This is a quick curry, which is easy to make, healthy and packed with all the spicy flavour one can ask for."
https://www.mygingergarlickitchen.com/categories/beverage-recipes/,#N/A,#N/A
https://www.mygingergarlickitchen.com/szechuan-spiced-carrot-fettuccine-video-recipe/,Szechuan Spiced Carrot Fettuccine Recipe,"Szechuan Spiced Carrot Fettuccine is such a perfect light meal, be it for lunch or dinner. This is the most beautiful, mouthwatering, spicy, flavorful, vegan and gluten free fettuccine. And it packs so much flavor. The carrots are slightly crunchy and they are best when paired nicely with this spicy sauce. It has Szechuan sauce, veggies, zesty tahini garlic paste, hot sauce for some spicy goodness and some tomato ketchup for tang and sweetness."
https://www.mygingergarlickitchen.com/banana-berry-choco-coffee-smoothie-video-recipe/,Banana Berry Choco Coffee Smoothie,"Banana-Berry Choco-Coffee Smoothie is just so simple yet so festive. And I must say it has got all the flavors of Christmas. It has the sweetness of banana, tang of berries (strawberry+raspberry). Distinct flavor of coffee, and the right amount of chocolate powder to shine that flavor."
https://www.mygingergarlickitchen.com/etiquette-guide-for-eating-in-a-michelin-starred-restaurant/,Etiquette guide – Eating in a Michelin starred restaurant,"It is the time to speak about Michelin starred restaurants. All of us would want at least once in our lives to eat at a prestigious restaurant, imagine the taste, impeccable services, and the clear white tablecloths."
https://www.mygingergarlickitchen.com/chickpea-zucchini-mushroom-pizza-with-pickled-peppers-and-olives/,Chickpea Zucchini Mushroom Pizza with Pickled Peppers,"Chickpea Zucchini Mushroom Pizza with Pickled Peppers and Olives. I rolled the dough first. Spread generous amount of sauce over pizza. Spread mozzarella cheese. Added zucchini, chickpeas, mushroom, sun-dried tomatoes, olives, onion and pickled peppers. Some more cheese and baked it."
https://www.mygingergarlickitchen.com/vegetarian-recipe-vegetable-pan-pizza/,Vegetarian Pan Pizza Recipe,"Vegetable Pan Pizza, is just a simple, quick, yet delectably appetizing full meal recipe. Which can be served at anytime to anyone."
https://www.mygingergarlickitchen.com/quick-and-easy-pineapple-kiwi-honey-yogurt-parfait/,Quick & Easy Kiwi Pineapple Honey Yogurt Parfait,"Quick And Easy Pineapple Kiwi Honey Yogurt Parfait is a light fruity and delicious parfait with kiwi, pineapple, yogurt, honey and cookies. It tastes best with fresh fruits, but you can also use canned pineapples. And if you want to have these for desserts too, then you have plenty of time for chilling. So just chill it for about 1-2 hours, and you are good to go."
https://www.mygingergarlickitchen.com/know-make-vegetables-exotic-cooking-tips/,How to make vegetables more exotic [Cooking -Tips],Do you know how to make vegetables more exotic [Cooking -Tips]
https://www.mygingergarlickitchen.com/chocolate-chip-cookies-salted-peanuts-caramel-ice-cream-sundae/,Chocolate Chip Cookies Salted Peanuts Ice-cream Sundae,Chocolate Chip Cookies Salted Peanuts Caramel Ice-cream Sundae. This easy to make Sundae is a love affair between chocolate chip cookies and caramel ice-cream.
https://www.mygingergarlickitchen.com/tips-make-perfect-coffee/,Tips To Make a Perfect Coffee,Tips To Make a Perfect Coffee
https://www.mygingergarlickitchen.com/know-prevent-ice-cream-becoming-rock-hard-cooking-tips/,How to prevent ice cream from becoming hard [Cooking-Tips],Do you know how to prevent ice cream from becoming rock hard [Cooking-Tips]
https://www.mygingergarlickitchen.com/kidney-bean-tostadas-bell-pepper-salsa/,Kidney Bean Tostadas with Bell Pepper Salsa,"Kidney Bean Tostadas with Bell Pepper Salsa is a mexican, spanish dish for very famous for lunch or dinner. This is full of awesomeness includes bell pepper."
https://www.mygingergarlickitchen.com/cooking-tips-peel-orange-tomato-skin-effortlessly/,"How To Peel Off Orange, Or Tomato Skin Effortlessly ","Cooking Tips – How To Peel Off Orange, Or Tomato Skin Effortlessly"
https://www.mygingergarlickitchen.com/featured/,#N/A,#N/A
https://www.mygingergarlickitchen.com/spiced-rice-lentils-with-grilled-pineapple-and-cucumber-honey-lemon-yogurt/,Spiced Rice Lentils with Grilled Pineapple,"Spiced Rice Lentils aka khichdi with Grilled Pineapple And Cucumber Honey Lemon Yogurt is a vibrant platter full of good health and deliciousness. This khichdi is indeed mouthwatering as such without anything, but I like it best served with grilled pineapple and fruity yogurt! Mmmmm, no matter what I say, this meal is divine. This is AWESOME."
https://www.mygingergarlickitchen.com/chocolate-pots-de-creme/,Chocolate Pots De Creme,"Chocolate Pots de Creme is a name for a classic and elegant French dessert which means 'The Pot Of Custard' or 'The Pot Of Cream'. The egg yolks make this recipe moist rich and creamy, and turn it into a finest and smoothest dessert that I could ever think of. This is almost like a chocolate pudding, but a thousand times better."
https://www.mygingergarlickitchen.com/caramelized-banana-with-nuts-and-mango-yogurt-video-recipe/,Caramelized Banana with Nuts and Mango Yogurt ,"The Caramelized Banana With Nuts And Mango Yogurt is perfect as dessert, or a breakfast, or even snack! You can satisfy your sweet cravings with this dessert without feeling guilty."
https://www.mygingergarlickitchen.com/honeyed-honey-melon-raita-recipe/,Honeyed Honey Melon Raita,"Honeyed Honey Melon Raita is a sweet yogurt condiment. This is a raita made with diverse ingredients, which is prepared with honey-melon, sweetened with honey."
https://www.mygingergarlickitchen.com/tips-to-prevent-eggplants-from-turning-black/,Tips To Prevent Eggplants From Turning Black,TIPS TO PREVENT EGGPLANTS FROM TURNING BLACK
https://www.mygingergarlickitchen.com/corn-cream-cheese-flatbread-with-orange-vinaigrette-video/,Corn Cream Cheese Flatbread with Orange Vinaigrette,"Corn Cream Cheese Flatbread with Orange Vinaigrette is a cheesy flatbread but different from pizza. The cream cheese is not baked like pizza, instead it is spread on flatbread along with parsley + basil pesto + honey + ground pepper + salt. Isn’t it making you drool already? It has all the goodness of cheese, fruits and veggies."
https://www.mygingergarlickitchen.com/seasoned-syrupy-plum-chaat-recipe/,Seasoned Syrupy Plum Chaat,"Seasoned Syrupy Plum chaat is a similar version of the very famous fruit chaat, an Indian street delicacy. Fruits are seasoned with spices and chutneys in this dish."
https://www.mygingergarlickitchen.com/15-minutes-creme-fraiche-raspberry-peas-lemony-pasta/,15 Minutes Creme Fraiche Raspberry Peas Lemony Pasta,15 Minutes Creme Fraiche Raspberry Peas Lemony Pasta. When you are in a dilemma on what to eat. A warm or cold summery fruity pasta would do the magic. The one that did its magic this weekend for us was – 15 Minutes Creme Fraiche Raspberry Peas Lemony Pasta. This one fits well in such situations.
https://www.mygingergarlickitchen.com/best-homemade-ice-cream-recipes/,11 Best Homemade Ice Cream Recipes,11 Best Homemade Ice Cream Recipes
https://www.mygingergarlickitchen.com/tropical-brushetta-with-berry-yogurt-cheese/,Tropical Bruschetta with Berry Yogurt Cheese,"Tropical Bruschetta Recipe | Tropical Bruschetta with Berry Yogurt Cheese — Tropical Bruschetta with Berry Yogurt Cheese is a versatile appetizer with an awesome twist on a classic Bruschetta. These are classy, healthy, sweet, delicious and full of gorgeous flavors appetizers."
https://www.mygingergarlickitchen.com/know-store-spices-maintain-flavour-cooking-tips/,How to store spices [Cooking-Tips],Do you know how to store spices to maintain their flavour  [Cooking-Tips]
https://www.mygingergarlickitchen.com/privacy-policy/,PRIVACY POLICY - My Ginger Garlic Kitchen,PRIVACY POLICY
https://www.mygingergarlickitchen.com/diwali-curry-recipes/,38 Diwali Curry Recipes,A Diwali feast is essential for any festival. Authentic Indian meal includes some curry dishes. Or it can be said that any elaborate Indian meal is incomplete without curries. Here is a collection of wonderfully spiced 38 Vegetarian Indian Curry Recipes which you can make for Diwali. This Diwali Curry recipes collection covers recipes from restaurant or dhaba style to homestyle curries.
https://www.mygingergarlickitchen.com/tags/vegan/,#N/A,#N/A
https://www.mygingergarlickitchen.com/cook-bright-white-rice/,HOW TO COOK BRIGHT WHITE RICE,HOW TO COOK BRIGHT WHITE RICE
https://www.mygingergarlickitchen.com/best-recipes-that-will-make-you-buy-a-smoker/,Best Recipes That Will Make You Buy A Smoker,"Buying a smoker is not a move that everyone makes. If you love smoked food, you might have thought about getting a smoker. As you ready your mind for that action, you may need to prepare yourself for some smoked meat, and not just in summer. Some of the greatest recipes of all time can work all year around. Here are some great recipes that will merit a new smoker today."
https://www.mygingergarlickitchen.com/cooking-tips-use-instead-fresh-coconut/,Cooking Tips – What To Use Instead Of Fresh Coconut,Cooking Tips – What To Use Instead Of Fresh Coconut
https://www.mygingergarlickitchen.com/categories/pressure-cooked-recipes/,#N/A,#N/A
https://www.mygingergarlickitchen.com/tips-to-take-the-effort-out-of-catering-your-own-party/,4 Tips to Take the Effort Out of Catering Your Own Party,"Let’s face it, some people are simply made for throwing a huge, impressive and enjoyable party. If that’s not you, you probably balk at the idea of celebrating your next birthday party or a special holiday. What if you get stuck with making all the food, decorating and keeping everyone entertained."
https://www.mygingergarlickitchen.com/adult-beer-float-video-recipe/,Adult Beer Float - Video Recipe,"Adult Beer Float — Vanilla bean ice cream and home brewed beer combined with a dollop of whipped cream and a drizzle of caramel sauce would make an ultimate weekend adult drink. Plus, they can satisfy your dessert cravings. Also, making them is 2 minutes game. Other than that, drinking them is so much fun. Perfect for any home-party."
https://www.mygingergarlickitchen.com/summer-berry-salad-with-salted-peanuts-and-walnuts/,Summer Berry Salad With Salted Peanuts and Walnuts,Summer Berry Salad With Salted Peanuts and Walnuts would make a perfect lunch or an elegant brunch. And this is even perfect for takeaway lunches. Just add the dressing on before you eat it so that the lettuce stays nice and crisp.. This is a perfect dish for those days when we are really in a hurry. It’s filler yet light on the stomach.
https://www.mygingergarlickitchen.com/cooking-tips-remove-garlic-skin/,Cooking Tips – How To Remove Garlic Skin,Cooking Tips – How To Remove Garlic Skin
https://www.mygingergarlickitchen.com/cooking-tips-keep-vegetables-green-cooking/,Cooking Tips – How To Keep Vegetables Green After Cooking,Cooking Tips – How To Keep Vegetables Green After Cooking
https://www.mygingergarlickitchen.com/16-flatbread-recipes-you-would-love-to-try/,16 Flatbread Recipes You Would Love to Try,16 Flatbread Recipes You Would Love to Try
https://www.mygingergarlickitchen.com/freshly-prepared-meal-service-review/,5 Considerations When Choosing a Prepared Meal Service,5 Considerations When Choosing A Freshly Prepared Meal Service - My Ginger Garlic Kitchen
https://www.mygingergarlickitchen.com/know-prevent-cutting-board-sliding-kitchen-tips/,Hhow to prevent cutting-board from sliding [Kitchen-Tips],Do you know how to prevent cutting-board from sliding [Kitchen-Tips]
https://www.mygingergarlickitchen.com/tag/aloo-tikki-burger-mcdonalds/,#N/A,#N/A
https://www.mygingergarlickitchen.com/6-quick-and-easy-no-churn-ice-cream-recipes/,6 Quick and easy no-churn ice cream recipes [with video],"These 6 quick and easy no-churn Ice Cream Recipes are very simple and delicious. There is no egg involved in making easy ice icy treats. Condensed milk is the secret ingredient behind these ice cream's incredibly creamy texture. All these homemade no-churn ice cream recipes are made without an Ice Cream Maker. You only need a hand blender to make these wonderful ice cream recipes. Yes, you heard me right. Now you don't need an ice cream maker to cook up a delicious icy treat."
https://www.mygingergarlickitchen.com/5-anti-cancer-food-stuffs-you-should-be-cooking-with/,5 Anti-Cancer Food Stuffs You Should Be Cooking With,5 Anti-Cancer Food Stuffs You Should Be Cooking With
https://www.mygingergarlickitchen.com/categories/rajasthani-recipes/page/2/,#N/A,#N/A
https://www.mygingergarlickitchen.com/sugar-made-simple-stock-photo/,Sugar Made Simple [Stock Photo],Sugar Made Simple [Stock Photo]
https://www.mygingergarlickitchen.com/real-taste-pepper-stock-photo/,The Real Taste of Pepper [Stock Photo],The Real Taste of Pepper [Stock Photo]
https://www.mygingergarlickitchen.com/things-you-can-do-with-your-bread-machine/,Things You Didn’t Know You Can Do With Your Bread Machine,Things You Didn’t Know You Can Do With Your Bread Machine
https://www.mygingergarlickitchen.com/5-cooking-accessories-that-will-change-your-life/,5 Cooking Accessories That Will Change Your Life,"5 Cooking Accessories That Will Change Your Life - Cooking is a necessary part of life whether you are a college student or a parent of five. However, that does not mean that preparing food needs to be particularly difficult. If you like to cook and want to be more efficient, or if you despise cooking and wish it to be done as quickly as possible, then these five devices are for you."
https://www.mygingergarlickitchen.com/25-chocolate-recipes-to-try-this-christmas/,25 Chocolate Recipes to Try This Christmas,25 Chocolate Recipes to Try This Christmas
https://www.mygingergarlickitchen.com/tags/toast-sandwich-recipe-in-hindi/,#N/A,#N/A
https://www.mygingergarlickitchen.com/5-accessories-every-cook-needs-for-their-kitchen/,5 Accessories Every Cook Needs for Their Kitchen,"If you have a passion for cooking, then it is a great idea to stock up your kitchen with some of the most useful and stylish accessories that all cooks need."
https://www.mygingergarlickitchen.com/new-1-bestseller-book/,My new #1 Bestseller Book!,My new #1 Bestseller Book!
https://www.mygingergarlickitchen.com/?cat=86,#N/A,#N/A
https://www.mygingergarlickitchen.com/categories/north-indian-recipes/,#N/A,#N/A
https://www.mygingergarlickitchen.com/categories/potato-recipes/page/4/,#N/A,#N/A
https://www.mygingergarlickitchen.com/tomato-try-will-like-stock-photo/,"Tomato, Try It You Will Like It [Stock Photo]","Tomato, Try It You Will Like It [Stock Photo]"
https://www.mygingergarlickitchen.com/categories/gluten-free-recipes/page/21/,#N/A,#N/A
https://www.mygingergarlickitchen.com/tags/oat-recipes/,#N/A,#N/A
https://www.mygingergarlickitchen.com/categories/north-indian-recipes/page/13/,#N/A,#N/A
https://www.mygingergarlickitchen.com/categories/north-indian-recipes/page/2/,#N/A,#N/A
https://www.mygingergarlickitchen.com/how-to-find-products-for-the-gluten-free-diet/,How to Find Products For The Gluten-Free Diet In Your City,"How to Find Products For The Gluten-Free Diet In Your City. Whether you are suffering from celiac disease or trying to remove gluten from your life for dietary reasons, you know gluten-free foods are hard to come by."
https://www.mygingergarlickitchen.com/tags/instant-recipes/,#N/A,#N/A
https://www.mygingergarlickitchen.com/for-checking/page/40/,#N/A,#N/A