URL,UNIQUE_PAGEVIEWS_IN_LAST_90_DAYS
/punjabi-chole-bhature-chana-bhatura/,17317
/rajasthani-lehsun-ki-chutney-2-ways-garlic-chutney-video-recipe/,13395
/,9998
/amritsari-chole/,9950
/kashmiri-pink-chai-noon-chai-video-recipe/,9883
/tandoori-paneer-tikka/,9693
/aloo-gobi-dhaba-style-punjabi-dry-aloo-gobi-sabji-video-recipe-potato-cauliflower/,9226
/green-coriander-chutney-3-ways-hare-dhaniye-ki-chutney-hari-chatni/,9210
/potato-peas-stir-fry-aloo-matar-dry-vegetarian-recipe/,8399
/irresistible-potato-red-cabbage-tikki-recipe/,7781
/dal-baati-churma/,7152
/restaurant-style-shahi-kaju-curry-cashew-curry-video-recipe/,7043
/yeast-free-instant-whole-wheat-naan/,6638
/egg-drop-curry-andhra-style-poached-egg-curry-video-recipe/,6039
/quick-mango-kulfi-recipe/,5677
/recipes/,5565
/restaurant-style-rajma-masala-recipe/,5563
/how-to-make-easy-restaurant-style-egg-dum-biryani-recipe/,5426
/besan-gatte-ki-sabzi-gatta-curry/,4884
/fruit-cake/,4833
/jaipuri-aloo-pyaaz-ki-sabzi-potato-onion-curry-video-recipe/,4486
/vegetable-teriyaki-noodles-video/,4224
/rajasthani-mirchi-ke-tipore-instant-chili-pickle-recipe/,3950
/traditional-rajasthani-sev-tamatar-ki-sabzi-recipe-video/,3895
/haldi-ki-sabji-fresh-turmeric-root-curry-video-recipe/,3403
/vada-pav-recipe/,3308
/gujrati-khaman-dhokla-in-2-styles/,3297
/types-of-glasses-for-your-kitchen-cabinets/,3123
/rose-syrup/,3080
/restaurant-style-tadka-dal-recipe-how-to-make-dal-tadka/,3028
/5-bean-curry-recipe/,3000
/jaipuri-pyaaz-ki-kachori-onion-filled-spicy-snack/,2913
/steamed-veg-momos-spicy-chili-chutney-vegetable-momos-recipe-video/,2877
/veg-biryani-recipe-restaurant-style-hyderabadi-veg-dum-biryani-recipe/,2779
/pani-puri-recipe-gol-gappa-recipe-video/,2769
/how-to-make-masala-khichdi-recipe/,2727
/exquisite-rajasthani-dal-dhokli-recipe/,2687
/khaman-dhokla-recipe-how-to-make-instant-soft-and-spongy-dhokla-video-recipe/,2581
/crispy-fried-chana-recipe-crunchy-crispy-chickpeas/,2568
/search/,2348
/rose-masala-chai-how-to-make-rose-tea-video-recipe/,2301
/chocolate-molten-lava-mug-cake/,2285
/aloo-poori-recipe-puri-sabji-recipe-video-aloo-ki-rasewali-sabzi-with-puri/,2281
/cold-coffee-recipe/,2254
/nepalese-whole-wheat-steamed-veg-momos-recipe-video/,2208
/indian-milk-cake/,2150
/restaurant-style-indian-garlic-naan-3-ways-video-recipe/,2137
/how-to-make-dal-bafla-bafla-bati-in-oven-and-pan-video-recipe/,2084
/instant-pot-mung-bean-curry/,2077
/10-genius-space-saving-ideas-for-small-kitchens/,2075
/restaurant-style-dal-makhani-punjabi-maa-ki-dal-video-recipe/,2047
/how-to-make-soft-roti-phulka-recipe-chapati-video-recipe/,1995
/kala-chana-sprouts-chaat-black-chickpeas-chaat-video-recipe/,1990
/oreo-mug-cake/,1938
/rajasthani-khoba-roti-video/,1874
/hot-chocolate/,1850
/mascarpone-cream-cheese-chocolate-mousse-cups/,1845
/pasta-arrabiata/,1775
/stuffed-masala-bati/,1772
/classic-spicy-cauliflower-pakora-cauliflower-fritters-recipe/,1769
/how-to-make-south-indian-style-peanut-garlic-chutney-video-recipe/,1766
/chana-dal-namkeen/,1720
/rava-uttapam/,1701
/restaurant-style-paneer-pyaza-video-recipe/,1697
/chole-tikki-chaat/,1683
/homemade-ginger-garlic-paste-how-to-make-ginger-garlic-paste-video-recipe/,1662
/blueberry-chia-seed-pudding/,1660
/moong-dal-namkeen/,1637
/carrot-potato-soup/,1622
/punjabi-baingan-bharta-roasted-eggplant-curry-video-recipe/,1611
/indian-paneer-stuffed-naan-video-recipe/,1549
/afghan-naan-bread-video/,1546
/goan-sanna-mangalorean-idlis-goan-steamed-rice-cake-video-recipe/,1541
/how-to-make-lachha-paratha-3-ways/,1521
/how-to-make-paneer-at-home-homemade-paneer/,1514
/creamy-carrot-beet-tomato-soup/,1506
/spiced-kesar-chai-spiced-saffron-tea-video/,1496
/motichoor-ladoo-kheer/,1463
/how-to-make-roasted-cumin-powder-bhuna-jeera-powder-video-recipe/,1412
/indian-spiced-coffee-microwave-recipe/,1386
/rajasthani-tomato-mustard-garlic-chutney/,1381
/how-to-make-perfect-indian-summer-drink-jal-jeera-video-recipe/,1373
/vegetarian-recipe-rajma-tikki-kidney-beans-cutlets/,1361
/masala-kaju/,1298
/bharwa-shimla-mirch-recipe/,1239
/mulled-wine-recipe/,1238
/no-cream-fettuccine-alfredo/,1225
/super-spicy-veggie-pasta-recipe/,1216
/indian-cucumber-chutney-sandwich/,1204
/restaurant-style-matar-paneer-curry-recipe-video/,1201
/khatta-meetha-indori-poha-beaten-rice-fry/,1178
/veg-schezwan-noodles-recipe-video-how-to-make-easy-veg-schezwan-noodles/,1152
/kalakand-recipe/,1143
/masala-peanuts/,1141
/lapsi-recipe/,1134
/indian-style-triple-egg-fried-rice-easy-egg-fried-rice-video-recipe/,1130
/how-to-make-no-churn-3-ingredient-rose-ice-cream-video-recipe/,1129
/how-to-make-double-pyaaz-ka-besan-besan-ki-sabji-video-recipe/,1119
/pepper-onion-potato-paratha/,1096
/achaari-aloo-gobi/,1079
/how-to-make-detox-heart-beet-juice-video-recipe/,1046
/crispy-aloo-palak-pakora-recipe-spinach-potato-fritters/,1017
/orange-smoothie/,1003
/thermal-carafe-vs-glass-carafe-which-coffee-maker-is-better-for-you/,998
/rajasthani-govind-gatta-curry-recipe/,989
/shahi-kadai-mushroom-video-recipe/,967
/make-oats-paratha-oats-green-paratha-2-ways-oats-onion-paratha/,952
/how-to-get-rid-of-ants-around-kitchen-sink/,951
/jaipuri-mawa-kachori-video/,926
/about/,922
/38-diwali-savory-snacks-recipes-you-would-love-to-try/,908
/masala-mathri-2-ways-baked-masala-mathri-recipe-video-spicy-indian-crackers/,888
/best-samosa-recipe/,872
/indian-masala-chai-recipe/,862
/panchmel-dal-panchratan-dal/,859
/aloo-baingan-masala/,854
/how-to-make-instant-bhature/,850
/toor-dal-tadka/,843
/egg-curry-anda-curry-video-recipe/,835
/aloo-poha-recipe/,823
/paush-vada/,820
/masala-shikanji/,811
/halwa-chana-poori-ashtami-prashad-video-recipe/,799
/how-to-make-pakore-ki-sabzi/,796
/coconut-white-chocolate-truffles-video-recipe/,794
/homemade-schezwan-sauce-video-recipe/,788
/no-machine-cafe-mocha/,785
/roasted-beet-falafel-green-tahini-dip-video/,772
/golden-milk-haldi-doodh/,769
/how-to-make-dahi-ke-kabab-yogurt-kebab-dahi-kebab-video-recipe/,769
/non-alcoholic-ginger-mimosa-a-perfect-summer-mocktail/,768
/hare-pyaz-wali-jau-ki-achaari-roti-pickled-spring-onions-barley-flatbread-signature-recipe/,768
/butter-cookies/,761
/til-chikki/,750
/indian-butterscotch-ice-cream-recipe-video/,748
/vegetable-tahiri-recipe-one-pot-veg-tehri/,745
/beet-lemonade/,744
/dark-rum-strawberry-mango-mojito-video/,740
/rajasthani-mohanthal-gujarati-mohanthal-mohan-thal-2-ways-video-recipe/,739
/17-cooking-tips-ebook-download-page/,738
/atta-biscuits-whole-wheat-indian-cookies-video-recipe/,734
/how-to-make-strawberry-panna-cotta-video-recipe/,733
/chilli-cheese-toast/,724
/spinach-kofta-curry-fried-spinach-dumplings-creamy-tomato-sauce-recipe/,718
/white-sauce-pasta-recipe/,717
/best-gulab-jamun-recipe-dessert-sweets-video-recipe/,709
/rajasthani-besan-ke-cheele-ki-sabzi-chickpea-pancake-curry-video-recipe/,707
/jeera-biscuits-eggless-roasted-cumin-cookies-video-recipe/,705
/aloo-ka-halwa-how-to-make-potato-halwa-video-recipe/,698
/peach-chutney/,678
/pineapple-raita-recipe-ananas-raita-recipe/,678
/small-batch-of-fudgy-carrot-brownies/,669
/eggless-tutti-frutti-cookies-recipe-karachi-biscuit/,668
/eggless-mango-mousse/,665
/punjabi-aloo-paratha-recipe-aloo-ka-paratha/,664
/indian-coffee-with-the-scent-of-cinnamon-and-cardamom/,655
/eggless-ladi-pav-dinner-rolls-recipe-video/,654
/importance-cakes-special-occasion/,650
/effortless-blueberry-mug-cake-recipe/,650
/peanut-chikki/,642
/garlic-tandoori-roti-recipe/,637
/banana-date-smoothie/,637
/gujarati-dal-dhokli/,634
/pineapple-coconut-smoothie/,630
/indian-cappuccino-beaten-coffee/,616
/how-to-make-gajar-ka-halwa-carrot-halwa-video-recipe/,615
/upma-recipe/,612
/rajbhog-recipe/,610
/kadai-paneer/,609
/mint-coriander-chutney/,606
/chum-chum-recipe/,599
/ghee-mysore-pak/,598
/mushroom-pepper-corn-masala-recipe/,597
/instant-bread-rasmalai-video-recipe/,595
/roasted-cornflakes-chivda/,591
/khasta-moong-dal-kachori/,588
/how-to-make-ghevar-jaipuri-malai-ghevar-ghewar-video-recipe/,585
/gulkand-pista-kulfi-rose-pistachio-kulfi-recipe/,580
/roasted-beet-kebab-with-beet-dip-video/,578
/instant-coconut-laddu-heat-recipe/,569
/eggless-coconut-cookies/,566
/eggless-triple-chocolate-cookies-video-recipe/,558
/aloo-tikki/,551
/instant-pot-masoor-dal/,549
/tantalizing-cauliflower-korma-curry-recipe-2/,547
/kesari-mawa-peda-indian-milk-fudge-instant-khoya-peda-recipe-video/,543
/besan-stuffed-lauki-curry-video-recipe/,540
/easy-chickpea-and-potato-curry-recipe/,539
/red-velvet-crinkle-cookies-video-recipe/,536
/chana-dal-recipe/,534
/how-to-make-puri-bhaji-poori-bhaji-recipe-video-batata-bhaji-poori-recipe/,531
/perfect-vegetarian-pizza-video-recipe-how-to-make-pizza-dough-from-scratch/,525
/vanilla-ice-cream-recipe/,525
/namak-para-recipe/,524
/cooking-tips-keep-peas-green-boiling/,521
/thai-iced-tea-recipe/,520
/distinctive-red-cabbage-omelet-recipe/,513
/5-ingredient-pumpkin-fritters-pumpkin-gulgula/,511
/chocolate-lava-cake/,505
/rice-chakli-recipe/,505
/baked-masala-potato-wedges-indian-spiced-crispy-potato-wedges-recipe-video/,491
/chocoalte-souffle-video/,490
/how-to-peel-garlic-quickly-in-4-easy-ways/,487
/steamed-besan-gatte-ki-sabzi-recipe-video-rajasthani-adhar-bele-ki-sabji/,484
/beetroot-pachadi-kerala-style/,482
/lemon-rice-recipe/,481
/carrot-cake-cupcakes-with-lemon-ricotta-frosting-video-recipe/,479
/orange-lassi-orange-yogurt-smoothie/,477
/kaju-katli-kaju-burfi-how-to-make-kaju-katli-video-recipe/,475
/sizzling-mushroom-tikki-recipe/,473
/how-to-make-sponge-rasgulla-video-recipe/,472
/banana-coffee-shake/,471
/5-efficient-ways-to-maintain-kitchen-hygiene/,469
/instant-jalebi-recipe/,459
/dal-chawal-paratha-rice-lentils-flatbread/,455
/ginger-cardamom-tea-adrak-ilaichi-wali-chai/,452
/fruit-cream-rice-kheer-recipe-indian-pudding-kheer-dessert/,446
/chocolate-peanut-butter-banana-smoothie/,444
/eggless-chocolate-mousse-cake-recipe/,442
/palak-patta-chaat-recipe-spinach-leaf-fritters/,441
/layered-coconut-burfi/,438
/10-kitchen-hacks-to-slice-and-cut-without-a-knife/,438
/royal-rajasthani-gatta-pulav-recipestory/,438
/exotic-potato-stuffed-tandoori-roti/,437
/til-laddu/,437
/red-cabbage-zucchini-chana-dal/,433
/diwali-sabji-recipes/,432
/chocolate-almond-milk-with-frothy-coffee-video-recipe/,431
/butternut-squash-chickpea-curry/,429
/eggless-apple-pie-mug-cake-video-recipe/,426
/contact/,425
/restaurant-style-chana-masala/,425
/mango-mastani-recipe/,424
/bhel-puri/,421
/nankhatai-indian-shortbread-cookies-video-recipe/,417
/creamy-tofu-bell-pepper-curry-recipe/,413
/fruits-vegetables-fiesta-salad-honey-pepper-dressing/,412
/aloo-palak/,409
/aloo-tikki-chaat/,406
/green-smoothie/,406
/besan-mirchi-ke-tipore/,404
/gobi-manchurian-recipe/,403
/paneer-lababdar/,401
/rye-irish-soda-bread-video-recipe/,397
/kesari-rice-kheer-saffron-rose-flavoured-rice-pudding/,396
/paneer-tikka-masala-recipe/,395
/pav-bhaji-recipe/,391
/a-guide-on-choosing-the-perfect-kitchen-tools-for-cooking/,385
/tofu-matar/,383
/aloo-kulcha-recipe/,380
/rajasthani-gulab-churma-rose-choorma-recipe-video/,379
/gulkand-lassi-recipe-make-rose-lassi/,379
/palak-paneer-recipe-video/,378
/homemade-sweetened-condensed-milk-video-recipe/,376
/holiday-fruit-and-nut-ice-cream-video-recipe/,375
/strawberry-banana-oat-smoothie/,370
/strawberry-shrikhand-recipe/,368
/mughlai-navratan-korma-white-gravy-navratan-kurma-recipe-video/,361
/bhindi-tofu-masala-okra-tofu-stir-fry/,358
/dairy-free-avocado-chocolate-mousse-with-pistachio-and-raspberry-toppings/,357
/bhakarwadi-recipe/,355
/motichoor-ladoo/,354
/mini-apple-pear-tarte-tatin-video-recipe/,352
/vegetable-jalfrezi/,352
/classic-black-eyed-pea-curry-in-pepper-onion-gravy/,349
/how-to-make-ghee-from-butter/,348
/tangy-spicy-tomato-paratha-tomato-flatbread-recipe/,347
/cheese-garlic-masala-mathri/,345
/lehsuni-dum-aloo-spicy-garlicky-potatoes-video-recipe/,344
/pasta-aglio-e-olio/,344
/vegetarian-recipe-curry-stuffed-bun/,339
/potato-stuffed-bread-pakora-recipestory/,339
/unique-italian-cooking-tech/,338
/instant-oats-rava-dhokla-oats-suji-ka-dhokla-video-recipe/,336
/restaurant-style-paneer-butter-masala-paneer-makhani-video-recipe/,330
/strawberry-lassi-recipe/,323
/chocolate-covered-grapes/,321
/green-tea-watermelon-detox-smoothie/,317
/instant-pot-matar-paneer-recipe/,317
/no-bake-strawberry-cheesecake-bites-video-recipe/,313
/rajasthani-mirchi-vada-video-recipe/,312
/instant-pot-chana-masala/,312
/air-fryer-kale-chips/,311
/spicy-zucchini-waffles-how-to-make-waffled-besan-chilla-video-recipe/,310
/onion-tomato-raita/,310
/no-bake-zebra-cheese-cake-gluten-free-video-recipe/,309
/cabbage-spinach-thepla/,308
/aloo-palak-paratha-potato-stuffed-spinach-flatbread/,307
/palak-ki-puri-recipe-video-make-palak-poori-spinach-puri/,306
/instant-pot-aloo-gobi/,306
/rajasthani-moong-dal-halwa/,305
/bhutte-ka-kees/,304
/til-burfi/,300
/how-to-make-masala-chaas-spiced-buttermilk-video-recipe/,299
/sizzling-bites-of-dalia-tikki-broken-wheat-cutlet/,293
/nayab-chana-masala-spicy-chickpeas-curry-vegetarian-recipe/,292
/5-hacks-on-how-to-make-delicious-espresso-with-an-espresso-machine/,292
/my-books/,291
/gingerbread-biscotti-with-white-chocolate-drizzle-video-recipe/,290
/importance-of-pure-water/,284
/cabbage-peas-stuffed-paratha-patta-gobi-ka-paratha/,283
/instant-peach-jalebi-topped-with-whipped-cream-and-pistachio/,279
/25-easy-and-delicious-diwali-sweet-recipes-you-must-try-this-year/,276
/moong-dal-palak-idli-recipe/,275
/express-bread-rice-pulav-recipe/,274
/quick-masala-murmura/,274
/rasmalai-video-recipe-how-to-make-soft-rasmalai-at-home/,274
/mushroom-pulao-recipe/,271
/besan-churma/,270
/instant-pot-gajar-halwa/,268
/3-ingredients-no-bake-gingerbread-truffles-video-recipe/,265
/pyaaz-pakoda-onion-fritters/,262
/corn-pakora/,258
/egg-bhurji/,258
/sabudana-khichdi/,257
/orange-prune-loaf-recipe/,253
/rajasthani-mawa-malpua-video/,251
/besan-toast-5-ways-gram-flour-toast/,248
/verki-puri/,244
/cream-cheese-cookies/,244
/spanish-style-vegetarian-omelette-video/,241
/exhilarating-iced-choco-latte/,239
/no-bake-mango-cheesecake/,239
/4-ingredient-cheesy-garlicky-pesto-puff-pastry-swirls/,236
/alfredo-sauce/,233
/chocolate-twisted-sankranti-laddo-no-bake/,233
/moong-dal-dhokla-recipe/,232
/know-frying-oil-turns-black-re-using-cooking-tips/,229
/mushroom-masala-recipe/,227
/chana-dal-capsicum-curry-vegetarian-recipe/,226
/work-with-us/,225
/strawberry-chia-pudding/,224
/curried-potato-cauliflower-topped-naan-pizza/,223
/chefs-wear-uniform-distinctive/,219
/radish-raita-mooli-raita/,219
/indulging-coconut-mango-panna-cotta-recipe/,215
/matar-pulao/,215
/instant-pot-aloo-matar-recipe/,213
/quick-healthy-spiced-brown-rice-corn-recipe/,213
/masaledar-jau-ki-papdi-spicy-barley-crackers-video-recipe/,212
/dal-palak/,211
/vermicelli-birds-nest-video/,211
/instant-pot-rajma-masala-recipe/,210
/bharwa-bhindi-recipe-stuffed-okra-masala-recipe-video/,209
/instant-onion-rava-dosa-recipe/,207
/no-churn-coffee-caramel-chocolate-ice-cream-video-recipe/,207
/top-15-healthy-modern-holi-recipes-you-should-try-this-year/,205
/roasted-beet-potato-holiday-salad-video-recipe/,205
/3-bean-thick-dal-makhani/,204
/persimmon-chocolate-bundt-cake-with-video/,204
/know-chop-raisins-without-sticking-kitchen-tips/,203
/how-to-make-paneer-bhurji-punjabi-paneer-bhurji-dry-video-recipe/,203
/tortilla-wrap-hack/,202
/spiced-aloo-raita-potato-raita-yogurt-salad-recipe/,202
/poha-chivda-recipe/,201
/couscous-with-sauteed-mushrooms-kidney-beans-video/,200
/aamras-recipe/,200
/black-chana-kadhi-recipe/,200
/chocolate-cheesecake-video-recipe/,196
/sev-stuffed-paratha-recipe-how-to-make-bhujia-paratha/,196
/homemade-mango-ice-cream-recipe/,195
/eggless-banana-peanut-butter-chocolate-brownies-video-recipe/,195
/red-cabbage-stuffed-paratha-recipe/,194
/aloo-tikki-burger-video-recipe/,193
/black-eyed-bean-mushroom-curry-recipe/,193
/grilled-cheese-spiced-potato-whole-grain-sandwich-with-cheese-dip/,192
/achaari-dahi-bhindi-with-duppad-roti-pad-wali-roti-video-recipe/,190
/gulkand-shrikhand-recipe-video-how-to-make-rose-srikhand/,187
/no-bake-oats-and-chia-energy-balls-video-recipe/,186
/mix-vegetable-pakora-video-recipe/,186
/zucchini-tofu-curry/,184
/braided-strawberry-cream-cheese-pastry-video/,184
/eggless-chocolate-mousse/,183
/cucumber-raita/,182
/chana-dal-red-cabbage-tikki/,182
/5-indian-sauces-you-can-make-in-a-blender/,181
/jeera-rice-cumin-rice/,181
/carrot-zucchini-pilaf/,181
/jaipuri-mishri-mawa-with-chocolate-and-vanilla-cream-with-video/,180
/classic-potato-bell-pepper-stir-fry/,180
/how-to-make-schezwan-fried-rice-veg-schezuan-fried-rice-recipe-video/,179
/diwali-sweets-snacks/,178
/apple-hand-pies-video-recipe/,173
/how-to-make-thai-pineapple-fried-rice-vegan-recipe/,173
/indian-chapati-with-peppery-garlicky-avocado-spread-with-veggies/,172
/bombay-masala-toast-how-to-make-masala-toast-video-recipe/,172
/black-eyed-bean-carrot-biryani-video/,170
/rose-flavored-vermicelli-pudding/,164
/instant-mawa-modak/,162
/thandai-recipe/,162
/butternut-squash-soup-recipe/,162
/apple-shaped-milk-peda/,161
/unique-pizza-combinations/,161
/instant-coconut-ladoo-recipe-3-ways-rose-coconut-ladoo-saffron-coconut-ladoo-cardamom-coconut-ladoo/,158
/roti-jala-net-lacy-pancakes-video/,158
/chow-mein-stuffed-puffs/,154
/carrot-sabudana-kheer-carrot-sago-kheer/,153
/peanut-coconut-jaggery-bars-recipe/,153
/enchanting-banana-blueberry-lassi-recipe/,151
/bread-gulab-jamun/,151
/best-apron-choices-specifically-for-women/,151
/no-bake-cream-cheese-lemon-mousse/,151
/frozen-mango-yogurt/,150
/exotic-aloo-paratha-recipe/,148
/khoya-puffs-cutting-edge-gujia/,148
/curried-egg-salad-sandwich-video/,147
/cornmeal-idli-makki-ki-idli-recipe/,147
/cholar-dal-bengali-style-bengal-gram/,147
/almond-peas-curry/,146
/kesar-elaichi-shrikhand-video-recipe/,145
/best-holi-recipes/,145
/low-acid-coffee/,144
/pumpkin-rind-stir-fry-kaddu-ke-chilke-is-sabji-video-recipe/,143
/mango-shrikhand-recipe-amarkhand-recipe/,142
/sooji-toast-3-ways-rava-toast/,142
/coconut-mango-chia-pudding/,140
/dalgona-coffee/,139
/vegan-chocolate-mousse-with-aquafaba-video-recipe/,139
/cardamom-scented-moong-dal-tadka-tempered-yellow-lentils-soup/,138
/cream-cheese-white-chocolate-truffles/,137
/5-common-quesadilla-cooking-mistakes-and-how-to-fix-them/,137
/things-every-restaurant-needs/,136
/summer-melon-dessert-kharbuje-ka-panna-recipe/,133
/search-with-images/,132
/vegan-honeydew-melon-banana-ice-cream-video-recipe/,132
/baked-garlicky-sweet-potato-chips-recipe/,132
/peach-chocolate-eggless-brownies-video-recipe/,131
/salty-sweet-whole-wheat-onion-crackers-video-recipe/,131
/spiced-oat-lentils-daliaporridge-recipe/,130
/banana-chai-cake-recipe/,130
/scrumptious-baguette-pizza-bites-vegetarian-recipe/,129
/beetroot-duppad-beetroot-split-flatbread-recipe/,127
/mango-peda/,127
/malai-kofta-dhaba-style-roadside-eatery-style-malai-kofta-curry/,127
/zucchini-chickpea-flour-pancake-zucchini-chilla-recipe/,126
/recipe-dal-bukhara-exotic-creamy-black-lentil-dish/,126
/samosa-french-loaf-with-coriander-chutney-video/,125
/vegan-foods-to-smoke-in-a-smoker/,124
/bombay-veg-sandwich-video-recipe/,123
/super-moist-mini-chocolate-beet-cake-muffins/,122
/curry-recipe-creamy-mushroom-matar-curry-dash-cardamom/,122
/raspberry-creme-fraiche-cookies-puffs-video/,121
/baked-tart-chickpea-curry-tamarind-chutney/,121
/spiced-fenugreek-beet-baked-mathri/,120
/mint-coriander-tandoori-roti-video-recipe/,120
/grilled-tomato-mozzarella-sandwich-recipe/,119
/besan-ladoo/,118
/vanilla-iced-mocha-coffee-ice-cubes-video/,118
/italian-cream-soda/,118
/rainbow-curry-vegetarian-recipe/,117
/kiwi-raita/,116
/mawa-gujiya-recipe/,115
/eggless-orange-olive-oil-muffins-recipe-video/,115
/eggless-chocolate-hazelnut-ice-cream-video-recipe/,115
/indian-style-spiced-salad-bruschetta-recipe/,114
/chana-manipuri-chana-kanghou-recipe/,113
/cheesecake-shots-4-ways-video-recipe/,113
/mint-chana-grilled-tofu/,112
/paneer-jalfrezi/,112
/peas-corn-coconut-masala-recipe/,112
/banana-strawberry-bread-pudding-video/,111
/paush-khichda-sweet-dal-khichdi/,110
/coriander-coconut-chutney-recipe/,110
/kaju-pista-roll/,109
/russian-candy-treats-other-delicacies/,109
/almond-rose-rabri-dash-saffron/,108
/creamy-sweet-potato-carrot-soup-video-recipe/,107
/awesome-pineapple-coconut-rabri-recipe/,106
/no-bake-almond-flowers-video-recipe/,106
/chocolate-dipped-whipped-shortbread-cranberry-cookies-video-recipe/,106
/baked-samosa-with-chocolate-tamarind-chutney/,105
/baked-feta-pasta/,105
/caramelized-veggie-tortizza-2-ways-tortilla-pizza-video-recipe/,103
/instant-pot-butter-paneer/,103
/moong-dal-paratha-green-split-lentils-flatbread/,102
/boondi-raita-recipe/,102
/pineapple-salsa-papadum-cones-recipe/,102
/mint-raita-pudina-raita/,100
/mung-bean-pita-burger-with-caramelized-oranges-and-mango-chutney/,99
/macaroni-buttery-coconut-vegetable-curry-recipe/,99
/kopra-pak-nariyal-ki-burfi-video-recipe/,98
/indian-spiced-dal-chawal-arancini-paired-with-pickled-mayonnaise-split-bengal-gram-salad-and-raspeberry-sauce-baked-version/,97
/spinach-cheese-puffs-vegetarian-recipe/,96
/puff-pastry-apricot-galette-with-almond-topping-video-recipe/,95
/mushroom-peas-corn-pulav-recipe/,95
/spring-onion-mint-pulav-recipe/,95
/4-ingredients-strawberry-cake-shake-video/,95
/vegan-thai-green-curry-vegetable-noodles-video-recipe/,95
/whole-wheat-peach-muffins/,95
/south-indian-masala-dosa/,94
/6-simple-rules-to-follow-for-guilt-free-cheat-meals/,93
/christmas-chocolate-desserts/,92
/garlic-tomato-chutney-touch-mint-recipe/,92
/rajasthani-besan-ke-cheele-ka-raita-chickpea-pancake-raita/,92
/gut-friendly-delicious-indian-kanji-for-your-tummy/,91
/red-cabbage-cauliflower-radish-chickpea-pancake-vegetarian-recipe/,91
/sunahari-makki-ki-roti-golden-cornmeal-flatbread-recipe/,89
/herbs-and-spices-are-good-for-elderly-people/,89
/mushroom-fettuccine-alfredo/,87
/spinach-kofta-biryani-vegetarian-recipe/,87
/5-time-saving-cooking-hacks-everyone-should-know/,87
/baked-mushroom-spinach-kofta-curry-recipestory/,87
/refreshing-onion-capsicum-pulav/,85
/potato-roses-potato-gratins-video-recipe/,85
/etiquette-guide-for-eating-in-a-michelin-starred-restaurant/,84
/jeera-aloo-quesadilla-video-recipe/,84
/blueberry-kiwi-cooler-recipestory/,84
/garlic-potato-pasta-casserole-recipe/,83
/chef-uniform-functions-dress-professional-kitchen/,82
/chocolate-coconut-delights-video-recipe/,81
/szechuan-spiced-carrot-fettuccine-video-recipe/,81
/greek-style-chickpea-feta-salad-with-lemon-garlic-dressing/,80
/oliya-fruity-rice-yogurt-pudding/,80
/sweet-potato-cabbage-hot-dogs-video-recipe/,80
/ukadiche-modak-recipe/,79
/romantic-choco-berry-valentine-smoothie/,79
/strawberry-kiwi-sparkling-cooler-video/,78
/rice-krispie-cornflakes-bhel-video/,78
/rajma-masala-spiced-kidney-beans-in-tomato-rich-gravy/,78
/blog/,77
/15-minutes-no-oil-green-thai-curry-chow-mein-noodles/,77
/apple-cinnamon-brownie-with-caramel-drizzle/,77
/cheesy-blueberry-halwa-recipe/,76
/broccoli-beet-crispy-fingers-broccoli-beet-croquettes-video-recipe/,76
/strawberry-white-hot-chocolate-video/,76
/delicious-indian-chicken-kadhai-recipe/,76
/mango-lassi-recipe-video/,76
/pineapple-blueberry-raspberry-breakfast-layered-smoothie/,75
/banana-pineapple-upside-cake-video-recipe/,75
/creamy-chocolate-vermicelli-pudding/,74
/cooking-much-watchout-4-common-kitchen-worktop-problems-solve/,73
/vegan-coconut-blueberry-ice-cream/,72
/potato-paneer-stuffed-roasted-red-cabbage-cones-with-sriracha-sauce/,70
/27-must-try-valentines-day-dessert-ideas/,70
/eggless-gulkand-mug-cake-rose-mug-cake-recipe-video/,70
/no-bake-mini-strawberry-nutella-cheesecake-video/,68
/meal-kits-vs-grocery-shopping/,68
/how-to-make-aate-ka-halwa-atte-ka-halwa-recipe-video/,68
/banana-berry-choco-coffee-smoothie-video-recipe/,68
/candied-sago-pudding-blueberry-sauce-recipe/,67
/potato-stuffed-bread-roll-video-recipe/,66
/mango-halwa/,66
/gulkand-dessert-paratha-recipe-gulkand-raita-recipe/,66
/15-minutes-creme-fraiche-raspberry-peas-lemony-pasta/,65
/blueberry-muffins/,64
/apple-cucumber-mozzarella-pearls-salad/,63
/instant-badam-halwa/,63
/exotic-pumpkin-tofu-halwa-recipe/,63
/cherry-berry-iced-tea-with-lemon-mint-ginger-and-honey/,62
/white-christmas-rocky-road-video-recipe/,62
/one-pan-thai-yellow-curry-mac-video/,60
/oats-orange-eggless-muffins-3-ways-video-recipe/,60
/burger-bhaji/,60
/veggie-pizza-pie-video-recipe/,59
/instant-pot-peach-jam/,59
/kala-chana-pulav-exquisite-black-chickpea-brown-rice-recipe/,58
/beet-potato-peas-patties-recipe/,57
/top-five-foods-for-sous-vide-cooking/,57
/caramelized-banana-mango-coconut-recipe/,54
/radish-lentil-idli-fry-with-carrot-ginger-chutney-video-recipe/,54
/moong-dal-toast/,53
/different-types-of-ice-creams-to-try-this-year/,53
/almonds-oat-cookies/,53
/cooking-tips-forget-soak-kidney-beans/,52
/tempting-spiced-curry-noodles-vegetarian-recipe/,52
/black-eyed-bean-zucchini-peach-curry/,52
/creamy-cappuccino-chocolate-lassi-signature-recipe/,51
/apple-rose-mini-tartlets/,50
/dal-sunehri-split-black-gram-bengal-gram-spiced-stew-recipe/,50
/dessert-recipes-oat-strawberry-kheer-oat-strawberry-pudding/,50
/sweet-potato-pumpkin-kebabs-with-video/,49
/lehsuni-sev-garlicky-gram-flour-noodles-video-recipe/,49
/best-time-to-buy-a-grill/,49
/mooli-paratha-strawberry-grapes-chutney-video/,49
/chocolate-pots-de-creme/,48
/watermelon-rind-stir-fry/,48
/diwali-rice-recipes/,48
/chicken-fajitas-with-roasted-red-peppers/,48
/tomato-bruschetta/,47
/coconut-milk-peanut-butter-truffles-video/,47
/coconut-rose-modak/,45
/classic-and-easy-cherry-lassi-ice-cream-video-recipe/,45
/five-food-presentation-hacks-to-impress-your-guests/,45
/pull-apart-garlic-parsley-bread-with-video/,45
/cooking-tips-store-semolina-long-time/,45
/know-store-spices-maintain-flavour-cooking-tips/,44
/blueberry-mango-froyo-marble-bars-summer-recipe/,44
/no-bake-peach-gingerbread-cheesecake-parfait/,44
/cook-indian-food-like-a-pro/,44
/3-types-of-soups-you-can-make-with-this-wonderful-grinder/,43
/creamy-fruit-and-nut-couscous-paneer-pudding-with-chocolate/,43
/strawberry-masala-chaas-spiced-strawberry-buttermilk/,42
/kala-chana-chaat/,42
/instant-rava-dhokla-steamed-semolina-snack/,41
/top-beet-recipes/,40
/creamy-coconut-coffee-chocolate-chunk-ice-cream/,40
/butternut-spaghetti-squash-pineapple-bean-boats-video-recipe/,40
/roasted-cauliflower-pilaf-watermelon-sauce-video-recipe/,40
/peas-coconut-peda/,39
/blueberry-oatmeal-breakfast-crumble-bars-recipe/,38
/chocolate-chip-cookies-salted-peanuts-caramel-ice-cream-sundae/,38
/examples-of-regional-dishes-in-south-france/,37
/wine-pairing-with-salmon/,37
/how-to-choose-window-blinds-for-your-kitchen/,37
/diwali-snacks-recipes/,36
/strawberry-mango-smoothie-recipe/,36
/no-churn-peach-blueberry-ice-cream-video-recipe/,36
/how-does-cooking-with-unfiltered-tap-water-affect-your-food/,36
/know-cut-chili-peppers-without-feeling-burning-hot-sensation-hands-cooking-tips/,36
/kidney-bean-tostadas-bell-pepper-salsa/,35
/keto-cocoa-cake-roll/,35
/how-to-adopt-healthy-eating-habits/,34
/snickers-mini-chocolate-tarts/,34
/blueberry-pie-recipe/,34
/coconut-milk-banana-strawberry-smoothie-topped-with-toasted-coconut/,33
/diwali-curry-recipes/,33
/rajma-tofu-paratha-pocket-bites-with-boondi-raita-video-recipe/,32
/cooking-tips-make-fritters-fluffy/,32
/peanut-butter-chocolate-banana-sandwich/,32
/benefits-of-healthy-eating/,31
/zero-oil-mint-chola-cornmeal-tart-video-recipe/,30
/diwali-sweets-recipes/,30
/4-things-to-do-before-buying-kitchen-appliances/,30
/avocado-tomato-cucumber-salad-kiwi-dressing-video-recipe/,29
/effective-ways-to-boost-sales-from-a-restaurant/,29
/spinach-tomato-chili-whole-grain-pasta-vegetarian-recipe/,29
/pizza-dough-twists-parsley-and-sesame-video-recipe/,29
/amazing-ideas-to-make-a-dream-kitchen/,29
/peach-lassi/,28
/pink-and-white-refreshing-watermelon-lemonade/,28
/5-indian-restaurants-must-try-london/,28
/carrot-zucchini-semolina-pancake-with-potato-patties-and-fresh-salad/,28
/banana-chocolate-muffins-wheat-flour-recipe/,28
/top-17-refreshing-and-cool-summer-drinks-belong-to-your-summer-drinking-bucket-list/,28
/best-homemade-ice-cream-recipes/,27
/foods-that-were-made-for-coffee/,27
/seasoned-sweet-potato-vada-grilled-pita-burger-vegetarian-recipe/,27
/mushroom-kale-stuffed-paratha-video-recipe/,27
/red-grapes-onion-cucumber-raita/,27
/grilled-aubergine-roll-ups-spiced-lentils-recipe/,26
/quick-and-easy-pineapple-kiwi-honey-yogurt-parfait/,26
/adult-beer-float-video-recipe/,26
/strawberry-cheesecake-dip-for-fruits-and-snacks/,26
/how-to-choose-fashionable-colors-for-your-kitchen/,26
/toasted-coconut-sesame-rice-krispie-and-multigrain-cheerios-dark-chocolate-bars/,26
/spiced-rice-lentils-with-grilled-pineapple-and-cucumber-honey-lemon-yogurt/,26
/kitchen-hacks/,26
/want-to-become-a-wine-expert/,25
/diwali-flatbread-recipes/,25
/chickpea-sweet-potato-burger-with-chipotle-aioli/,25
/4-most-reliable-local-grocery-delivery-services-in-san-diego/,25
/broccoli-paratha-with-garlic-roasted-veggies-and-spiced-coconut-sauce/,24
/carrot-garlic-triangle-paratha-carrot-garlic-flatbread/,24
/know-prevent-cutting-board-sliding-kitchen-tips/,24
/6-quick-and-easy-no-churn-ice-cream-recipes/,24
/tips-to-prevent-eggplants-from-turning-black/,24
/mushroom-pepper-pilaf-with-grilled-veggies-honey-mustard-yogurt-and-chili-peanuts/,23
/spiced-chai-pumpkin-smoothie-with-video/,23
/corn-cheese-toast-weekend-breakfast-recipe/,22
/fruity-blueberry-strawberry-pulav-rice-signature-recipe/,22
/6-things-consider-making-cup-kona-coffee/,22
/chopped-greek-salad/,22
/cheesy-garlic-pizza-sticks-figs-mayo-dip-video/,22
/professional-chefs-favourite-cookware/,22
/resources/,22
/tips-make-perfect-coffee/,22
/dry-fruits-modak/,22
/5-modern-kitchen-gadgets-you-would-love-to-use/,22
/whole-wheat-peach-mushroom-pizza-with-feta-and-fresh-basil/,21
/banana-peanut-butter-chocolate-bites-video-recipe/,21
/oatmeal-peanut-butter-chocolate-cookies-video-recipe/,21
/how-to-prevent-oil-from-splattering-out-of-the-pan/,20
/3-dishes-for-natural-boosting-of-your-growth-hormone/,20
/shikanji-indian-lemonade-recipe/,20
/red-velvet-mug-cake/,20
/how-long-does-wine-last-once-the-bottle-is-opened/,20
/tortilla-poha-kiwi-peanut-salsa-video/,20
/know-measure-honey-non-sticky-way-cooking-tips/,20
/chocolate-vanilla-mocha-frappuccino-recipe/,19
/16-flatbread-recipes-you-would-love-to-try/,19
/watermelon-orange-salsa-summer-bites/,19
/chickpea-zucchini-mushroom-pizza-with-pickled-peppers-and-olives/,19
/chopped-bread-cup-baked-savory-appetizers-recipe/,19
/chickpea-curry-stuffed-crispy-bread-cups-recipe/,19
/benefits-of-hiring-a-catering-sydney-service-for-your-event/,18
/chocolate-lassi-egg-cups-for-easter/,18
/unique-restaurants-in-las-vegas/,18
/peppery-hot-broccoli-cheese-dip/,17
/ketogenic-sugar-free-chocolate-modak-recipe/,17
/bookbonus/,17
/halloween-deviled-eggs/,17
/the-best-juice-combinations-to-try-out-this-year/,17
/revitalising-bread-poha/,16
/honeydew-melon-radish-salad-bowls-video-recipe/,16
/how-to-start-eating-healthy/,16
/garlicky-spinach-mango-tomato-pizza-with-hot-pepper-sauce-and-flakes/,16
/peach-bruschetta-with-whipped-ricotta-and-zucchini-video-recipe/,16
/dal-bati-churma-stock-photo/,15
/roasted-zucchini-garlic-with-spiced-split-bengal-gram/,15
/watermelon-cucumber-feta-salad/,15
/holi-drinks/,15
/5-anti-cancer-food-stuffs-you-should-be-cooking-with/,15
/fruity-veggie-boondi-raita-fried-gram-flour-puffs-and-fruits-veggies-dip/,15
/are-online-restaurant-reviews-trustworthy/,15
/all-you-need-to-know-about-buying-custom-kitchen-knives/,14
/watermelon-onion-yogurt-chip-dip/,14
/know-make-perfect-vegetable-soup-cooking-tips/,14
/banana-raspberry-coconut-smoothie-with-tiramisu-ice-cream/,14
/pumpkin-muesli-chocolate-bread-video-recipe/,14
/know-keep-grinder-blades-sharp-kitchen-tips/,14
/easy-cooking-blog-writing-tips/,14
/holi-desserts/,13
/a-home-cooks-guide-to-knife-sharpeners/,13
/corn-cream-cheese-flatbread-with-orange-vinaigrette-video/,13
/how-to-choose-a-coffee-subscription-service/,13
/snacking-in-kashi/,12
/sharing-food-another-human-intimate-act-indulged-lightly-food-quotes/,12
/things-you-can-do-with-your-bread-machine/,12
/black-chickpea-tuc-cracker-chaat-recipe/,12
/how-to-use-essential-oil-in-cooking/,12
/signs-you-are-eating-the-best-mexican-food/,11
/25-chocolate-recipes-to-try-this-christmas/,11
/pepper-corn-arugula-pizza-with-sun-dried-tomatoes-and-mayonnaise-pepper-drizzle/,11
/cooking-tips-prevent-apple-turning-rusty/,11
/5-accessories-every-cook-needs-for-their-kitchen/,11
/milky-white-russian-cocktail/,11
/wine-bottled-poetry-food-quotes/,11
/a-guide-to-baking-without-using-an-oven/,11
/10-best-ideas-of-tasty-and-healthy-lunch/,10
/the-best-things-to-cook-in-instant-pot/,10
/top-10-ideas-of-ideal-breakfast/,10
/know-savory-dish-needs-little-extra-strength-cooking-tips/,10
/cooking-tips-remove-garlic-skin/,10
/cooking-tips-peel-almonds-skin-quickly/,10
/three-great-fathers-day-recipes-with-meat/,10
/italians-restaurant-tips-and-tricks/,10
/know-about-meal-delivery-plans/,10
/eleventh-hour-chocolate-spoons-valentines-day/,9
/sweet-melon-balls-with-chilled-rose-milk-recipe/,9
/caramelized-banana-with-nuts-and-mango-yogurt-video-recipe/,9
/peel-a-hard-boiled-egg-in-less-than-10-seconds-life-hack/,9
/zucchini-recipes/,9
/hacks-to-keep-food-fresh/,9
/rye-crispbread-chaat/,9
/healthy-food-for-a-good-mood/,9
/vegetarian-recipe-vegetable-pan-pizza/,9
/importance-of-healthy-food-in-your-diet/,9
/pumpkin-cinnamon-rolls-video/,9
/cooking-tip-keep-coriander-leaves-fresh-green-long-time/,9
/know-prevent-ice-cream-becoming-rock-hard-cooking-tips/,9
/caramelized-peach-pesto-tart-with-blueberries-and-pistachio/,8
/how-to-become-a-better-cook/,8
/wicked-easy-egg-hacks/,8
/favorite-homemade-chicken-tikki-masala-pizza-recipe/,8
/toothsome-banana-pancakes-recipe/,8
/5-kitchen-essentials-you-must-have/,8
/5-easy-cbd-infused-meals-to-cook-up/,8
/things-to-consider-before-hiring-caterers-for-your-childrens-party/,8
/9-amazing-egg-slicer-kitchen-hacks/,7
/perfect-way-to-make-white-sauce-pasta/,7
/know-make-crystallized-honey-melt-againkitchen-tips/,7
/cooking-tips-use-instead-fresh-coconut/,7
/seasoned-syrupy-plum-chaat-recipe/,7
/top-5-benefits-of-juicing/,7
/luscious-oat-blueberry-pie-crust-cookies-recipe/,7
/know-check-watermelon-ripe-cooking-tips/,7
/good-dinner-one-can-forgive-anybody-even-ones-relations-food-quotes/,7
/know-stop-cheese-drying-kitchen-tips/,7
/11-incredible-kitchen-hacks-that-are-absolutely-amazing-video/,7
/whole-black-gram-sprouts-with-oven-toasted-garlic-baguette/,7
/easy-ways-to-enjoy-lentils/,7
/honeyed-honey-melon-raita-recipe/,7
/know-store-lemon-long-term-use-cooking-tips/,7
/4-bbq-recipes-for-your-vegetarian-friends/,7
/know-keep-cauliflower-bright-white-dishes-cooking-tips/,7
/5-quick-and-easy-dinner-recipes-for-two/,7
/know-make-vegetables-exotic-cooking-tips/,6
/7-ways-instapot-has-revolutionized-cooking/,6
/apple-cinnamon-spiced-choco-coffee-ice-cream/,6
/privacy-policy/,6
/mini-berry-pavlova-valentines-day/,6
/know-reduce-heat-fresh-chilies-cooking-tips/,6
/dark-chocolate-chunk-cookies-recipes/,6
/kitchen-hacks-for-cooking-the-perfect-pasta/,6
/empty-belly-best-cook-food-quote/,5
/tips-for-choosing-the-best-skillet/,5
/how-to-save-money-on-buying-groceries/,5
/dont-afraid-adapt-new-ingredients-techniques-traditional-ingredients-new-recipes-food-quotes/,5
/best-recipes-that-will-make-you-buy-a-smoker/,5
/10-cooking-hacks-and-how-tos-of-the-21st-century/,5
/how-cbd-oil-can-be-used-when-preparing-meals/,5
/5-types-of-fries-you-must-have-for-a-party/,5
/cooking-tips-keep-vegetables-green-cooking/,5
/the-basic-ways-to-cook-pork-on-a-smoker/,5
/4-things-to-consider-before-buying-a-kitchen-cabinets/,5
/summer-berry-salad-with-salted-peanuts-and-walnuts/,5
/sausage-and-sprouts-lasagna/,5
/know-slow-rotting-tomatoes-kitchen-tips/,5
/chocolate-cream-cheese-cupcakes-topped-with-fresh-blueberries/,4
/cook-bright-white-rice/,4
/delectable-blueberry-muffins-four-recipe/,4
/avoid-messy-disasters-keep-clean-kitchen/,4
/experts-easy-advice-on-how-to-buy-meat/,4
/know-accidentally-burn-rice-cooking-tips/,4
/cooking-tips-peel-ginger-skin-quickly-easily/,4
/customer-experience-in-the-restaurant-industry/,4
/holi-snacks/,4
/cooking-tips-get-rich-flavor-saffron/,4
/best-pots-and-pans-sets/,3
/how-to-find-the-best-non-stick-pans/,3
/ideas-make-fabulous-budget-friendly-family-meals/,3
/pellet-smokers-are-the-easiest-way-to-get-into-smoking-food/,3
/how-to-choose-a-milk-steamer-and-frother/,3
/diwali-raita-recipes/,3
/kitchen-tips-know-remove-garlicky-smell-hands/,3
/know-keep-basil-fresh-long-time-cooking-tips/,3
/juicy-watermelon-pizza-bites-video/,3
/banana-nutella-stuffed-cardamom-maple-toast-video/,3
/know-make-leftover-rice-fresh-cooking-tips/,3
/valentines-day-breakfast-ideas-video-tutorial/,3
/know-make-crystal-clear-ice-kitchen-tips/,2
/know-low-fat-substitute-coconut-milk-cooking-tips/,2
/know-seafood-healthy-food/,2
/love-red-onions/,2
/healthy-diet-can-help-children-learn/,2
/know-store-mushroom-longer-time-cooking-tips/,2
/tom-brady-quote-food/,2
/tips-to-take-the-effort-out-of-catering-your-own-party/,2
/know-keep-cookies-fresh-cooking-tips/,2
/tropical-brushetta-with-berry-yogurt-cheese/,2
/spiced-pumpkin-pie-video/,2
/how-to-make-sweet-and-spicy-roast-turkey-recipe/,2
/know-keep-banana-fresh-long-time-cooking-tips/,2
/effortless-summer-side-dishes-buttermilk-biscuits/,2
/effortless-summer-side-dishes/,2
/oxtail-recipes-for-every-season/,2
/how-to-cook-like-a-pro-with-an-electric-smoker/,2
/exploring-many-health-benefits-garlic/,2
/cooking-tips-keep-green-chilies-fresh-long/,2
/know-clean-burnt-vessel-easily-kitchen-tips/,2
/cooking-shows-real-foodies-should-binge/,2
/some-essential-spices-for-indian-cooking/,2
/how-to-cut-onion-without-tears/,2
/how-to-find-the-meal-delivery-service/,2
/ideas-on-what-to-give-your-mum-this-mothers-day/,2
/how-to-find-products-for-the-gluten-free-diet/,2
/melon-granita-dash-lemon-recipe/,1
/know-make-dairy-free-soup-delicious-thick-cooking-tips/,1
/how-to-use-a-french-press-step-by-step-instructions/,1
/know-make-oatmeal-creamy-reheating-cooking-tips/,1
/crust-eaten-peace-better-banquet-partaken-anxiety-food-quote/,1
/orange-trail-simple-cool/,1
/orange-gift-nature-stock-photo/,1
/gift-basket-ideas/,1
/effortless-summer-side-dishes-strawberry-poppyseed-salad/,1
/crushed-chili-pepper/,1
/5-ideas-you-can-steal-from-arbys/,1
/how-to-get-deals-in-food-delivery/,1
/hot-off-the-grill-ways-to-cook-those-burger-patties/,1
/3-healthy-eating-myths/,1
/instant-pot-duo60-to-make-cooking-easy/,1
/pause-refreshes-lemon-stock-photo/,1
/know-easily-shred-cheese-without-much-mess-cooking-tips/,1
/know-using-milk-can-make-recipes-richer-taste-cooking-tips-2/,0
/how-to-cook-like-a-chef-at-home/,0
/real-taste-pepper-stock-photo/,0
/10-tips-for-eating-out-on-a-budget-this-holiday-season/,0
/cooking-tips-get-flavorful-pasta/,0
/red-hot-chili-peppers-need/,0
/important-cooking-tip/,0
/rc-toys-will-occupy-children-cooking/,0
/eating-mushroom-means-life-better-stock-photo/,0
/know-store-tomato-puree-later-use-cooking-tips/,0
/raw-radishes-mggk/,0
/chocolate-spatula-perfect-experience/,0
/pistachio-snacks-mggk/,0
/prevent-ice-cream-melting/,0
/youtube-cooks-to-get-familiar-with/,0
/your-guide-to-throwing-a-spook-tacular-halloween-party/,0
/know-saute-onions-faster-less-oil/,0
/parsley-quality-never-goes-out-of-style-im-loving-it/,0
/why-you-need-turmeric-in-your-kitchen/,0
/an-espresso-in-my-hand-i-feel-like-a-woman/,0
/pages/,0
/white-wine-brand-concept-ginger-garlic-kitchen/,0
/5-cooking-accessories-that-will-change-your-life/,0
/what-cannabinoids-are-in-cbd-oils/,0
/cardamom-pods-full-joy-love-aroma-will-moment/,0
/effortless-summer-side-dishes-marinated-cucumbers/,0
/anupama-paliwal-quote/,0
/cooking-tips-prevent-potatoes-sprouting/,0
/new-1-bestseller-book/,0
/things-to-consider-for-the-right-cold-brew/,0
/5-unmissable-food-money-hacks/,0
/fresh-blueberry-art/,0
/make-tomato-puree-brilliant-red/,0
/fresh-chilies-mggk/,0
/freshly-prepared-meal-service-review/,0
/three-best-restaurants-in-scottsdale-az/,0
/spices-stock-photo/,0
/start-here/,0
/canvas-paintings/,0
/the-human-friendly-apple-banana-is-an-investment-in-good-performance-d/,0
/mggk-art-house/,0
/how-to-have-fun-in-the-kitchen-with-family/,0
/best-red-chili-planet/,0
/know-keep-berries-fresh-longer-time-kitchen-tips/,0
/tale-lazy-saturday-morning-works-slow-works-better-perfect-experience/,0
/sugar-made-simple-stock-photo/,0
/tips-to-keep-your-vegetable-fresh/,0
/make-crispy-puri/,0
/find-authentic-pizza-in-your-city/,0
/somebody-say-grapes/,0
/how-to-stay-cool-this-summer/,0
/bell-peppers-taste-paradise-food-styling-photography/,0
/cooking-tips-peel-orange-tomato-skin-effortlessly/,0
/15-non-spooky-halloween-recipes/,0
/cooking-tips-squeeze-hard-citrus-fruits/,0
/seasoned-potato-stuffed-cheese-toast/,0
/mug-designs/,0
/top-reasons-why-visiting-kent-is-must-for-foodies-this-summer/,0
/life-vegan-foodie-demand/,0
/simple-italian-recipes-you-can-do-at-home/,0
/simple-recipes-for-your-pescatarian-diet/,0
/simple-recipes-for-your-vegan-diet/,0
/exquisite-dining-delicious-food-sensational-surroundings/,0
/tomato-try-will-like-stock-photo/,0
/know-make-overriped-tomatoes-fresh/,0
/indian-cooking-workshops/,0
