h806ifwqnjcmhjh6y1d6,asian-noodle-soup
qzubwsln6rtfhubtdxfo,besan-gatte-ki-sabzi-gatta-curry
vlmuaarasdspaqlpsbtf,amritsari-chole
sfwvactsl5dhd5phsmoy,restaurant-style-rajma-masala-recipe
ijcydkrm8vpgoqvyuijv,apple-bagel
gkp3mbnujx79yjtumylg,mango-mojito
fkxv03pise9jqkhfrgks,palak-paratha-recipe-spinach-paratha
hdpfmpep2n0zw79bs5sr,carrot-cake-balls
bb6oehfz6s9m1au8egxa,carrot-cake-mug-cake
v7bn2kf76y3vvwpcbm3s,cheesecake-filled-easter-eggs
yccnn9jyapqbazkvlfwc,chai-truffles
t2a7mvdxp7jky9yjipxm,peanut-butter-banana-oatmeal-cookies
zsv0kej6yirep3w6jldd,butter-chicken
t2x3dsgrmuexqsqegrt1,restaurant-style-paneer-butter-masala-paneer-makhani-video-recipe
i4jtkxl55mdgqsjiolps,chocolate-covered-raspberry-bites
oqjgvyjgqzuwv8dbkdwa,chicken-tikka
