1, https://www.wp.mygingergarlickitchen.com/, 2018-06-15T12:18:25Z
2, https://www.wp.mygingergarlickitchen.com/10-cooking-hacks-and-how-tos-of-the-21st-century/, 2019-01-20T15:56:58Z
3, https://www.wp.mygingergarlickitchen.com/10-genius-space-saving-ideas-for-small-kitchens/, 2019-01-20T15:58:41Z
4, https://www.wp.mygingergarlickitchen.com/10-kitchen-hacks-to-slice-and-cut-without-a-knife/, 2018-03-13T11:47:41Z
5, https://www.wp.mygingergarlickitchen.com/10-tips-for-eating-out-on-a-budget-this-holiday-season/, 2019-01-20T16:03:10Z
6, https://www.wp.mygingergarlickitchen.com/11-incredible-kitchen-hacks-that-are-absolutely-amazing-video/, 2017-06-03T03:05:14Z
7, https://www.wp.mygingergarlickitchen.com/15-minutes-creme-fraiche-raspberry-peas-lemony-pasta/, 2016-08-23T08:53:17Z
8, https://www.wp.mygingergarlickitchen.com/15-minutes-no-oil-green-thai-curry-chow-mein-noodles/, 2015-10-08T15:12:56Z
9, https://www.wp.mygingergarlickitchen.com/16-flatbread-recipes-you-would-love-to-try/, 2016-11-17T04:00:43Z
10, https://www.wp.mygingergarlickitchen.com/17-cooking-tips-ebook-download-page/, 2018-02-11T16:42:47Z
11, https://www.wp.mygingergarlickitchen.com/25-chocolate-recipes-to-try-this-christmas/, 2016-01-10T07:41:13Z
12, https://www.wp.mygingergarlickitchen.com/25-easy-and-delicious-diwali-sweet-recipes-you-must-try-this-year/, 2019-01-01T21:09:42Z
13, https://www.wp.mygingergarlickitchen.com/27-must-try-valentines-day-dessert-ideas/, 2019-02-12T14:30:43Z
14, https://www.wp.mygingergarlickitchen.com/3-bean-thick-dal-makhani/, 2017-08-05T11:34:17Z
15, https://www.wp.mygingergarlickitchen.com/3-ingredients-no-bake-gingerbread-truffles-video-recipe/, 2018-12-18T16:34:36Z
16, https://www.wp.mygingergarlickitchen.com/3-types-of-soups-you-can-make-with-this-wonderful-grinder/, 2019-01-20T16:02:37Z
17, https://www.wp.mygingergarlickitchen.com/38-diwali-savory-snacks-recipes-you-would-love-to-try/, 2018-11-04T10:09:40Z
18, https://www.wp.mygingergarlickitchen.com/4-ingredient-cheesy-garlicky-pesto-puff-pastry-swirls/, 2019-01-08T14:41:41Z
19, https://www.wp.mygingergarlickitchen.com/4-ingredients-strawberry-cake-shake-video/, 2019-01-01T21:18:35Z
20, https://www.wp.mygingergarlickitchen.com/4-things-to-do-before-buying-kitchen-appliances/, 2019-01-20T15:59:44Z
21, https://www.wp.mygingergarlickitchen.com/5-accessories-every-cook-needs-for-their-kitchen/, 2019-02-08T08:59:49Z
22, https://www.wp.mygingergarlickitchen.com/5-anti-cancer-food-stuffs-you-should-be-cooking-with/, 2019-01-20T15:59:29Z
23, https://www.wp.mygingergarlickitchen.com/5-bean-curry-recipe/, 2019-01-15T13:57:42Z
24, https://www.wp.mygingergarlickitchen.com/5-efficient-ways-to-maintain-kitchen-hygiene/, 2019-01-20T15:56:36Z
25, https://www.wp.mygingergarlickitchen.com/5-indian-restaurants-must-try-london/, 2019-01-29T13:08:02Z
26, https://www.wp.mygingergarlickitchen.com/5-ingredient-pumpkin-fritters-pumpkin-gulgula/, 2018-07-27T15:24:48Z
27, https://www.wp.mygingergarlickitchen.com/5-modern-kitchen-gadgets-you-would-love-to-use/, 2019-01-20T15:56:43Z
28, https://www.wp.mygingergarlickitchen.com/5-time-saving-cooking-hacks-everyone-should-know/, 2019-01-20T15:59:13Z
29, https://www.wp.mygingergarlickitchen.com/5-unmissable-food-money-hacks/, 2019-01-20T16:03:23Z
30, https://www.wp.mygingergarlickitchen.com/6-simple-rules-to-follow-for-guilt-free-cheat-meals/, 2019-01-20T15:59:17Z
31, https://www.wp.mygingergarlickitchen.com/6-things-consider-making-cup-kona-coffee/, 2019-01-20T16:01:50Z
32, https://www.wp.mygingergarlickitchen.com/9-amazing-egg-slicer-kitchen-hacks/, 2017-03-25T15:36:53Z
33, https://www.wp.mygingergarlickitchen.com/a-guide-on-choosing-the-perfect-kitchen-tools-for-cooking/, 2019-01-20T15:58:24Z
34, https://www.wp.mygingergarlickitchen.com/about/, 2017-04-16T20:41:20Z
35, https://www.wp.mygingergarlickitchen.com/achaari-aloo-gobi/, 2019-02-02T15:49:58Z
36, https://www.wp.mygingergarlickitchen.com/achaari-dahi-bhindi-with-duppad-roti-pad-wali-roti-video-recipe/, 2017-01-23T13:23:03Z
37, https://www.wp.mygingergarlickitchen.com/adult-beer-float-video-recipe/, 2019-01-01T21:14:17Z
38, https://www.wp.mygingergarlickitchen.com/advertise/, 2018-07-22T13:59:07Z
39, https://www.wp.mygingergarlickitchen.com/afghan-naan-bread-video/, 2019-01-18T18:22:22Z
40, https://www.wp.mygingergarlickitchen.com/all-recipes-list/, 2019-01-02T00:07:54Z
41, https://www.wp.mygingergarlickitchen.com/all-you-need-to-know-about-buying-custom-kitchen-knives/, 2019-01-20T16:03:02Z
42, https://www.wp.mygingergarlickitchen.com/almond-peas-curry/, 2015-08-28T06:07:32Z
43, https://www.wp.mygingergarlickitchen.com/almond-rose-rabri-dash-saffron/, 2016-10-11T07:11:55Z
44, https://www.wp.mygingergarlickitchen.com/aloo-gobi-dhaba-style-punjabi-dry-aloo-gobi-sabji-video-recipe-potato-cauliflower/, 2019-01-24T15:01:45Z
45, https://www.wp.mygingergarlickitchen.com/aloo-ka-halwa-how-to-make-potato-halwa-video-recipe/, 2017-02-28T14:13:34Z
46, https://www.wp.mygingergarlickitchen.com/aloo-palak-paratha-potato-stuffed-spinach-flatbread/, 2018-04-10T11:36:15Z
47, https://www.wp.mygingergarlickitchen.com/aloo-poha-recipe/, 2019-01-29T18:54:47Z
48, https://www.wp.mygingergarlickitchen.com/aloo-poori-recipe-puri-sabji-recipe-video-aloo-ki-rasewali-sabzi-with-puri/, 2018-08-15T14:56:06Z
49, https://www.wp.mygingergarlickitchen.com/aloo-tikki-burger-video-recipe/, 2018-10-30T14:59:36Z
50, https://www.wp.mygingergarlickitchen.com/amazing-ideas-to-make-a-dream-kitchen/, 2019-02-12T20:54:16Z
51, https://www.wp.mygingergarlickitchen.com/amritsari-chole/, 2019-01-20T13:28:00Z
52, https://www.wp.mygingergarlickitchen.com/an-espresso-in-my-hand-i-feel-like-a-woman/, 2015-02-09T13:30:47Z
53, https://www.wp.mygingergarlickitchen.com/anupama-paliwal-quote/, 2015-09-25T10:56:11Z
54, https://www.wp.mygingergarlickitchen.com/apple-cinnamon-brownie-with-caramel-drizzle/, 2017-12-24T05:50:15Z
55, https://www.wp.mygingergarlickitchen.com/apple-cinnamon-spiced-choco-coffee-ice-cream/, 2019-01-01T20:59:38Z
56, https://www.wp.mygingergarlickitchen.com/apple-cucumber-mozzarella-pearls-salad/, 2015-05-27T08:45:56Z
57, https://www.wp.mygingergarlickitchen.com/apple-hand-pies-video-recipe/, 2017-09-30T15:46:20Z
58, https://www.wp.mygingergarlickitchen.com/apple-rose-mini-tartlets/, 2018-07-17T13:05:38Z
59, https://www.wp.mygingergarlickitchen.com/are-online-restaurant-reviews-trustworthy/, 2019-01-20T16:02:26Z
60, https://www.wp.mygingergarlickitchen.com/atta-biscuits-whole-wheat-indian-cookies-video-recipe/, 2018-10-19T08:57:05Z
61, https://www.wp.mygingergarlickitchen.com/avocado-tomato-cucumber-salad-kiwi-dressing-video-recipe/, 2018-03-06T11:55:31Z
62, https://www.wp.mygingergarlickitchen.com/avoid-messy-disasters-keep-clean-kitchen/, 2019-01-20T16:01:34Z
63, https://www.wp.mygingergarlickitchen.com/awesome-pineapple-coconut-rabri-recipe/, 2016-10-16T14:59:38Z
64, https://www.wp.mygingergarlickitchen.com/baked-garlicky-sweet-potato-chips-recipe/, 2016-10-17T09:42:22Z
65, https://www.wp.mygingergarlickitchen.com/baked-masala-potato-wedges-indian-spiced-crispy-potato-wedges-recipe-video/, 2017-10-02T07:51:36Z
66, https://www.wp.mygingergarlickitchen.com/baked-mushroom-spinach-kofta-curry-recipestory/, 2015-07-12T21:28:16Z
67, https://www.wp.mygingergarlickitchen.com/baked-samosa-with-chocolate-tamarind-chutney/, 2017-08-05T10:55:42Z
68, https://www.wp.mygingergarlickitchen.com/baked-tart-chickpea-curry-tamarind-chutney/, 2016-03-11T07:35:49Z
69, https://www.wp.mygingergarlickitchen.com/banana-berry-choco-coffee-smoothie-video-recipe/, 2016-01-24T09:41:31Z
70, https://www.wp.mygingergarlickitchen.com/banana-chai-cake-recipe/, 2015-08-28T17:47:05Z
71, https://www.wp.mygingergarlickitchen.com/banana-chocolate-muffins-wheat-flour-recipe/, 2016-10-25T17:43:23Z
72, https://www.wp.mygingergarlickitchen.com/banana-coffee-shake/, 2019-01-01T21:10:52Z
73, https://www.wp.mygingergarlickitchen.com/banana-nutella-stuffed-cardamom-maple-toast-video/, 2016-04-02T21:34:37Z
74, https://www.wp.mygingergarlickitchen.com/banana-peanut-butter-chocolate-bites-video-recipe/, 2017-07-02T18:36:00Z
75, https://www.wp.mygingergarlickitchen.com/banana-pineapple-upside-cake-video-recipe/, 2016-07-31T04:02:27Z
76, https://www.wp.mygingergarlickitchen.com/banana-raspberry-coconut-smoothie-with-tiramisu-ice-cream/, 2019-01-01T20:58:58Z
77, https://www.wp.mygingergarlickitchen.com/banana-strawberry-bread-pudding-video/, 2019-01-01T21:11:30Z
78, https://www.wp.mygingergarlickitchen.com/beet-lemonade/, 2018-07-17T14:01:47Z
79, https://www.wp.mygingergarlickitchen.com/beet-potato-peas-patties-recipe/, 2014-09-22T08:37:12Z
80, https://www.wp.mygingergarlickitchen.com/beetroot-duppad-beetroot-split-flatbread-recipe/, 2018-06-30T11:11:58Z
81, https://www.wp.mygingergarlickitchen.com/beetroot-pachadi-kerala-style/, 2018-03-14T10:17:06Z
82, https://www.wp.mygingergarlickitchen.com/bell-peppers-taste-paradise-food-styling-photography/, 2019-01-20T16:06:45Z
83, https://www.wp.mygingergarlickitchen.com/besan-gatte-ki-sabzi-gatta-curry/, 2018-07-04T14:52:29Z
84, https://www.wp.mygingergarlickitchen.com/besan-stuffed-lauki-curry-video-recipe/, 2018-06-22T20:56:11Z
85, https://www.wp.mygingergarlickitchen.com/best-apron-choices-specifically-for-women/, 2018-11-09T09:48:38Z
86, https://www.wp.mygingergarlickitchen.com/best-gulab-jamun-recipe-dessert-sweets-video-recipe/, 2019-01-15T13:57:03Z
87, https://www.wp.mygingergarlickitchen.com/best-holi-recipes/, 2018-03-06T16:01:41Z
88, https://www.wp.mygingergarlickitchen.com/best-homemade-ice-cream-recipes/, 2019-01-01T20:33:19Z
89, https://www.wp.mygingergarlickitchen.com/best-red-chili-planet/, 2019-01-20T16:04:41Z
90, https://www.wp.mygingergarlickitchen.com/best-samosa-recipe/, 2018-09-28T15:16:59Z
91, https://www.wp.mygingergarlickitchen.com/bharwa-bhindi-recipe-stuffed-okra-masala-recipe-video/, 2018-07-05T16:53:16Z
92, https://www.wp.mygingergarlickitchen.com/bharwa-shimla-mirch-recipe/, 2018-10-24T11:54:09Z
93, https://www.wp.mygingergarlickitchen.com/bhindi-tofu-masala-okra-tofu-stir-fry/, 2018-04-06T14:31:49Z
94, https://www.wp.mygingergarlickitchen.com/black-chana-kadhi-recipe/, 2018-09-03T14:33:33Z
95, https://www.wp.mygingergarlickitchen.com/black-chickpea-tuc-cracker-chaat-recipe/, 2014-08-26T16:38:29Z
96, https://www.wp.mygingergarlickitchen.com/black-eyed-bean-carrot-biryani-video/, 2017-08-22T15:42:06Z
97, https://www.wp.mygingergarlickitchen.com/black-eyed-bean-mushroom-curry-recipe/, 2014-08-14T14:02:08Z
98, https://www.wp.mygingergarlickitchen.com/black-eyed-bean-zucchini-peach-curry/, 2015-10-08T11:17:26Z
99, https://www.wp.mygingergarlickitchen.com/blueberry-kiwi-cooler-recipestory/, 2016-04-20T15:21:59Z
100, https://www.wp.mygingergarlickitchen.com/blueberry-mango-froyo-marble-bars-summer-recipe/, 2019-01-01T20:33:56Z
101, https://www.wp.mygingergarlickitchen.com/blueberry-oatmeal-breakfast-crumble-bars-recipe/, 2016-10-16T14:45:53Z
102, https://www.wp.mygingergarlickitchen.com/blueberry-pie-recipe/, 2019-01-01T21:10:15Z
103, https://www.wp.mygingergarlickitchen.com/bombay-masala-toast-how-to-make-masala-toast-video-recipe/, 2017-03-02T13:24:53Z
104, https://www.wp.mygingergarlickitchen.com/bombay-veg-sandwich-video-recipe/, 2017-03-11T00:47:26Z
105, https://www.wp.mygingergarlickitchen.com/bookbonus/, 2014-12-15T13:25:50Z
106, https://www.wp.mygingergarlickitchen.com/braided-strawberry-cream-cheese-pastry-video/, 2019-01-01T21:05:07Z
107, https://www.wp.mygingergarlickitchen.com/bread-gulab-jamun/, 2018-10-24T11:55:10Z
108, https://www.wp.mygingergarlickitchen.com/broccoli-beet-crispy-fingers-broccoli-beet-croquettes-video-recipe/, 2016-11-24T04:02:26Z
109, https://www.wp.mygingergarlickitchen.com/broccoli-paratha-with-garlic-roasted-veggies-and-spiced-coconut-sauce/, 2015-07-06T15:24:09Z
110, https://www.wp.mygingergarlickitchen.com/burger-bhaji/, 2015-03-07T13:35:11Z
111, https://www.wp.mygingergarlickitchen.com/butternut-spaghetti-squash-pineapple-bean-boats-video-recipe/, 2016-10-22T23:07:27Z
112, https://www.wp.mygingergarlickitchen.com/butternut-squash-soup-recipe/, 2018-11-14T16:05:43Z
113, https://www.wp.mygingergarlickitchen.com/cabbage-peas-stuffed-paratha-patta-gobi-ka-paratha/, 2019-01-18T18:29:42Z
114, https://www.wp.mygingergarlickitchen.com/cabbage-spinach-thepla/, 2015-06-08T08:22:43Z
115, https://www.wp.mygingergarlickitchen.com/candied-sago-pudding-blueberry-sauce-recipe/, 2015-02-19T12:08:31Z
116, https://www.wp.mygingergarlickitchen.com/caramelized-banana-mango-coconut-recipe/, 2019-01-01T21:22:39Z
117, https://www.wp.mygingergarlickitchen.com/caramelized-banana-with-nuts-and-mango-yogurt-video-recipe/, 2016-02-04T06:02:05Z
118, https://www.wp.mygingergarlickitchen.com/caramelized-peach-pesto-tart-with-blueberries-and-pistachio/, 2016-02-19T08:27:11Z
119, https://www.wp.mygingergarlickitchen.com/caramelized-veggie-tortizza-2-ways-tortilla-pizza-video-recipe/, 2017-01-23T12:38:03Z
120, https://www.wp.mygingergarlickitchen.com/cardamom-pods-full-joy-love-aroma-will-moment/, 2019-01-20T16:07:11Z
121, https://www.wp.mygingergarlickitchen.com/cardamom-scented-moong-dal-tadka-tempered-yellow-lentils-soup/, 2018-03-06T04:44:00Z
122, https://www.wp.mygingergarlickitchen.com/carrot-cake-cupcakes-with-lemon-ricotta-frosting-video-recipe/, 2018-03-30T16:42:03Z
123, https://www.wp.mygingergarlickitchen.com/carrot-garlic-triangle-paratha-carrot-garlic-flatbread/, 2015-07-09T13:49:27Z
124, https://www.wp.mygingergarlickitchen.com/carrot-sabudana-kheer-carrot-sago-kheer/, 2014-05-17T11:01:11Z
125, https://www.wp.mygingergarlickitchen.com/carrot-zucchini-pilaf/, 2015-03-21T15:26:01Z
126, https://www.wp.mygingergarlickitchen.com/carrot-zucchini-semolina-pancake-with-potato-patties-and-fresh-salad/, 2015-07-06T15:24:14Z
127, https://www.wp.mygingergarlickitchen.com/chana-dal-capsicum-curry-vegetarian-recipe/, 2019-01-17T15:26:13Z
128, https://www.wp.mygingergarlickitchen.com/chana-dal-namkeen/, 2018-11-02T10:11:56Z
129, https://www.wp.mygingergarlickitchen.com/chana-dal-red-cabbage-tikki/, 2016-06-10T06:41:44Z
130, https://www.wp.mygingergarlickitchen.com/chana-manipuri-chana-kanghou-recipe/, 2014-09-01T11:57:45Z
131, https://www.wp.mygingergarlickitchen.com/cheesecake-shots-4-ways-video-recipe/, 2016-08-24T20:04:39Z
132, https://www.wp.mygingergarlickitchen.com/cheesy-blueberry-halwa-recipe/, 2014-07-06T15:19:01Z
133, https://www.wp.mygingergarlickitchen.com/cheesy-garlic-pizza-sticks-figs-mayo-dip-video/, 2016-09-07T14:49:50Z
134, https://www.wp.mygingergarlickitchen.com/chef-uniform-functions-dress-professional-kitchen/, 2019-01-20T15:56:51Z
135, https://www.wp.mygingergarlickitchen.com/chefs-wear-uniform-distinctive/, 2019-01-20T16:02:02Z
136, https://www.wp.mygingergarlickitchen.com/cherry-berry-iced-tea-with-lemon-mint-ginger-and-honey/, 2016-06-03T03:56:04Z
137, https://www.wp.mygingergarlickitchen.com/chickpea-curry-stuffed-crispy-bread-cups-recipe/, 2016-10-23T16:13:34Z
138, https://www.wp.mygingergarlickitchen.com/chickpea-sweet-potato-burger-with-chipotle-aioli/, 2016-03-15T15:07:34Z
139, https://www.wp.mygingergarlickitchen.com/chickpea-zucchini-mushroom-pizza-with-pickled-peppers-and-olives/, 2018-07-17T15:54:44Z
140, https://www.wp.mygingergarlickitchen.com/chocoalte-souffle-video/, 2016-09-02T08:47:49Z
141, https://www.wp.mygingergarlickitchen.com/chocolate-almond-milk-with-frothy-coffee-video-recipe/, 2019-01-01T21:14:35Z
142, https://www.wp.mygingergarlickitchen.com/chocolate-cheesecake-video-recipe/, 2017-01-01T16:10:37Z
143, https://www.wp.mygingergarlickitchen.com/chocolate-chip-cookies-salted-peanuts-caramel-ice-cream-sundae/, 2019-01-01T20:33:26Z
144, https://www.wp.mygingergarlickitchen.com/chocolate-coconut-delights-video-recipe/, 2015-11-19T13:39:13Z
145, https://www.wp.mygingergarlickitchen.com/chocolate-cream-cheese-cupcakes-topped-with-fresh-blueberries/, 2019-01-01T21:06:24Z
146, https://www.wp.mygingergarlickitchen.com/chocolate-dipped-whipped-shortbread-cranberry-cookies-video-recipe/, 2019-01-01T21:24:36Z
147, https://www.wp.mygingergarlickitchen.com/chocolate-lassi-egg-cups-for-easter/, 2019-01-01T21:12:43Z
148, https://www.wp.mygingergarlickitchen.com/chocolate-molten-lava-mug-cake/, 2016-10-01T18:36:22Z
149, https://www.wp.mygingergarlickitchen.com/chocolate-pots-de-creme/, 2015-09-05T18:53:51Z
150, https://www.wp.mygingergarlickitchen.com/chocolate-spatula-perfect-experience/, 2019-01-20T16:05:16Z
151, https://www.wp.mygingergarlickitchen.com/chocolate-twisted-sankranti-laddo-no-bake/, 2019-01-14T08:28:43Z
152, https://www.wp.mygingergarlickitchen.com/chocolate-vanilla-mocha-frappuccino-recipe/, 2019-01-01T21:22:17Z
153, https://www.wp.mygingergarlickitchen.com/cholar-dal-bengali-style-bengal-gram/, 2016-08-23T10:54:35Z
154, https://www.wp.mygingergarlickitchen.com/chopped-bread-cup-baked-savory-appetizers-recipe/, 2016-03-11T15:47:13Z
155, https://www.wp.mygingergarlickitchen.com/chow-mein-stuffed-puffs/, 2014-12-29T18:08:58Z
156, https://www.wp.mygingergarlickitchen.com/classic-and-easy-cherry-lassi-ice-cream-video-recipe/, 2019-01-01T20:33:23Z
157, https://www.wp.mygingergarlickitchen.com/classic-black-eyed-pea-curry-in-pepper-onion-gravy/, 2018-12-19T13:18:38Z
158, https://www.wp.mygingergarlickitchen.com/classic-potato-bell-pepper-stir-fry/, 2014-06-22T15:01:04Z
159, https://www.wp.mygingergarlickitchen.com/classic-spicy-cauliflower-pakora-cauliflower-fritters-recipe/, 2018-03-14T10:00:55Z
160, https://www.wp.mygingergarlickitchen.com/coconut-milk-banana-strawberry-smoothie-topped-with-toasted-coconut/, 2015-06-12T19:46:45Z
161, https://www.wp.mygingergarlickitchen.com/coconut-milk-peanut-butter-truffles-video/, 2016-07-02T15:50:14Z
162, https://www.wp.mygingergarlickitchen.com/coconut-white-chocolate-truffles-video-recipe/, 2018-11-28T15:45:25Z
163, https://www.wp.mygingergarlickitchen.com/cold-coffee-recipe/, 2019-01-01T20:33:21Z
164, https://www.wp.mygingergarlickitchen.com/contact/, 2017-04-16T18:50:34Z
165, https://www.wp.mygingergarlickitchen.com/cook-bright-white-rice/, 2014-05-30T10:06:04Z
166, https://www.wp.mygingergarlickitchen.com/cooking-much-watchout-4-common-kitchen-worktop-problems-solve/, 2019-01-20T16:02:21Z
167, https://www.wp.mygingergarlickitchen.com/cooking-tip-keep-coriander-leaves-fresh-green-long-time/, 2014-06-04T09:57:05Z
168, https://www.wp.mygingergarlickitchen.com/cooking-tips-forget-soak-kidney-beans/, 2014-06-05T09:05:21Z
169, https://www.wp.mygingergarlickitchen.com/cooking-tips-get-flavorful-pasta/, 2014-06-24T09:24:31Z
170, https://www.wp.mygingergarlickitchen.com/cooking-tips-get-rich-flavor-saffron/, 2014-06-23T09:28:19Z
171, https://www.wp.mygingergarlickitchen.com/cooking-tips-keep-green-chilies-fresh-long/, 2014-06-16T09:09:14Z
172, https://www.wp.mygingergarlickitchen.com/cooking-tips-keep-peas-green-boiling/, 2018-03-19T10:17:10Z
173, https://www.wp.mygingergarlickitchen.com/cooking-tips-keep-vegetables-green-cooking/, 2014-06-12T09:54:31Z
174, https://www.wp.mygingergarlickitchen.com/cooking-tips-make-fritters-fluffy/, 2014-06-09T09:27:39Z
175, https://www.wp.mygingergarlickitchen.com/cooking-tips-peel-almonds-skin-quickly/, 2014-06-07T07:51:46Z
176, https://www.wp.mygingergarlickitchen.com/cooking-tips-peel-ginger-skin-quickly-easily/, 2014-06-17T11:13:26Z
177, https://www.wp.mygingergarlickitchen.com/cooking-tips-peel-orange-tomato-skin-effortlessly/, 2014-06-11T09:16:25Z
178, https://www.wp.mygingergarlickitchen.com/cooking-tips-prevent-apple-turning-rusty/, 2014-06-03T09:22:58Z
179, https://www.wp.mygingergarlickitchen.com/cooking-tips-prevent-potatoes-sprouting/, 2014-06-22T09:52:26Z
180, https://www.wp.mygingergarlickitchen.com/cooking-tips-remove-garlic-skin/, 2014-06-15T10:11:17Z
181, https://www.wp.mygingergarlickitchen.com/cooking-tips-squeeze-hard-citrus-fruits/, 2014-06-20T15:03:13Z
182, https://www.wp.mygingergarlickitchen.com/cooking-tips-store-semolina-long-time/, 2014-06-08T09:44:59Z
183, https://www.wp.mygingergarlickitchen.com/cooking-tips-use-instead-fresh-coconut/, 2014-06-19T09:15:51Z
184, https://www.wp.mygingergarlickitchen.com/coriander-coconut-chutney-recipe/, 2019-01-29T13:10:10Z
185, https://www.wp.mygingergarlickitchen.com/corn-cheese-toast-weekend-breakfast-recipe/, 2016-10-16T14:14:16Z
186, https://www.wp.mygingergarlickitchen.com/corn-cream-cheese-flatbread-with-orange-vinaigrette-video/, 2019-01-01T21:05:22Z
187, https://www.wp.mygingergarlickitchen.com/cornmeal-idli-makki-ki-idli-recipe/, 2014-06-22T16:19:14Z
188, https://www.wp.mygingergarlickitchen.com/couscous-with-sauteed-mushrooms-kidney-beans-video/, 2016-06-08T03:55:56Z
189, https://www.wp.mygingergarlickitchen.com/creamy-cappuccino-chocolate-lassi-signature-recipe/, 2019-01-01T21:08:01Z
190, https://www.wp.mygingergarlickitchen.com/creamy-carrot-beet-tomato-soup/, 2019-01-15T13:55:26Z
191, https://www.wp.mygingergarlickitchen.com/creamy-chocolate-vermicelli-pudding/, 2019-01-01T20:38:51Z
192, https://www.wp.mygingergarlickitchen.com/creamy-coconut-coffee-chocolate-chunk-ice-cream/, 2019-01-01T20:33:26Z
193, https://www.wp.mygingergarlickitchen.com/creamy-fruit-and-nut-couscous-paneer-pudding-with-chocolate/, 2019-01-01T21:06:40Z
194, https://www.wp.mygingergarlickitchen.com/creamy-sweet-potato-carrot-soup-video-recipe/, 2019-01-01T21:03:43Z
195, https://www.wp.mygingergarlickitchen.com/creamy-tofu-bell-pepper-curry-recipe/, 2019-01-01T21:01:31Z
196, https://www.wp.mygingergarlickitchen.com/crispy-aloo-palak-pakora-recipe-spinach-potato-fritters/, 2018-04-30T16:48:29Z
197, https://www.wp.mygingergarlickitchen.com/crispy-fried-chana-recipe-crunchy-crispy-chickpeas/, 2018-10-31T15:28:20Z
198, https://www.wp.mygingergarlickitchen.com/crushed-chili-pepper/, 2019-01-20T16:06:34Z
199, https://www.wp.mygingergarlickitchen.com/crust-eaten-peace-better-banquet-partaken-anxiety-food-quote/, 2014-07-03T07:57:03Z
200, https://www.wp.mygingergarlickitchen.com/curried-egg-salad-sandwich-video/, 2018-11-11T15:55:13Z
201, https://www.wp.mygingergarlickitchen.com/curried-potato-cauliflower-topped-naan-pizza/, 2018-06-28T15:33:22Z
202, https://www.wp.mygingergarlickitchen.com/curry-recipe-creamy-mushroom-matar-curry-dash-cardamom/, 2019-01-01T21:08:09Z
203, https://www.wp.mygingergarlickitchen.com/dairy-free-avocado-chocolate-mousse-with-pistachio-and-raspberry-toppings/, 2018-07-17T12:52:37Z
204, https://www.wp.mygingergarlickitchen.com/dal-baati-churma/, 2019-02-01T14:40:18Z
205, https://www.wp.mygingergarlickitchen.com/dal-bati-churma-stock-photo/, 2014-09-01T11:52:07Z
206, https://www.wp.mygingergarlickitchen.com/dal-chawal-paratha-rice-lentils-flatbread/, 2018-03-20T14:07:44Z
207, https://www.wp.mygingergarlickitchen.com/dal-sunehri-split-black-gram-bengal-gram-spiced-stew-recipe/, 2019-01-01T21:07:48Z
208, https://www.wp.mygingergarlickitchen.com/dark-chocolate-chunk-cookies-recipes/, 2014-06-21T17:55:27Z
209, https://www.wp.mygingergarlickitchen.com/dark-rum-strawberry-mango-mojito-video/, 2019-01-01T21:11:53Z
210, https://www.wp.mygingergarlickitchen.com/delectable-blueberry-muffins-four-recipe/, 2015-03-05T18:04:52Z
211, https://www.wp.mygingergarlickitchen.com/dessert-recipes-oat-strawberry-kheer-oat-strawberry-pudding/, 2014-06-21T17:56:37Z
212, https://www.wp.mygingergarlickitchen.com/distinctive-red-cabbage-omelet-recipe/, 2017-02-10T10:46:41Z
213, https://www.wp.mygingergarlickitchen.com/diwali-sweets-snacks/, 2019-01-01T21:09:30Z
214, https://www.wp.mygingergarlickitchen.com/dont-afraid-adapt-new-ingredients-techniques-traditional-ingredients-new-recipes-food-quotes/, 2014-07-20T10:19:21Z
215, https://www.wp.mygingergarlickitchen.com/easy-cooking-blog-writing-tips/, 2019-01-20T16:00:21Z
216, https://www.wp.mygingergarlickitchen.com/eating-mushroom-means-life-better-stock-photo/, 2014-09-16T14:59:59Z
217, https://www.wp.mygingergarlickitchen.com/effective-ways-to-boost-sales-from-a-restaurant/, 2019-01-20T15:59:39Z
218, https://www.wp.mygingergarlickitchen.com/effortless-blueberry-mug-cake-recipe/, 2018-06-29T13:16:13Z
219, https://www.wp.mygingergarlickitchen.com/egg-curry-anda-curry-video-recipe/, 2018-08-20T12:53:23Z
220, https://www.wp.mygingergarlickitchen.com/egg-drop-curry-andhra-style-poached-egg-curry-video-recipe/, 2019-02-08T07:39:52Z
221, https://www.wp.mygingergarlickitchen.com/eggless-apple-pie-mug-cake-video-recipe/, 2016-11-29T04:18:28Z
222, https://www.wp.mygingergarlickitchen.com/eggless-banana-peanut-butter-chocolate-brownies-video-recipe/, 2019-01-01T21:08:32Z
223, https://www.wp.mygingergarlickitchen.com/eggless-chocolate-hazelnut-ice-cream-video-recipe/, 2019-01-01T20:33:23Z
224, https://www.wp.mygingergarlickitchen.com/eggless-chocolate-mousse-cake-recipe/, 2019-01-01T21:24:49Z
225, https://www.wp.mygingergarlickitchen.com/eggless-chocolate-mousse/, 2016-08-30T09:58:01Z
226, https://www.wp.mygingergarlickitchen.com/eggless-gulkand-mug-cake-rose-mug-cake-recipe-video/, 2019-01-01T21:12:34Z
227, https://www.wp.mygingergarlickitchen.com/eggless-ladi-pav-dinner-rolls-recipe-video/, 2019-02-04T09:35:55Z
228, https://www.wp.mygingergarlickitchen.com/eggless-orange-olive-oil-muffins-recipe-video/, 2018-07-15T15:59:40Z
229, https://www.wp.mygingergarlickitchen.com/eggless-triple-chocolate-cookies-video-recipe/, 2019-01-01T21:24:13Z
230, https://www.wp.mygingergarlickitchen.com/eggless-tutti-frutti-cookies-recipe-karachi-biscuit/, 2019-01-01T21:11:10Z
231, https://www.wp.mygingergarlickitchen.com/eleventh-hour-chocolate-spoons-valentines-day/, 2019-02-05T08:15:44Z
232, https://www.wp.mygingergarlickitchen.com/empty-belly-best-cook-food-quote/, 2014-07-06T14:34:04Z
233, https://www.wp.mygingergarlickitchen.com/enchanting-banana-blueberry-lassi-recipe/, 2014-07-31T09:26:40Z
234, https://www.wp.mygingergarlickitchen.com/examples-of-regional-dishes-in-south-france/, 2019-01-20T16:00:40Z
235, https://www.wp.mygingergarlickitchen.com/exhilarating-iced-choco-latte/, 2019-01-01T21:07:38Z
236, https://www.wp.mygingergarlickitchen.com/exotic-aloo-paratha-recipe/, 2018-06-27T17:16:27Z
237, https://www.wp.mygingergarlickitchen.com/exotic-potato-stuffed-tandoori-roti/, 2017-04-05T04:25:03Z
238, https://www.wp.mygingergarlickitchen.com/exotic-pumpkin-tofu-halwa-recipe/, 2016-10-20T18:51:14Z
239, https://www.wp.mygingergarlickitchen.com/exploring-many-health-benefits-garlic/, 2019-01-20T16:01:28Z
240, https://www.wp.mygingergarlickitchen.com/express-bread-rice-pulav-recipe/, 2015-03-25T14:31:09Z
241, https://www.wp.mygingergarlickitchen.com/exquisite-dining-delicious-food-sensational-surroundings/, 2019-01-20T15:58:52Z
242, https://www.wp.mygingergarlickitchen.com/exquisite-rajasthani-dal-dhokli-recipe/, 2019-02-08T07:39:25Z
243, https://www.wp.mygingergarlickitchen.com/find-authentic-pizza-in-your-city/, 2019-01-20T16:02:52Z
244, https://www.wp.mygingergarlickitchen.com/five-food-presentation-hacks-to-impress-your-guests/, 2019-02-05T08:16:27Z
245, https://www.wp.mygingergarlickitchen.com/fresh-blueberry-art/, 2019-01-20T16:04:05Z
246, https://www.wp.mygingergarlickitchen.com/fresh-chilies-mggk/, 2019-01-20T16:03:57Z
247, https://www.wp.mygingergarlickitchen.com/fruit-cream-rice-kheer-recipe-indian-pudding-kheer-dessert/, 2019-01-01T20:38:33Z
248, https://www.wp.mygingergarlickitchen.com/fruits-vegetables-fiesta-salad-honey-pepper-dressing/, 2015-08-10T11:05:45Z
249, https://www.wp.mygingergarlickitchen.com/fruity-blueberry-strawberry-pulav-rice-signature-recipe/, 2014-11-11T15:34:55Z
250, https://www.wp.mygingergarlickitchen.com/fruity-veggie-boondi-raita-fried-gram-flour-puffs-and-fruits-veggies-dip/, 2015-05-05T10:15:08Z
251, https://www.wp.mygingergarlickitchen.com/garlic-potato-pasta-casserole-recipe/, 2014-05-28T14:08:46Z
252, https://www.wp.mygingergarlickitchen.com/garlic-tandoori-roti-recipe/, 2018-03-24T18:23:25Z
253, https://www.wp.mygingergarlickitchen.com/garlic-tomato-chutney-touch-mint-recipe/, 2014-08-08T20:52:47Z
254, https://www.wp.mygingergarlickitchen.com/garlicky-spinach-mango-tomato-pizza-with-hot-pepper-sauce-and-flakes/, 2016-04-12T14:19:45Z
255, https://www.wp.mygingergarlickitchen.com/gift-basket-ideas/, 2019-01-20T15:57:03Z
256, https://www.wp.mygingergarlickitchen.com/ginger-cardamom-tea-adrak-ilaichi-wali-chai/, 2015-03-05T09:14:44Z
257, https://www.wp.mygingergarlickitchen.com/gingerbread-biscotti-with-white-chocolate-drizzle-video-recipe/, 2019-01-01T21:09:03Z
258, https://www.wp.mygingergarlickitchen.com/goan-sanna-mangalorean-idlis-goan-steamed-rice-cake-video-recipe/, 2019-01-01T21:02:20Z
259, https://www.wp.mygingergarlickitchen.com/good-dinner-one-can-forgive-anybody-even-ones-relations-food-quotes/, 2014-07-10T09:29:09Z
260, https://www.wp.mygingergarlickitchen.com/greek-style-chickpea-feta-salad-with-lemon-garlic-dressing/, 2017-07-05T17:57:54Z
261, https://www.wp.mygingergarlickitchen.com/green-coriander-chutney-3-ways-hare-dhaniye-ki-chutney-hari-chatni/, 2019-01-18T18:32:42Z
262, https://www.wp.mygingergarlickitchen.com/green-tea-watermelon-detox-smoothie/, 2018-04-22T05:25:48Z
263, https://www.wp.mygingergarlickitchen.com/grilled-aubergine-roll-ups-spiced-lentils-recipe/, 2015-04-05T11:17:08Z
264, https://www.wp.mygingergarlickitchen.com/grilled-cheese-spiced-potato-whole-grain-sandwich-with-cheese-dip/, 2019-01-08T18:41:12Z
265, https://www.wp.mygingergarlickitchen.com/grilled-tomato-mozzarella-sandwich-recipe/, 2018-08-29T15:00:58Z
266, https://www.wp.mygingergarlickitchen.com/gujrati-khaman-dhokla-in-2-styles/, 2018-05-14T13:25:24Z
267, https://www.wp.mygingergarlickitchen.com/gulkand-dessert-paratha-recipe-gulkand-raita-recipe/, 2018-03-06T18:02:40Z
268, https://www.wp.mygingergarlickitchen.com/gulkand-lassi-recipe-make-rose-lassi/, 2019-01-01T21:13:06Z
269, https://www.wp.mygingergarlickitchen.com/gulkand-pista-kulfi-rose-pistachio-kulfi-recipe/, 2019-02-12T14:31:30Z
270, https://www.wp.mygingergarlickitchen.com/gulkand-shrikhand-recipe-video-how-to-make-rose-srikhand/, 2018-03-05T17:40:29Z
271, https://www.wp.mygingergarlickitchen.com/gut-friendly-delicious-indian-kanji-for-your-tummy/, 2019-01-20T16:01:23Z
272, https://www.wp.mygingergarlickitchen.com/haldi-ki-sabji-fresh-turmeric-root-curry-video-recipe/, 2019-01-18T18:08:13Z
273, https://www.wp.mygingergarlickitchen.com/halwa-chana-poori-ashtami-prashad-video-recipe/, 2018-07-17T12:18:25Z
274, https://www.wp.mygingergarlickitchen.com/hare-pyaz-wali-jau-ki-achaari-roti-pickled-spring-onions-barley-flatbread-signature-recipe/, 2014-07-08T16:17:20Z
275, https://www.wp.mygingergarlickitchen.com/healthy-diet-can-help-children-learn/, 2019-02-05T08:05:18Z
276, https://www.wp.mygingergarlickitchen.com/herbs-and-spices-are-good-for-elderly-people/, 2019-01-20T16:02:46Z
277, https://www.wp.mygingergarlickitchen.com/holiday-fruit-and-nut-ice-cream-video-recipe/, 2019-01-01T20:33:20Z
278, https://www.wp.mygingergarlickitchen.com/homemade-ginger-garlic-paste-how-to-make-ginger-garlic-paste-video-recipe/, 2018-03-19T10:29:28Z
279, https://www.wp.mygingergarlickitchen.com/homemade-mango-ice-cream-recipe/, 2019-01-01T20:33:21Z
280, https://www.wp.mygingergarlickitchen.com/homemade-schezwan-sauce-video-recipe/, 2017-08-01T11:03:46Z
281, https://www.wp.mygingergarlickitchen.com/homemade-sweetened-condensed-milk-video-recipe/, 2019-01-01T21:13:40Z
282, https://www.wp.mygingergarlickitchen.com/honeydew-melon-radish-salad-bowls-video-recipe/, 2016-07-13T15:04:39Z
283, https://www.wp.mygingergarlickitchen.com/honeyed-honey-melon-raita-recipe/, 2016-11-03T18:21:53Z
284, https://www.wp.mygingergarlickitchen.com/how-does-cooking-with-unfiltered-tap-water-affect-your-food/, 2019-01-20T15:59:34Z
285, https://www.wp.mygingergarlickitchen.com/how-to-choose-a-coffee-subscription-service/, 2019-01-20T15:56:08Z
286, https://www.wp.mygingergarlickitchen.com/how-to-cook-like-a-pro-with-an-electric-smoker/, 2019-01-20T15:58:57Z
287, https://www.wp.mygingergarlickitchen.com/how-to-cut-onion-without-tears/, 2014-05-22T11:50:23Z
288, https://www.wp.mygingergarlickitchen.com/how-to-get-deals-in-food-delivery/, 2019-01-20T15:59:58Z
289, https://www.wp.mygingergarlickitchen.com/how-to-make-aate-ka-halwa-atte-ka-halwa-recipe-video/, 2018-08-15T17:37:12Z
290, https://www.wp.mygingergarlickitchen.com/how-to-make-dahi-ke-kabab-yogurt-kebab-dahi-kebab-video-recipe/, 2018-06-13T14:39:25Z
291, https://www.wp.mygingergarlickitchen.com/how-to-make-dal-bafla-bafla-bati-in-oven-and-pan-video-recipe/, 2018-02-23T02:30:23Z
292, https://www.wp.mygingergarlickitchen.com/how-to-make-detox-heart-beet-juice-video-recipe/, 2017-07-10T15:16:11Z
293, https://www.wp.mygingergarlickitchen.com/how-to-make-double-pyaaz-ka-besan-besan-ki-sabji-video-recipe/, 2018-09-03T14:33:11Z
294, https://www.wp.mygingergarlickitchen.com/how-to-make-easy-restaurant-style-egg-dum-biryani-recipe/, 2019-01-24T15:01:07Z
295, https://www.wp.mygingergarlickitchen.com/how-to-make-gajar-ka-halwa-carrot-halwa-video-recipe/, 2018-10-30T14:06:05Z
296, https://www.wp.mygingergarlickitchen.com/how-to-make-ghevar-jaipuri-malai-ghevar-ghewar-video-recipe/, 2018-08-23T08:00:36Z
297, https://www.wp.mygingergarlickitchen.com/how-to-make-lachha-paratha-3-ways/, 2019-01-29T18:55:20Z
298, https://www.wp.mygingergarlickitchen.com/how-to-make-masala-chaas-spiced-buttermilk-video-recipe/, 2019-01-01T21:03:55Z
299, https://www.wp.mygingergarlickitchen.com/how-to-make-masala-khichdi-recipe/, 2018-11-23T20:56:23Z
300, https://www.wp.mygingergarlickitchen.com/how-to-make-no-churn-3-ingredient-rose-ice-cream-video-recipe/, 2019-01-01T20:33:23Z
301, https://www.wp.mygingergarlickitchen.com/how-to-make-pakore-ki-sabzi/, 2018-05-30T14:16:11Z
302, https://www.wp.mygingergarlickitchen.com/how-to-make-paneer-at-home-homemade-paneer/, 2018-03-21T16:38:32Z
303, https://www.wp.mygingergarlickitchen.com/how-to-make-paneer-bhurji-punjabi-paneer-bhurji-dry-video-recipe/, 2017-08-06T02:38:42Z
304, https://www.wp.mygingergarlickitchen.com/how-to-make-perfect-indian-summer-drink-jal-jeera-video-recipe/, 2018-05-28T10:27:14Z
305, https://www.wp.mygingergarlickitchen.com/how-to-make-puri-bhaji-poori-bhaji-recipe-video-batata-bhaji-poori-recipe/, 2018-04-17T09:56:45Z
306, https://www.wp.mygingergarlickitchen.com/how-to-make-roasted-cumin-powder-bhuna-jeera-powder-video-recipe/, 2018-07-30T18:39:29Z
307, https://www.wp.mygingergarlickitchen.com/how-to-make-schezwan-fried-rice-veg-schezuan-fried-rice-recipe-video/, 2017-11-23T10:58:36Z
308, https://www.wp.mygingergarlickitchen.com/how-to-make-soft-roti-phulka-recipe-chapati-video-recipe/, 2019-01-18T11:15:18Z
309, https://www.wp.mygingergarlickitchen.com/how-to-make-south-indian-style-peanut-garlic-chutney-video-recipe/, 2018-04-06T14:48:59Z
310, https://www.wp.mygingergarlickitchen.com/how-to-make-sponge-rasgulla-video-recipe/, 2017-09-13T18:03:42Z
311, https://www.wp.mygingergarlickitchen.com/how-to-make-strawberry-panna-cotta-video-recipe/, 2019-01-01T21:23:08Z
312, https://www.wp.mygingergarlickitchen.com/how-to-make-thai-pineapple-fried-rice-vegan-recipe/, 2018-02-08T00:02:43Z
313, https://www.wp.mygingergarlickitchen.com/how-to-peel-garlic-quickly-in-4-easy-ways/, 2017-02-01T22:47:58Z
314, https://www.wp.mygingergarlickitchen.com/how-to-prevent-oil-from-splattering-out-of-the-pan/, 2014-05-21T09:03:02Z
315, https://www.wp.mygingergarlickitchen.com/how-to-use-a-french-press-step-by-step-instructions/, 2019-01-20T15:56:15Z
316, https://www.wp.mygingergarlickitchen.com/ideas-make-fabulous-budget-friendly-family-meals/, 2019-01-20T16:02:41Z
317, https://www.wp.mygingergarlickitchen.com/ideas-on-what-to-give-your-mum-this-mothers-day/, 2019-01-20T18:27:56Z
318, https://www.wp.mygingergarlickitchen.com/importance-cakes-special-occasion/, 2019-01-20T16:03:17Z
319, https://www.wp.mygingergarlickitchen.com/importance-of-pure-water/, 2019-01-20T15:59:49Z
320, https://www.wp.mygingergarlickitchen.com/important-cooking-tip/, 2014-05-16T20:15:50Z
321, https://www.wp.mygingergarlickitchen.com/indian-butterscotch-ice-cream-recipe-video/, 2019-01-01T20:33:22Z
322, https://www.wp.mygingergarlickitchen.com/indian-chapati-with-peppery-garlicky-avocado-spread-with-veggies/, 2015-04-16T13:35:15Z
323, https://www.wp.mygingergarlickitchen.com/indian-coffee-with-the-scent-of-cinnamon-and-cardamom/, 2015-02-01T08:37:12Z
324, https://www.wp.mygingergarlickitchen.com/indian-cooking-workshops/, 2015-01-28T17:28:30Z
325, https://www.wp.mygingergarlickitchen.com/indian-cucumber-chutney-sandwich/, 2019-02-04T10:14:18Z
326, https://www.wp.mygingergarlickitchen.com/indian-masala-chai-recipe/, 2019-01-01T20:41:23Z
327, https://www.wp.mygingergarlickitchen.com/indian-paneer-stuffed-naan-video-recipe/, 2018-07-17T13:33:34Z
328, https://www.wp.mygingergarlickitchen.com/indian-spiced-coffee-microwave-recipe/, 2017-07-15T15:28:04Z
329, https://www.wp.mygingergarlickitchen.com/indian-spiced-dal-chawal-arancini-paired-with-pickled-mayonnaise-split-bengal-gram-salad-and-raspeberry-sauce-baked-version/, 2019-01-01T21:02:02Z
330, https://www.wp.mygingergarlickitchen.com/indian-style-spiced-salad-bruschetta-recipe/, 2015-03-25T15:00:30Z
331, https://www.wp.mygingergarlickitchen.com/indian-style-triple-egg-fried-rice-easy-egg-fried-rice-video-recipe/, 2018-07-17T13:11:24Z
332, https://www.wp.mygingergarlickitchen.com/indulging-coconut-mango-panna-cotta-recipe/, 2014-07-18T12:56:55Z
333, https://www.wp.mygingergarlickitchen.com/instant-bread-rasmalai-video-recipe/, 2016-10-21T06:31:17Z
334, https://www.wp.mygingergarlickitchen.com/instant-coconut-laddu-heat-recipe/, 2018-11-23T05:47:19Z
335, https://www.wp.mygingergarlickitchen.com/instant-coconut-ladoo-recipe-3-ways-rose-coconut-ladoo-saffron-coconut-ladoo-cardamom-coconut-ladoo/, 2018-01-29T18:26:30Z
336, https://www.wp.mygingergarlickitchen.com/instant-oats-rava-dhokla-oats-suji-ka-dhokla-video-recipe/, 2017-07-01T22:14:28Z
337, https://www.wp.mygingergarlickitchen.com/instant-onion-rava-dosa-recipe/, 2015-04-16T14:39:42Z
338, https://www.wp.mygingergarlickitchen.com/instant-peach-jalebi-topped-with-whipped-cream-and-pistachio/, 2019-01-01T21:04:31Z
339, https://www.wp.mygingergarlickitchen.com/instant-pot-butter-paneer/, 2019-01-20T13:55:22Z
340, https://www.wp.mygingergarlickitchen.com/instant-pot-gajar-halwa/, 2018-12-26T14:21:00Z
341, https://www.wp.mygingergarlickitchen.com/instant-rava-dhokla-steamed-semolina-snack/, 2014-05-22T17:30:04Z
342, https://www.wp.mygingergarlickitchen.com/irresistible-potato-red-cabbage-tikki-recipe/, 2018-10-01T11:37:24Z
343, https://www.wp.mygingergarlickitchen.com/italian-cream-soda/, 2019-01-01T21:07:01Z
344, https://www.wp.mygingergarlickitchen.com/italians-restaurant-tips-and-tricks/, 2019-01-20T15:56:31Z
345, https://www.wp.mygingergarlickitchen.com/jaipuri-aloo-pyaaz-ki-sabzi-potato-onion-curry-video-recipe/, 2018-08-21T15:48:56Z
346, https://www.wp.mygingergarlickitchen.com/jaipuri-mawa-kachori-video/, 2018-11-29T15:01:00Z
347, https://www.wp.mygingergarlickitchen.com/jaipuri-mishri-mawa-with-chocolate-and-vanilla-cream-with-video/, 2016-10-27T09:51:11Z
348, https://www.wp.mygingergarlickitchen.com/jaipuri-pyaaz-ki-kachori-onion-filled-spicy-snack/, 2018-04-09T17:06:24Z
349, https://www.wp.mygingergarlickitchen.com/jeera-aloo-quesadilla-video-recipe/, 2018-01-08T03:51:43Z
350, https://www.wp.mygingergarlickitchen.com/jeera-biscuits-eggless-roasted-cumin-cookies-video-recipe/, 2018-09-18T15:25:04Z
351, https://www.wp.mygingergarlickitchen.com/juicy-watermelon-pizza-bites-video/, 2018-05-08T13:26:42Z
352, https://www.wp.mygingergarlickitchen.com/kaju-katli-kaju-burfi-how-to-make-kaju-katli-video-recipe/, 2018-10-16T13:18:21Z
353, https://www.wp.mygingergarlickitchen.com/kala-chana-pulav-exquisite-black-chickpea-brown-rice-recipe/, 2016-05-19T02:16:56Z
354, https://www.wp.mygingergarlickitchen.com/kala-chana-sprouts-chaat-black-chickpeas-chaat-video-recipe/, 2019-01-15T13:54:42Z
355, https://www.wp.mygingergarlickitchen.com/kashmiri-pink-chai-noon-chai-video-recipe/, 2019-02-01T14:41:02Z
356, https://www.wp.mygingergarlickitchen.com/kesar-elaichi-shrikhand-video-recipe/, 2018-02-09T12:24:18Z
357, https://www.wp.mygingergarlickitchen.com/kesari-mawa-peda-indian-milk-fudge-instant-khoya-peda-recipe-video/, 2017-11-15T12:45:36Z
358, https://www.wp.mygingergarlickitchen.com/kesari-rice-kheer-saffron-rose-flavoured-rice-pudding/, 2019-01-01T21:03:15Z
359, https://www.wp.mygingergarlickitchen.com/ketogenic-sugar-free-chocolate-modak-recipe/, 2019-01-20T16:02:07Z
360, https://www.wp.mygingergarlickitchen.com/khaman-dhokla-recipe-how-to-make-instant-soft-and-spongy-dhokla-video-recipe/, 2018-07-17T12:10:29Z
361, https://www.wp.mygingergarlickitchen.com/khatta-meetha-indori-poha-beaten-rice-fry/, 2019-01-01T20:40:46Z
362, https://www.wp.mygingergarlickitchen.com/khoya-puffs-cutting-edge-gujia/, 2015-03-21T15:24:16Z
363, https://www.wp.mygingergarlickitchen.com/kidney-bean-tostadas-bell-pepper-salsa/, 2015-01-13T13:40:18Z
364, https://www.wp.mygingergarlickitchen.com/kitchen-hacks-for-cooking-the-perfect-pasta/, 2019-01-20T15:57:31Z
365, https://www.wp.mygingergarlickitchen.com/kitchen-hacks/, 2017-04-16T16:44:00Z
366, https://www.wp.mygingergarlickitchen.com/kitchen-tips-know-remove-garlicky-smell-hands/, 2014-06-21T17:52:05Z
367, https://www.wp.mygingergarlickitchen.com/know-accidentally-burn-rice-cooking-tips/, 2014-07-21T19:27:44Z
368, https://www.wp.mygingergarlickitchen.com/know-check-watermelon-ripe-cooking-tips/, 2014-07-28T08:33:35Z
369, https://www.wp.mygingergarlickitchen.com/know-chop-raisins-without-sticking-kitchen-tips/, 2015-04-02T07:49:06Z
370, https://www.wp.mygingergarlickitchen.com/know-clean-burnt-vessel-easily-kitchen-tips/, 2014-08-01T19:25:47Z
371, https://www.wp.mygingergarlickitchen.com/know-cut-chili-peppers-without-feeling-burning-hot-sensation-hands-cooking-tips/, 2014-09-03T08:48:58Z
372, https://www.wp.mygingergarlickitchen.com/know-easily-shred-cheese-without-much-mess-cooking-tips/, 2014-08-10T17:52:12Z
373, https://www.wp.mygingergarlickitchen.com/know-frying-oil-turns-black-re-using-cooking-tips/, 2014-07-01T11:52:26Z
374, https://www.wp.mygingergarlickitchen.com/know-keep-banana-fresh-long-time-cooking-tips/, 2015-09-25T10:55:39Z
375, https://www.wp.mygingergarlickitchen.com/know-keep-basil-fresh-long-time-cooking-tips/, 2014-07-09T14:55:30Z
376, https://www.wp.mygingergarlickitchen.com/know-keep-berries-fresh-longer-time-kitchen-tips/, 2017-01-17T14:58:09Z
377, https://www.wp.mygingergarlickitchen.com/know-keep-cauliflower-bright-white-dishes-cooking-tips/, 2014-07-08T10:22:07Z
378, https://www.wp.mygingergarlickitchen.com/know-keep-cookies-fresh-cooking-tips/, 2014-08-22T12:24:21Z
379, https://www.wp.mygingergarlickitchen.com/know-keep-grinder-blades-sharp-kitchen-tips/, 2014-08-05T09:07:05Z
380, https://www.wp.mygingergarlickitchen.com/know-low-fat-substitute-coconut-milk-cooking-tips/, 2014-07-04T22:04:51Z
381, https://www.wp.mygingergarlickitchen.com/know-make-crystal-clear-ice-kitchen-tips/, 2014-09-14T09:35:56Z
382, https://www.wp.mygingergarlickitchen.com/know-make-crystallized-honey-melt-againkitchen-tips/, 2014-07-30T09:14:54Z
383, https://www.wp.mygingergarlickitchen.com/know-make-dairy-free-soup-delicious-thick-cooking-tips/, 2014-07-15T12:10:05Z
384, https://www.wp.mygingergarlickitchen.com/know-make-leftover-rice-fresh-cooking-tips/, 2014-06-28T09:34:06Z
385, https://www.wp.mygingergarlickitchen.com/know-make-oatmeal-creamy-reheating-cooking-tips/, 2014-07-21T19:26:28Z
386, https://www.wp.mygingergarlickitchen.com/know-make-overriped-tomatoes-fresh/, 2014-05-31T09:10:52Z
387, https://www.wp.mygingergarlickitchen.com/know-make-perfect-vegetable-soup-cooking-tips/, 2014-07-11T09:30:08Z
388, https://www.wp.mygingergarlickitchen.com/know-make-vegetables-exotic-cooking-tips/, 2014-07-16T10:54:41Z
389, https://www.wp.mygingergarlickitchen.com/know-measure-honey-non-sticky-way-cooking-tips/, 2014-09-08T14:04:54Z
390, https://www.wp.mygingergarlickitchen.com/know-prevent-cutting-board-sliding-kitchen-tips/, 2014-07-25T09:25:01Z
391, https://www.wp.mygingergarlickitchen.com/know-prevent-ice-cream-becoming-rock-hard-cooking-tips/, 2019-01-01T20:37:58Z
392, https://www.wp.mygingergarlickitchen.com/know-reduce-heat-fresh-chilies-cooking-tips/, 2014-07-15T09:24:25Z
393, https://www.wp.mygingergarlickitchen.com/know-saute-onions-faster-less-oil/, 2014-06-01T09:13:42Z
394, https://www.wp.mygingergarlickitchen.com/know-savory-dish-needs-little-extra-strength-cooking-tips/, 2014-07-19T12:17:05Z
395, https://www.wp.mygingergarlickitchen.com/know-seafood-healthy-food/, 2019-01-20T15:58:19Z
396, https://www.wp.mygingergarlickitchen.com/know-slow-rotting-tomatoes-kitchen-tips/, 2014-08-19T13:12:07Z
397, https://www.wp.mygingergarlickitchen.com/know-stop-cheese-drying-kitchen-tips/, 2014-09-14T09:37:17Z
398, https://www.wp.mygingergarlickitchen.com/know-store-lemon-long-term-use-cooking-tips/, 2014-07-07T10:11:22Z
399, https://www.wp.mygingergarlickitchen.com/know-store-mushroom-longer-time-cooking-tips/, 2014-07-04T10:51:35Z
400, https://www.wp.mygingergarlickitchen.com/know-store-spices-maintain-flavour-cooking-tips/, 2014-07-13T10:33:17Z
401, https://www.wp.mygingergarlickitchen.com/know-store-tomato-puree-later-use-cooking-tips/, 2014-06-30T14:07:20Z
402, https://www.wp.mygingergarlickitchen.com/know-using-milk-can-make-recipes-richer-taste-cooking-tips-2/, 2014-07-02T07:24:00Z
403, https://www.wp.mygingergarlickitchen.com/kopra-pak-nariyal-ki-burfi-video-recipe/, 2018-07-17T13:20:10Z
404, https://www.wp.mygingergarlickitchen.com/lapsi-recipe/, 2018-09-26T11:30:38Z
405, https://www.wp.mygingergarlickitchen.com/lehsuni-dum-aloo-spicy-garlicky-potatoes-video-recipe/, 2017-06-14T15:36:40Z
406, https://www.wp.mygingergarlickitchen.com/lehsuni-sev-garlicky-gram-flour-noodles-video-recipe/, 2015-11-18T10:06:53Z
407, https://www.wp.mygingergarlickitchen.com/lemon-rice-recipe/, 2019-01-18T11:44:42Z
408, https://www.wp.mygingergarlickitchen.com/life-vegan-foodie-demand/, 2019-01-20T16:06:01Z
409, https://www.wp.mygingergarlickitchen.com/love-red-onions/, 2019-01-20T16:07:01Z
410, https://www.wp.mygingergarlickitchen.com/luscious-oat-blueberry-pie-crust-cookies-recipe/, 2014-08-08T20:38:59Z
411, https://www.wp.mygingergarlickitchen.com/macaroni-buttery-coconut-vegetable-curry-recipe/, 2018-03-06T17:55:14Z
412, https://www.wp.mygingergarlickitchen.com/make-crispy-puri/, 2014-05-27T08:06:49Z
413, https://www.wp.mygingergarlickitchen.com/make-oats-paratha-oats-green-paratha-2-ways-oats-onion-paratha/, 2019-02-08T07:40:32Z
414, https://www.wp.mygingergarlickitchen.com/make-tomato-puree-brilliant-red/, 2014-05-25T09:26:53Z
415, https://www.wp.mygingergarlickitchen.com/malai-kofta-dhaba-style-roadside-eatery-style-malai-kofta-curry/, 2017-08-23T08:30:17Z
416, https://www.wp.mygingergarlickitchen.com/mango-lassi-recipe-video/, 2019-01-01T21:10:24Z
417, https://www.wp.mygingergarlickitchen.com/mango-mastani-recipe/, 2019-01-01T20:33:20Z
418, https://www.wp.mygingergarlickitchen.com/mango-shrikhand-recipe-amarkhand-recipe/, 2019-01-01T21:09:55Z
419, https://www.wp.mygingergarlickitchen.com/masala-mathri-2-ways-baked-masala-mathri-recipe-video-spicy-indian-crackers/, 2018-01-25T13:35:15Z
420, https://www.wp.mygingergarlickitchen.com/masaledar-jau-ki-papdi-spicy-barley-crackers-video-recipe/, 2017-12-31T16:54:51Z
421, https://www.wp.mygingergarlickitchen.com/mascarpone-cream-cheese-chocolate-mousse-cups/, 2019-01-17T15:28:12Z
422, https://www.wp.mygingergarlickitchen.com/melon-granita-dash-lemon-recipe/, 2014-08-08T20:54:55Z
423, https://www.wp.mygingergarlickitchen.com/mggk-art-house/, 2017-02-18T06:09:00Z
424, https://www.wp.mygingergarlickitchen.com/mggk-art-house/canvas-paintings/, 2016-12-25T14:08:37Z
425, https://www.wp.mygingergarlickitchen.com/mggk-art-house/mug-designs/, 2014-12-09T10:01:19Z
426, https://www.wp.mygingergarlickitchen.com/mini-apple-pear-tarte-tatin-video-recipe/, 2019-01-01T21:14:03Z
427, https://www.wp.mygingergarlickitchen.com/mini-berry-pavlova-valentines-day/, 2019-02-05T08:16:52Z
428, https://www.wp.mygingergarlickitchen.com/mint-chana-grilled-tofu/, 2016-09-15T16:18:07Z
429, https://www.wp.mygingergarlickitchen.com/mint-coriander-tandoori-roti-video-recipe/, 2016-06-10T10:28:33Z
430, https://www.wp.mygingergarlickitchen.com/mint-raita-pudina-raita/, 2016-12-05T15:52:31Z
431, https://www.wp.mygingergarlickitchen.com/mix-vegetable-pakora-video-recipe/, 2016-02-03T19:08:33Z
432, https://www.wp.mygingergarlickitchen.com/mooli-paratha-strawberry-grapes-chutney-video/, 2018-10-28T07:54:41Z
433, https://www.wp.mygingergarlickitchen.com/moong-dal-dhokla-recipe/, 2016-06-03T06:45:38Z
434, https://www.wp.mygingergarlickitchen.com/moong-dal-namkeen/, 2018-11-10T14:55:41Z
435, https://www.wp.mygingergarlickitchen.com/moong-dal-palak-idli-recipe/, 2017-11-08T16:04:43Z
436, https://www.wp.mygingergarlickitchen.com/moong-dal-paratha-green-split-lentils-flatbread/, 2015-04-19T18:49:21Z
437, https://www.wp.mygingergarlickitchen.com/moong-dal-toast/, 2015-08-12T06:06:57Z
438, https://www.wp.mygingergarlickitchen.com/mughlai-navratan-korma-white-gravy-navratan-kurma-recipe-video/, 2018-04-09T17:56:24Z
439, https://www.wp.mygingergarlickitchen.com/mulled-wine-recipe/, 2019-01-01T21:08:52Z
440, https://www.wp.mygingergarlickitchen.com/mung-bean-pita-burger-with-caramelized-oranges-and-mango-chutney/, 2015-06-03T06:29:33Z
441, https://www.wp.mygingergarlickitchen.com/mushroom-kale-stuffed-paratha-video-recipe/, 2016-04-20T08:43:19Z
442, https://www.wp.mygingergarlickitchen.com/mushroom-peas-corn-pulav-recipe/, 2014-08-23T15:30:35Z
443, https://www.wp.mygingergarlickitchen.com/mushroom-pepper-corn-masala-recipe/, 2014-10-06T10:27:45Z
444, https://www.wp.mygingergarlickitchen.com/mushroom-pepper-pilaf-with-grilled-veggies-honey-mustard-yogurt-and-chili-peanuts/, 2015-06-29T12:09:19Z
445, https://www.wp.mygingergarlickitchen.com/mushroom-pulao-recipe/, 2018-11-28T13:34:19Z
446, https://www.wp.mygingergarlickitchen.com/my-books/, 2015-09-25T10:42:23Z
447, https://www.wp.mygingergarlickitchen.com/nankhatai-indian-shortbread-cookies-video-recipe/, 2019-01-10T17:21:52Z
448, https://www.wp.mygingergarlickitchen.com/nayab-chana-masala-spicy-chickpeas-curry-vegetarian-recipe/, 2019-01-08T13:08:11Z
449, https://www.wp.mygingergarlickitchen.com/nepalese-whole-wheat-steamed-veg-momos-recipe-video/, 2018-02-13T07:48:25Z
450, https://www.wp.mygingergarlickitchen.com/new-1-bestseller-book/, 2015-02-09T13:34:34Z
451, https://www.wp.mygingergarlickitchen.com/no-bake-almond-flowers-video-recipe/, 2015-12-15T19:19:36Z
452, https://www.wp.mygingergarlickitchen.com/no-bake-cream-cheese-lemon-mousse/, 2019-01-01T21:04:20Z
453, https://www.wp.mygingergarlickitchen.com/no-bake-mini-strawberry-nutella-cheesecake-video/, 2016-03-02T02:08:55Z
454, https://www.wp.mygingergarlickitchen.com/no-bake-oats-and-chia-energy-balls-video-recipe/, 2018-05-05T15:46:10Z
455, https://www.wp.mygingergarlickitchen.com/no-bake-peach-gingerbread-cheesecake-parfait/, 2016-10-14T17:37:38Z
456, https://www.wp.mygingergarlickitchen.com/no-bake-strawberry-cheesecake-bites-video-recipe/, 2018-07-17T12:38:12Z
457, https://www.wp.mygingergarlickitchen.com/no-bake-zebra-cheese-cake-gluten-free-video-recipe/, 2018-11-14T15:00:36Z
458, https://www.wp.mygingergarlickitchen.com/no-churn-coffee-caramel-chocolate-ice-cream-video-recipe/, 2019-01-01T20:33:25Z
459, https://www.wp.mygingergarlickitchen.com/no-churn-peach-blueberry-ice-cream-video-recipe/, 2019-01-01T20:33:22Z
460, https://www.wp.mygingergarlickitchen.com/non-alcoholic-ginger-mimosa-a-perfect-summer-mocktail/, 2019-01-01T21:12:17Z
461, https://www.wp.mygingergarlickitchen.com/oat-almonds-cookies-with-the-flavor-of-coconut-eggless-baking/, 2014-05-20T18:14:19Z
462, https://www.wp.mygingergarlickitchen.com/oatmeal-peanut-butter-chocolate-cookies-video-recipe/, 2017-02-28T10:28:23Z
463, https://www.wp.mygingergarlickitchen.com/oats-orange-eggless-muffins-3-ways-video-recipe/, 2018-06-13T14:35:59Z
464, https://www.wp.mygingergarlickitchen.com/oliya-fruity-rice-yogurt-pudding/, 2019-01-01T21:02:55Z
465, https://www.wp.mygingergarlickitchen.com/one-pan-thai-yellow-curry-mac-video/, 2016-06-08T08:57:11Z
466, https://www.wp.mygingergarlickitchen.com/orange-gift-nature-stock-photo/, 2014-09-12T14:32:30Z
467, https://www.wp.mygingergarlickitchen.com/orange-lassi-orange-yogurt-smoothie/, 2018-06-05T21:51:39Z
468, https://www.wp.mygingergarlickitchen.com/orange-prune-loaf-recipe/, 2019-02-12T14:19:01Z
469, https://www.wp.mygingergarlickitchen.com/orange-trail-simple-cool/, 2019-01-20T16:05:22Z
470, https://www.wp.mygingergarlickitchen.com/palak-ki-puri-recipe-video-make-palak-poori-spinach-puri/, 2018-07-17T14:12:58Z
471, https://www.wp.mygingergarlickitchen.com/palak-paneer-recipe-video/, 2018-06-30T20:39:47Z
472, https://www.wp.mygingergarlickitchen.com/palak-patta-chaat-recipe-spinach-leaf-fritters/, 2018-04-13T08:46:16Z
473, https://www.wp.mygingergarlickitchen.com/paneer-tikka-masala-recipe/, 2018-10-30T12:32:10Z
474, https://www.wp.mygingergarlickitchen.com/pani-puri-recipe-gol-gappa-recipe-video/, 2018-11-23T20:57:26Z
475, https://www.wp.mygingergarlickitchen.com/parsley-quality-never-goes-out-of-style-im-loving-it/, 2019-01-20T16:07:17Z
476, https://www.wp.mygingergarlickitchen.com/pause-refreshes-lemon-stock-photo/, 2019-01-20T16:04:25Z
477, https://www.wp.mygingergarlickitchen.com/paush-khichda-sweet-dal-khichdi/, 2019-01-20T16:33:26Z
478, https://www.wp.mygingergarlickitchen.com/paush-vada/, 2019-01-20T13:18:58Z
479, https://www.wp.mygingergarlickitchen.com/pav-bhaji-recipe/, 2019-01-18T18:37:52Z
480, https://www.wp.mygingergarlickitchen.com/peach-bruschetta-with-whipped-ricotta-and-zucchini-video-recipe/, 2019-01-10T15:13:05Z
481, https://www.wp.mygingergarlickitchen.com/peach-chocolate-eggless-brownies-video-recipe/, 2019-01-01T21:23:20Z
482, https://www.wp.mygingergarlickitchen.com/peanut-butter-chocolate-banana-sandwich/, 2017-01-17T19:14:22Z
483, https://www.wp.mygingergarlickitchen.com/peanut-chikki/, 2019-01-31T13:07:37Z
484, https://www.wp.mygingergarlickitchen.com/peanut-coconut-jaggery-bars-recipe/, 2018-07-17T11:28:09Z
485, https://www.wp.mygingergarlickitchen.com/peas-coconut-peda/, 2017-10-02T10:07:39Z
486, https://www.wp.mygingergarlickitchen.com/peas-corn-coconut-masala-recipe/, 2014-10-07T17:08:14Z
487, https://www.wp.mygingergarlickitchen.com/peel-a-hard-boiled-egg-in-less-than-10-seconds-life-hack/, 2018-04-18T17:35:22Z
488, https://www.wp.mygingergarlickitchen.com/pepper-corn-arugula-pizza-with-sun-dried-tomatoes-and-mayonnaise-pepper-drizzle/, 2017-11-01T21:34:43Z
489, https://www.wp.mygingergarlickitchen.com/pepper-onion-potato-paratha/, 2017-05-21T18:15:44Z
490, https://www.wp.mygingergarlickitchen.com/peppery-hot-broccoli-cheese-dip/, 2016-02-23T14:46:51Z
491, https://www.wp.mygingergarlickitchen.com/perfect-vegetarian-pizza-video-recipe-how-to-make-pizza-dough-from-scratch/, 2018-06-08T09:31:07Z
492, https://www.wp.mygingergarlickitchen.com/persimmon-chocolate-bundt-cake-with-video/, 2015-12-01T17:01:25Z
493, https://www.wp.mygingergarlickitchen.com/pineapple-blueberry-raspberry-breakfast-layered-smoothie/, 2016-04-01T11:26:16Z
494, https://www.wp.mygingergarlickitchen.com/pineapple-raita-recipe-ananas-raita-recipe/, 2018-07-14T18:15:47Z
495, https://www.wp.mygingergarlickitchen.com/pineapple-salsa-papadum-cones-recipe/, 2014-10-30T12:57:01Z
496, https://www.wp.mygingergarlickitchen.com/pink-and-white-refreshing-watermelon-lemonade/, 2018-07-17T12:07:30Z
497, https://www.wp.mygingergarlickitchen.com/pistachio-snacks-mggk/, 2014-09-01T08:20:39Z
498, https://www.wp.mygingergarlickitchen.com/pizza-dough-twists-parsley-and-sesame-video-recipe/, 2018-09-14T13:00:09Z
499, https://www.wp.mygingergarlickitchen.com/potato-paneer-stuffed-roasted-red-cabbage-cones-with-sriracha-sauce/, 2015-10-08T11:19:01Z
500, https://www.wp.mygingergarlickitchen.com/potato-peas-stir-fry-aloo-matar-dry-vegetarian-recipe/, 2018-03-19T15:10:06Z
501, https://www.wp.mygingergarlickitchen.com/potato-roses-potato-gratins-video-recipe/, 2017-02-22T19:53:06Z
502, https://www.wp.mygingergarlickitchen.com/potato-stuffed-bread-pakora-recipestory/, 2018-03-20T16:53:14Z
503, https://www.wp.mygingergarlickitchen.com/potato-stuffed-bread-roll-video-recipe/, 2016-10-16T12:19:25Z
504, https://www.wp.mygingergarlickitchen.com/prevent-ice-cream-melting/, 2019-01-01T20:38:17Z
505, https://www.wp.mygingergarlickitchen.com/privacy-policy/, 2018-05-28T09:06:15Z
506, https://www.wp.mygingergarlickitchen.com/professional-chefs-favourite-cookware/, 2019-01-20T16:00:29Z
507, https://www.wp.mygingergarlickitchen.com/puff-pastry-apricot-galette-with-almond-topping-video-recipe/, 2016-09-23T04:01:33Z
508, https://www.wp.mygingergarlickitchen.com/pull-apart-garlic-parsley-bread-with-video/, 2015-12-30T20:14:17Z
509, https://www.wp.mygingergarlickitchen.com/pumpkin-cinnamon-rolls-video/, 2017-10-11T16:05:27Z
510, https://www.wp.mygingergarlickitchen.com/pumpkin-muesli-chocolate-bread-video-recipe/, 2018-10-30T12:44:18Z
511, https://www.wp.mygingergarlickitchen.com/pumpkin-rind-stir-fry-kaddu-ke-chilke-is-sabji-video-recipe/, 2015-11-19T02:16:28Z
512, https://www.wp.mygingergarlickitchen.com/punjabi-aloo-paratha-recipe-aloo-ka-paratha/, 2018-03-19T15:08:11Z
513, https://www.wp.mygingergarlickitchen.com/punjabi-baingan-bharta-roasted-eggplant-curry-video-recipe/, 2018-08-16T19:04:44Z
514, https://www.wp.mygingergarlickitchen.com/punjabi-chole-bhature-chana-bhatura/, 2019-01-24T14:59:50Z
515, https://www.wp.mygingergarlickitchen.com/quick-and-easy-pineapple-kiwi-honey-yogurt-parfait/, 2015-10-08T11:32:24Z
516, https://www.wp.mygingergarlickitchen.com/quick-healthy-spiced-brown-rice-corn-recipe/, 2018-03-05T14:29:50Z
517, https://www.wp.mygingergarlickitchen.com/quick-mango-kulfi-recipe/, 2019-01-01T20:33:46Z
518, https://www.wp.mygingergarlickitchen.com/quick-masala-murmura/, 2014-07-10T15:38:35Z
519, https://www.wp.mygingergarlickitchen.com/radish-lentil-idli-fry-with-carrot-ginger-chutney-video-recipe/, 2016-06-29T15:27:22Z
520, https://www.wp.mygingergarlickitchen.com/rainbow-curry-vegetarian-recipe/, 2014-06-20T11:19:06Z
521, https://www.wp.mygingergarlickitchen.com/rajasthani-besan-ke-cheele-ka-raita-chickpea-pancake-raita/, 2018-02-13T09:13:48Z
522, https://www.wp.mygingergarlickitchen.com/rajasthani-besan-ke-cheele-ki-sabzi-chickpea-pancake-curry-video-recipe/, 2018-04-02T17:50:35Z
523, https://www.wp.mygingergarlickitchen.com/rajasthani-govind-gatta-curry-recipe/, 2018-04-20T10:34:59Z
524, https://www.wp.mygingergarlickitchen.com/rajasthani-gulab-churma-rose-choorma-recipe-video/, 2018-03-30T15:55:21Z
525, https://www.wp.mygingergarlickitchen.com/rajasthani-khoba-roti-video/, 2017-01-21T17:58:27Z
526, https://www.wp.mygingergarlickitchen.com/rajasthani-lehsun-ki-chutney-2-ways-garlic-chutney-video-recipe/, 2019-02-05T10:47:18Z
527, https://www.wp.mygingergarlickitchen.com/rajasthani-mawa-malpua-video/, 2018-11-29T09:14:00Z
528, https://www.wp.mygingergarlickitchen.com/rajasthani-mirchi-ke-tipore-instant-chili-pickle-recipe/, 2018-07-04T15:57:57Z
529, https://www.wp.mygingergarlickitchen.com/rajasthani-mirchi-vada-video-recipe/, 2016-08-23T09:26:27Z
530, https://www.wp.mygingergarlickitchen.com/rajasthani-mohanthal-gujarati-mohanthal-mohan-thal-2-ways-video-recipe/, 2018-10-16T14:32:07Z
531, https://www.wp.mygingergarlickitchen.com/rajasthani-moong-dal-halwa/, 2019-01-18T19:01:08Z
532, https://www.wp.mygingergarlickitchen.com/rajasthani-tomato-mustard-garlic-chutney/, 2018-03-30T16:28:12Z
533, https://www.wp.mygingergarlickitchen.com/rajma-masala-spiced-kidney-beans-in-tomato-rich-gravy/, 2019-01-01T21:07:12Z
534, https://www.wp.mygingergarlickitchen.com/rajma-tofu-paratha-pocket-bites-with-boondi-raita-video-recipe/, 2016-09-15T16:24:38Z
535, https://www.wp.mygingergarlickitchen.com/rasmalai-video-recipe-how-to-make-soft-rasmalai-at-home/, 2018-11-07T13:30:33Z
536, https://www.wp.mygingergarlickitchen.com/raspberry-creme-fraiche-cookies-puffs-video/, 2019-02-08T08:59:55Z
537, https://www.wp.mygingergarlickitchen.com/raw-radishes-mggk/, 2014-09-01T08:14:17Z
538, https://www.wp.mygingergarlickitchen.com/rc-toys-will-occupy-children-cooking/, 2019-01-20T16:01:57Z
539, https://www.wp.mygingergarlickitchen.com/real-taste-pepper-stock-photo/, 2014-09-23T06:29:40Z
540, https://www.wp.mygingergarlickitchen.com/recipe-dal-bukhara-exotic-creamy-black-lentil-dish/, 2019-01-01T21:08:21Z
541, https://www.wp.mygingergarlickitchen.com/recipes/, 2017-04-16T16:33:10Z
542, https://www.wp.mygingergarlickitchen.com/red-cabbage-cauliflower-radish-chickpea-pancake-vegetarian-recipe/, 2014-08-08T20:50:25Z
543, https://www.wp.mygingergarlickitchen.com/red-cabbage-stuffed-paratha-recipe/, 2016-06-08T05:23:39Z
544, https://www.wp.mygingergarlickitchen.com/red-cabbage-zucchini-chana-dal/, 2015-10-28T22:59:28Z
545, https://www.wp.mygingergarlickitchen.com/red-grapes-onion-cucumber-raita/, 2015-07-06T15:23:41Z
546, https://www.wp.mygingergarlickitchen.com/red-hot-chili-peppers-need/, 2019-01-20T16:06:21Z
547, https://www.wp.mygingergarlickitchen.com/red-velvet-crinkle-cookies-video-recipe/, 2019-01-01T21:23:48Z
548, https://www.wp.mygingergarlickitchen.com/red-velvet-mug-cake/, 2014-12-29T18:07:27Z
549, https://www.wp.mygingergarlickitchen.com/refreshing-onion-capsicum-pulav/, 2016-08-06T07:34:59Z
550, https://www.wp.mygingergarlickitchen.com/resources/, 2017-09-12T11:07:12Z
551, https://www.wp.mygingergarlickitchen.com/restaurant-style-dal-makhani-punjabi-maa-ki-dal-video-recipe/, 2019-02-01T15:12:36Z
552, https://www.wp.mygingergarlickitchen.com/restaurant-style-indian-garlic-naan-3-ways-video-recipe/, 2018-04-07T02:07:13Z
553, https://www.wp.mygingergarlickitchen.com/restaurant-style-matar-paneer-curry-recipe-video/, 2019-01-24T14:53:33Z
554, https://www.wp.mygingergarlickitchen.com/restaurant-style-paneer-butter-masala-paneer-makhani-video-recipe/, 2018-08-24T10:23:09Z
555, https://www.wp.mygingergarlickitchen.com/restaurant-style-paneer-pyaza-video-recipe/, 2019-01-26T18:30:18Z
556, https://www.wp.mygingergarlickitchen.com/restaurant-style-rajma-masala-recipe/, 2018-12-14T03:27:06Z
557, https://www.wp.mygingergarlickitchen.com/restaurant-style-shahi-kaju-curry-cashew-curry-video-recipe/, 2018-08-03T20:30:08Z
558, https://www.wp.mygingergarlickitchen.com/restaurant-style-tadka-dal-recipe-how-to-make-dal-tadka/, 2019-02-08T12:04:20Z
559, https://www.wp.mygingergarlickitchen.com/revitalising-bread-poha/, 2014-05-23T16:20:30Z
560, https://www.wp.mygingergarlickitchen.com/rice-chakli-recipe/, 2018-10-26T11:53:04Z
561, https://www.wp.mygingergarlickitchen.com/rice-krispie-cornflakes-bhel-video/, 2016-06-19T07:58:09Z
562, https://www.wp.mygingergarlickitchen.com/roasted-beet-falafel-green-tahini-dip-video/, 2018-03-07T15:27:59Z
563, https://www.wp.mygingergarlickitchen.com/roasted-beet-kebab-with-beet-dip-video/, 2019-01-01T21:22:56Z
564, https://www.wp.mygingergarlickitchen.com/roasted-beet-potato-holiday-salad-video-recipe/, 2019-01-01T21:23:57Z
565, https://www.wp.mygingergarlickitchen.com/roasted-cauliflower-pilaf-watermelon-sauce-video-recipe/, 2018-06-29T14:48:14Z
566, https://www.wp.mygingergarlickitchen.com/roasted-zucchini-garlic-with-spiced-split-bengal-gram/, 2015-10-08T11:31:38Z
567, https://www.wp.mygingergarlickitchen.com/romantic-choco-berry-valentine-smoothie/, 2019-02-07T09:57:23Z
568, https://www.wp.mygingergarlickitchen.com/rose-flavored-vermicelli-pudding/, 2019-01-01T21:06:13Z
569, https://www.wp.mygingergarlickitchen.com/rose-masala-chai-how-to-make-rose-tea-video-recipe/, 2019-01-01T21:13:25Z
570, https://www.wp.mygingergarlickitchen.com/roti-jala-net-lacy-pancakes-video/, 2016-03-22T07:11:11Z
571, https://www.wp.mygingergarlickitchen.com/royal-rajasthani-gatta-pulav-recipestory/, 2018-06-09T17:30:57Z
572, https://www.wp.mygingergarlickitchen.com/russian-candy-treats-other-delicacies/, 2019-01-20T15:58:35Z
573, https://www.wp.mygingergarlickitchen.com/rye-crispbread-chaat/, 2015-01-31T15:57:58Z
574, https://www.wp.mygingergarlickitchen.com/rye-irish-soda-bread-video-recipe/, 2018-04-06T15:03:53Z
575, https://www.wp.mygingergarlickitchen.com/salty-sweet-whole-wheat-onion-crackers-video-recipe/, 2015-12-11T14:56:11Z
576, https://www.wp.mygingergarlickitchen.com/samosa-french-loaf-with-coriander-chutney-video/, 2017-03-27T23:29:27Z
577, https://www.wp.mygingergarlickitchen.com/scrumptious-baguette-pizza-bites-vegetarian-recipe/, 2014-08-08T20:43:01Z
578, https://www.wp.mygingergarlickitchen.com/seasoned-potato-stuffed-cheese-toast/, 2014-05-22T14:53:25Z
579, https://www.wp.mygingergarlickitchen.com/seasoned-sweet-potato-vada-grilled-pita-burger-vegetarian-recipe/, 2016-10-16T13:48:14Z
580, https://www.wp.mygingergarlickitchen.com/seasoned-syrupy-plum-chaat-recipe/, 2016-09-14T07:07:01Z
581, https://www.wp.mygingergarlickitchen.com/sev-stuffed-paratha-recipe-how-to-make-bhujia-paratha/, 2018-03-16T11:44:53Z
582, https://www.wp.mygingergarlickitchen.com/shahi-kadai-mushroom-video-recipe/, 2019-01-15T14:59:51Z
583, https://www.wp.mygingergarlickitchen.com/sharing-food-another-human-intimate-act-indulged-lightly-food-quotes/, 2014-07-31T09:35:40Z
584, https://www.wp.mygingergarlickitchen.com/shikanji-indian-lemonade-recipe/, 2014-06-20T11:14:43Z
585, https://www.wp.mygingergarlickitchen.com/simple-italian-recipes-you-can-do-at-home/, 2019-01-20T15:56:26Z
586, https://www.wp.mygingergarlickitchen.com/simple-recipes-for-your-pescatarian-diet/, 2019-01-20T15:57:50Z
587, https://www.wp.mygingergarlickitchen.com/simple-recipes-for-your-vegan-diet/, 2019-01-20T15:57:09Z
588, https://www.wp.mygingergarlickitchen.com/sizzling-bites-of-dalia-tikki-broken-wheat-cutlet/, 2014-05-20T08:06:29Z
589, https://www.wp.mygingergarlickitchen.com/sizzling-mushroom-tikki-recipe/, 2016-10-19T00:14:57Z
590, https://www.wp.mygingergarlickitchen.com/small-batch-of-fudgy-carrot-brownies/, 2018-04-13T15:58:31Z
591, https://www.wp.mygingergarlickitchen.com/snickers-mini-chocolate-tarts/, 2016-03-01T18:20:38Z
592, https://www.wp.mygingergarlickitchen.com/some-essential-spices-for-indian-cooking/, 2019-01-20T16:01:40Z
593, https://www.wp.mygingergarlickitchen.com/somebody-say-grapes/, 2019-01-20T16:05:56Z
594, https://www.wp.mygingergarlickitchen.com/sooji-toast-3-ways-rava-toast/, 2018-06-28T10:26:39Z
595, https://www.wp.mygingergarlickitchen.com/spanish-style-vegetarian-omelette-video/, 2017-06-11T11:47:38Z
596, https://www.wp.mygingergarlickitchen.com/spiced-aloo-raita-potato-raita-yogurt-salad-recipe/, 2014-06-17T14:57:49Z
597, https://www.wp.mygingergarlickitchen.com/spiced-chai-pumpkin-smoothie-with-video/, 2019-01-01T21:05:42Z
598, https://www.wp.mygingergarlickitchen.com/spiced-fenugreek-beet-baked-mathri/, 2016-10-28T15:17:43Z
599, https://www.wp.mygingergarlickitchen.com/spiced-kesar-chai-spiced-saffron-tea-video/, 2018-03-24T13:46:11Z
600, https://www.wp.mygingergarlickitchen.com/spiced-oat-lentils-daliaporridge-recipe/, 2015-04-14T15:43:41Z
601, https://www.wp.mygingergarlickitchen.com/spiced-pumpkin-pie-video/, 2015-10-20T20:45:23Z
602, https://www.wp.mygingergarlickitchen.com/spiced-rice-lentils-with-grilled-pineapple-and-cucumber-honey-lemon-yogurt/, 2015-11-12T11:24:24Z
603, https://www.wp.mygingergarlickitchen.com/spices-stock-photo/, 2014-09-03T14:30:49Z
604, https://www.wp.mygingergarlickitchen.com/spicy-zucchini-waffles-how-to-make-waffled-besan-chilla-video-recipe/, 2017-09-01T06:55:44Z
605, https://www.wp.mygingergarlickitchen.com/spinach-cheese-puffs-vegetarian-recipe/, 2014-06-20T11:15:10Z
606, https://www.wp.mygingergarlickitchen.com/spinach-kofta-biryani-vegetarian-recipe/, 2017-03-10T22:47:37Z
607, https://www.wp.mygingergarlickitchen.com/spinach-kofta-curry-fried-spinach-dumplings-creamy-tomato-sauce-recipe/, 2019-01-01T20:40:34Z
608, https://www.wp.mygingergarlickitchen.com/spinach-tomato-chili-whole-grain-pasta-vegetarian-recipe/, 2015-02-22T11:10:42Z
609, https://www.wp.mygingergarlickitchen.com/spring-onion-mint-pulav-recipe/, 2014-07-07T16:49:39Z
610, https://www.wp.mygingergarlickitchen.com/start-here/, 2017-04-16T18:53:53Z
611, https://www.wp.mygingergarlickitchen.com/steamed-besan-gatte-ki-sabzi-recipe-video-rajasthani-adhar-bele-ki-sabji/, 2019-01-29T18:56:40Z
612, https://www.wp.mygingergarlickitchen.com/steamed-veg-momos-spicy-chili-chutney-vegetable-momos-recipe-video/, 2019-01-30T18:16:36Z
613, https://www.wp.mygingergarlickitchen.com/strawberry-cheesecake-dip-for-fruits-and-snacks/, 2016-03-01T11:02:14Z
614, https://www.wp.mygingergarlickitchen.com/strawberry-kiwi-sparkling-cooler-video/, 2018-07-17T12:46:44Z
615, https://www.wp.mygingergarlickitchen.com/strawberry-lassi-recipe/, 2018-07-18T22:28:38Z
616, https://www.wp.mygingergarlickitchen.com/strawberry-mango-smoothie-recipe/, 2015-03-31T18:18:41Z
617, https://www.wp.mygingergarlickitchen.com/strawberry-masala-chaas-spiced-strawberry-buttermilk/, 2019-01-01T21:06:49Z
618, https://www.wp.mygingergarlickitchen.com/strawberry-shrikhand-recipe/, 2018-10-24T11:54:27Z
619, https://www.wp.mygingergarlickitchen.com/strawberry-white-hot-chocolate-video/, 2016-04-20T17:59:37Z
620, https://www.wp.mygingergarlickitchen.com/sugar-made-simple-stock-photo/, 2014-09-19T08:45:37Z
621, https://www.wp.mygingergarlickitchen.com/summer-berry-salad-with-salted-peanuts-and-walnuts/, 2016-04-26T14:05:43Z
622, https://www.wp.mygingergarlickitchen.com/summer-melon-dessert-kharbuje-ka-panna-recipe/, 2019-01-01T20:51:43Z
623, https://www.wp.mygingergarlickitchen.com/sunahari-makki-ki-roti-golden-cornmeal-flatbread-recipe/, 2014-06-25T16:48:52Z
624, https://www.wp.mygingergarlickitchen.com/super-moist-mini-chocolate-beet-cake-muffins/, 2015-10-08T11:30:58Z
625, https://www.wp.mygingergarlickitchen.com/super-spicy-veggie-pasta-recipe/, 2018-04-20T11:37:25Z
626, https://www.wp.mygingergarlickitchen.com/sweet-melon-balls-with-chilled-rose-milk-recipe/, 2014-07-20T09:13:18Z
627, https://www.wp.mygingergarlickitchen.com/sweet-potato-cabbage-hot-dogs-video-recipe/, 2018-11-11T15:49:56Z
628, https://www.wp.mygingergarlickitchen.com/sweet-potato-pumpkin-kebabs-with-video/, 2017-04-10T14:29:53Z
629, https://www.wp.mygingergarlickitchen.com/szechuan-spiced-carrot-fettuccine-video-recipe/, 2016-06-20T08:09:00Z
630, https://www.wp.mygingergarlickitchen.com/tale-lazy-saturday-morning-works-slow-works-better-perfect-experience/, 2019-01-20T16:06:09Z
631, https://www.wp.mygingergarlickitchen.com/tandoori-paneer-tikka/, 2018-10-12T13:53:27Z
632, https://www.wp.mygingergarlickitchen.com/tangy-spicy-tomato-paratha-tomato-flatbread-recipe/, 2018-06-09T19:12:37Z
633, https://www.wp.mygingergarlickitchen.com/tantalizing-cauliflower-korma-curry-recipe-2/, 2018-05-19T06:47:45Z
634, https://www.wp.mygingergarlickitchen.com/tempting-spiced-curry-noodles-vegetarian-recipe/, 2014-07-23T11:09:33Z
635, https://www.wp.mygingergarlickitchen.com/thai-iced-tea-recipe/, 2019-01-01T21:01:04Z
636, https://www.wp.mygingergarlickitchen.com/the-human-friendly-apple-banana-is-an-investment-in-good-performance-d/, 2019-01-20T16:07:25Z
637, https://www.wp.mygingergarlickitchen.com/thermal-carafe-vs-glass-carafe-which-coffee-maker-is-better-for-you/, 2019-01-20T15:58:47Z
638, https://www.wp.mygingergarlickitchen.com/things-every-restaurant-needs/, 2019-01-20T15:57:36Z
639, https://www.wp.mygingergarlickitchen.com/things-to-consider-before-hiring-caterers-for-your-childrens-party/, 2019-01-20T15:57:15Z
640, https://www.wp.mygingergarlickitchen.com/things-to-consider-for-the-right-cold-brew/, 2019-01-20T16:01:16Z
641, https://www.wp.mygingergarlickitchen.com/things-you-can-do-with-your-bread-machine/, 2019-01-20T15:57:25Z
642, https://www.wp.mygingergarlickitchen.com/three-best-restaurants-in-scottsdale-az/, 2019-01-20T15:59:08Z
643, https://www.wp.mygingergarlickitchen.com/tips-for-choosing-the-best-skillet/, 2019-01-20T15:57:42Z
644, https://www.wp.mygingergarlickitchen.com/tips-make-perfect-coffee/, 2019-01-20T16:02:31Z
645, https://www.wp.mygingergarlickitchen.com/tips-to-keep-your-vegetable-fresh/, 2014-05-18T12:50:15Z
646, https://www.wp.mygingergarlickitchen.com/tips-to-prevent-eggplants-from-turning-black/, 2014-05-20T10:17:42Z
647, https://www.wp.mygingergarlickitchen.com/toasted-coconut-sesame-rice-krispie-and-multigrain-cheerios-dark-chocolate-bars/, 2015-10-08T11:18:08Z
648, https://www.wp.mygingergarlickitchen.com/tom-brady-quote-food/, 2014-06-29T09:41:08Z
649, https://www.wp.mygingergarlickitchen.com/tomato-try-will-like-stock-photo/, 2014-09-14T15:59:53Z
650, https://www.wp.mygingergarlickitchen.com/toothsome-banana-pancakes-recipe/, 2014-08-14T13:54:51Z
651, https://www.wp.mygingergarlickitchen.com/top-15-healthy-modern-holi-recipes-you-should-try-this-year/, 2019-01-01T21:21:57Z
652, https://www.wp.mygingergarlickitchen.com/top-17-refreshing-and-cool-summer-drinks-belong-to-your-summer-drinking-bucket-list/, 2019-01-01T21:21:36Z
653, https://www.wp.mygingergarlickitchen.com/top-5-benefits-of-juicing/, 2019-01-20T16:02:56Z
654, https://www.wp.mygingergarlickitchen.com/top-five-foods-for-sous-vide-cooking/, 2019-01-20T15:59:53Z
655, https://www.wp.mygingergarlickitchen.com/top-reasons-why-visiting-kent-is-must-for-foodies-this-summer/, 2019-01-20T15:59:02Z
656, https://www.wp.mygingergarlickitchen.com/tortilla-poha-kiwi-peanut-salsa-video/, 2016-05-27T13:55:06Z
657, https://www.wp.mygingergarlickitchen.com/traditional-rajasthani-sev-tamatar-ki-sabzi-recipe-video/, 2019-01-01T21:25:08Z
658, https://www.wp.mygingergarlickitchen.com/tropical-brushetta-with-berry-yogurt-cheese/, 2018-05-15T15:51:54Z
659, https://www.wp.mygingergarlickitchen.com/ukadiche-modak-recipe/, 2018-09-14T12:19:54Z
660, https://www.wp.mygingergarlickitchen.com/unique-italian-cooking-tech/, 2019-01-20T15:58:11Z
661, https://www.wp.mygingergarlickitchen.com/unique-restaurants-in-las-vegas/, 2019-01-20T16:00:04Z
662, https://www.wp.mygingergarlickitchen.com/vada-pav-recipe/, 2019-01-08T12:56:19Z
663, https://www.wp.mygingergarlickitchen.com/valentines-day-breakfast-ideas-video-tutorial/, 2019-02-04T09:26:27Z
664, https://www.wp.mygingergarlickitchen.com/vanilla-ice-cream-recipe/, 2019-01-01T20:33:22Z
665, https://www.wp.mygingergarlickitchen.com/vanilla-iced-mocha-coffee-ice-cubes-video/, 2019-01-01T21:04:42Z
666, https://www.wp.mygingergarlickitchen.com/veg-biryani-recipe-restaurant-style-hyderabadi-veg-dum-biryani-recipe/, 2018-11-10T17:35:07Z
667, https://www.wp.mygingergarlickitchen.com/veg-schezwan-noodles-recipe-video-how-to-make-easy-veg-schezwan-noodles/, 2017-11-29T22:07:53Z
668, https://www.wp.mygingergarlickitchen.com/vegan-chocolate-mousse-with-aquafaba-video-recipe/, 2019-01-01T21:12:55Z
669, https://www.wp.mygingergarlickitchen.com/vegan-coconut-blueberry-ice-cream/, 2019-01-01T20:33:26Z
670, https://www.wp.mygingergarlickitchen.com/vegan-honeydew-melon-banana-ice-cream-video-recipe/, 2019-01-01T20:33:23Z
671, https://www.wp.mygingergarlickitchen.com/vegan-thai-green-curry-vegetable-noodles-video-recipe/, 2016-11-15T22:45:13Z
672, https://www.wp.mygingergarlickitchen.com/vegetable-tahiri-recipe-one-pot-veg-tehri/, 2018-07-17T13:16:26Z
673, https://www.wp.mygingergarlickitchen.com/vegetable-teriyaki-noodles-video/, 2018-08-14T14:28:05Z
674, https://www.wp.mygingergarlickitchen.com/vegetarian-recipe-curry-stuffed-bun/, 2015-03-20T16:55:10Z
675, https://www.wp.mygingergarlickitchen.com/vegetarian-recipe-rajma-tikki-kidney-beans-cutlets/, 2018-05-04T05:17:25Z
676, https://www.wp.mygingergarlickitchen.com/vegetarian-recipe-vegetable-pan-pizza/, 2014-06-20T11:16:51Z
677, https://www.wp.mygingergarlickitchen.com/veggie-pizza-pie-video-recipe/, 2017-09-26T17:43:16Z
678, https://www.wp.mygingergarlickitchen.com/vermicelli-birds-nest-video/, 2019-01-01T21:02:32Z
679, https://www.wp.mygingergarlickitchen.com/video-weekly-recipe-round-up-week-26/, 2015-07-05T11:43:46Z
680, https://www.wp.mygingergarlickitchen.com/video-weekly-recipe-round-up-week-27/, 2015-07-06T19:48:28Z
681, https://www.wp.mygingergarlickitchen.com/video-weekly-recipe-round-up-week-28/, 2015-07-13T08:28:37Z
682, https://www.wp.mygingergarlickitchen.com/video-weekly-recipe-round-up-week-29/, 2015-08-08T08:36:26Z
683, https://www.wp.mygingergarlickitchen.com/video-weekly-recipe-round-up-week-30/, 2015-08-08T08:42:49Z
684, https://www.wp.mygingergarlickitchen.com/video-weekly-recipe-round-up-week-31/, 2015-08-08T08:44:51Z
685, https://www.wp.mygingergarlickitchen.com/video-weekly-recipe-round-up-week-32/, 2015-08-14T20:28:08Z
686, https://www.wp.mygingergarlickitchen.com/video-weekly-recipe-round-up-week-33/, 2015-08-29T15:03:18Z
687, https://www.wp.mygingergarlickitchen.com/video-weekly-recipe-round-up-week-34/, 2015-08-29T17:49:44Z
688, https://www.wp.mygingergarlickitchen.com/video-weekly-recipe-round-up-week-35/, 2015-09-05T06:34:55Z
689, https://www.wp.mygingergarlickitchen.com/video-weekly-recipe-roundup-week-36/, 2015-09-13T06:45:56Z
690, https://www.wp.mygingergarlickitchen.com/video-weekly-recipe-roundup-week-37/, 2015-10-03T17:14:07Z
691, https://www.wp.mygingergarlickitchen.com/video-weekly-recipe-roundup-week-38/, 2015-10-03T17:24:13Z
692, https://www.wp.mygingergarlickitchen.com/video-weekly-recipe-roundup-week-39/, 2015-10-16T20:55:36Z
693, https://www.wp.mygingergarlickitchen.com/video-weekly-recipe-roundup-week-40/, 2015-10-16T20:55:45Z
694, https://www.wp.mygingergarlickitchen.com/video-weekly-recipe-roundup-week-41/, 2015-10-16T20:57:12Z
695, https://www.wp.mygingergarlickitchen.com/watermelon-onion-yogurt-chip-dip/, 2018-04-29T14:48:50Z
696, https://www.wp.mygingergarlickitchen.com/watermelon-orange-salsa-summer-bites/, 2018-04-29T14:26:02Z
697, https://www.wp.mygingergarlickitchen.com/white-christmas-rocky-road-video-recipe/, 2019-01-01T21:09:20Z
698, https://www.wp.mygingergarlickitchen.com/white-sauce-pasta-recipe/, 2019-01-01T20:39:55Z
699, https://www.wp.mygingergarlickitchen.com/white-wine-brand-concept-ginger-garlic-kitchen/, 2015-02-05T18:00:10Z
700, https://www.wp.mygingergarlickitchen.com/whole-black-gram-sprouts-with-oven-toasted-garlic-baguette/, 2015-10-16T14:25:46Z
701, https://www.wp.mygingergarlickitchen.com/whole-wheat-peach-mushroom-pizza-with-feta-and-fresh-basil/, 2015-10-08T11:21:38Z
702, https://www.wp.mygingergarlickitchen.com/why-you-need-turmeric-in-your-kitchen/, 2019-02-08T08:33:00Z
703, https://www.wp.mygingergarlickitchen.com/wine-bottled-poetry-food-quotes/, 2014-07-25T18:29:21Z
704, https://www.wp.mygingergarlickitchen.com/yeast-free-instant-whole-wheat-naan/, 2018-09-13T02:35:50Z
705, https://www.wp.mygingergarlickitchen.com/your-guide-to-throwing-a-spook-tacular-halloween-party/, 2019-01-20T15:58:06Z
706, https://www.wp.mygingergarlickitchen.com/zero-oil-mint-chola-cornmeal-tart-video-recipe/, 2017-05-30T09:45:19Z
707, https://www.wp.mygingergarlickitchen.com/zucchini-chickpea-flour-pancake-zucchini-chilla-recipe/, 2015-04-01T09:43:42Z
