BOOK_SERIAL_NUMBER;BOOK_NAME_TRANSLATED_ENGLISH
BOOK_SERIALNUM_1;GAYATRI KI DAINIK SADHNA
BOOK_SERIALNUM_2;how to deal with anachar
BOOK_SERIALNUM_3;Incarnation of heaven in married life
BOOK_SERIALNUM_4;gayatri dwarabhautik safaltaye
BOOK_SERIALNUM_5;Gayatri ke Pratyaksh Chamatkar
BOOK_SERIALNUM_6;gayatri yagya vidhaan
BOOK_SERIALNUM_7;gytri yagya vidhan part 2
BOOK_SERIALNUM_8;why and how
BOOK_SERIALNUM_9;expansion of sanjivani vidya
BOOK_SERIALNUM_10;women's gayatree sadhna
BOOK_SERIALNUM_11;test
BOOK_SERIALNUM_12;v2
BOOK_SERIALNUM_13;Yagyapavit dwara dharm arth kaam moksh ki prapat
BOOK_SERIALNUM_14;Emergence and Miracles of Inner Power
BOOK_SERIALNUM_15;Devasur battle of intimate life
BOOK_SERIALNUM_16;space science and research of indirect
BOOK_SERIALNUM_17;cast off superstition
BOOK_SERIALNUM_18;An eternal highway to perfect health
BOOK_SERIALNUM_19;Cut the shackles of ignorance - live a free life
BOOK_SERIALNUM_20;Ignorance is the reason for distortions in the field of religion
BOOK_SERIALNUM_21;ocean in ocean
BOOK_SERIALNUM_22;Vibhu in Molecule - Sagar in Gagar
BOOK_SERIALNUM_23;beware of over sentimentality
BOOK_SERIALNUM_24;extrasensory abilities not a coincidence fact
BOOK_SERIALNUM_25;background of psychic abilities
BOOK_SERIALNUM_26;background of psychic abilities
BOOK_SERIALNUM_27;extrasensory abilities not a coincidence fact
BOOK_SERIALNUM_28;Atharvaveda Part-1A
BOOK_SERIALNUM_29;Atharvaveda Part-1B
BOOK_SERIALNUM_30;Atharvaveda Part-1C
BOOK_SERIALNUM_31;Atharvaveda Part-2A
BOOK_SERIALNUM_32;Atharvaveda Part-2B
BOOK_SERIALNUM_33;Atharvaveda Part-2C
BOOK_SERIALNUM_34;amazing amazing but true -1
BOOK_SERIALNUM_35;amazing amazing but true-2
BOOK_SERIALNUM_36;amazing amazing but true-3
BOOK_SERIALNUM_37;Observing the invisible world through the window of dreams
BOOK_SERIALNUM_38;Observation of the invisible world through the window of dreams!
BOOK_SERIALNUM_39;spirituality a cash religion
BOOK_SERIALNUM_40;spirituality a cash religion
BOOK_SERIALNUM_41;a kind of spiritual summer
BOOK_SERIALNUM_42;a kind of spiritual summer
BOOK_SERIALNUM_43;understand the meaning of spirituality
BOOK_SERIALNUM_44;understand the meaning of spirituality
BOOK_SERIALNUM_45;Renaissance of the true form of spirituality
BOOK_SERIALNUM_46;bring spirituality alive
BOOK_SERIALNUM_47;bring spirituality alive
BOOK_SERIALNUM_48;What was spirituality? What happened ? What should be ?
BOOK_SERIALNUM_49;What was spirituality? What happened? What should be?
BOOK_SERIALNUM_50;Himalaya, the pole center of spiritual consciousness
BOOK_SERIALNUM_51;Spiritual outlook and eternal self-confidence
BOOK_SERIALNUM_52;devotion to religion
BOOK_SERIALNUM_53;gateway to spirituality
BOOK_SERIALNUM_54;gateway to spirituality
BOOK_SERIALNUM_55;Why spiritualism only
BOOK_SERIALNUM_56;spiritualistic materialism should be adopted
BOOK_SERIALNUM_57;How to deal with incest?
BOOK_SERIALNUM_58;Anadi Gurumantra Gayatri
BOOK_SERIALNUM_59;Eternal Guru Mantra - Gayatri
BOOK_SERIALNUM_60;Inner Energy Awakening Session
BOOK_SERIALNUM_61;space science and indirect research
BOOK_SERIALNUM_62;Knowledge-Science of the journey of the inner world-1
BOOK_SERIALNUM_63;Knowledge-Science of the journey of the inner world-2
BOOK_SERIALNUM_64;Knowledge-Science of the journey of the inner world-3
BOOK_SERIALNUM_65;Knowledge-Science of the journey of the inner world-4
BOOK_SERIALNUM_66;Knowledge-Science of the journey of the inner world-1
BOOK_SERIALNUM_67;leave blind traditions and break them
BOOK_SERIALNUM_68;There is no gain from superstition, the loss is immense.
BOOK_SERIALNUM_69;don't be superstitious be sensible
BOOK_SERIALNUM_70;Annaprashan Chudakarma and Vidyarambh Sanskar method
BOOK_SERIALNUM_71;don't let your spirits down
BOOK_SERIALNUM_72;save yourself
BOOK_SERIALNUM_73;Improving yourself is the greatest service in the world
BOOK_SERIALNUM_74;Improving yourself is the greatest service in the world
BOOK_SERIALNUM_75;you be your lamp
BOOK_SERIALNUM_76;you be your lamp
BOOK_SERIALNUM_77;keep your brahmin and saint alive
BOOK_SERIALNUM_78;keep your brahmin and saint alive
BOOK_SERIALNUM_79;paramount need of your time
BOOK_SERIALNUM_80;from imperfection to perfection
BOOK_SERIALNUM_81;Abraham Lincoln
BOOK_SERIALNUM_82;emotional exchange between parents and offspring
BOOK_SERIALNUM_83;Greeting
BOOK_SERIALNUM_84;expression
BOOK_SERIALNUM_85;Amar Vani - 1
BOOK_SERIALNUM_86;Amar Vani - 1
BOOK_SERIALNUM_87;Amar Vani - 2
BOOK_SERIALNUM_88;Amar Vani-2
BOOK_SERIALNUM_89;Amrit Vachan proven formula of life
BOOK_SERIALNUM_90;Avatar turns the tide
BOOK_SERIALNUM_91;Avantika Bai Gokhale
BOOK_SERIALNUM_92;need to reverse undesirable trends
BOOK_SERIALNUM_93;survive the fire of resentment
BOOK_SERIALNUM_94;Causes and Remedies for Dissatisfaction
BOOK_SERIALNUM_95;incontinence vs self-harm
BOOK_SERIALNUM_96;unusual and unique but possible and accessible
BOOK_SERIALNUM_97;unusual and strange but possible and accessible
BOOK_SERIALNUM_98;limitless life dependent on limitless
BOOK_SERIALNUM_99;boundless life
BOOK_SERIALNUM_100;Let's create a cultured generation
BOOK_SERIALNUM_101;Let's create a cultured generation
BOOK_SERIALNUM_102;preparing to move on
BOOK_SERIALNUM_103;Today's Prajnavatar's appeal to the deity of the era
BOOK_SERIALNUM_104;half time asymmetry
BOOK_SERIALNUM_105;path of self-welfare
BOOK_SERIALNUM_106;high-level planning of self-power
BOOK_SERIALNUM_107;Emergence of Yug-Shakti from Self-Shakti
BOOK_SERIALNUM_108;self-knowledge and self-wellness
BOOK_SERIALNUM_109;self-knowledge and self-wellness
BOOK_SERIALNUM_110;four stages of self-development
BOOK_SERIALNUM_111;four stages of self-development
BOOK_SERIALNUM_112;high-level planning of self-power
BOOK_SERIALNUM_113;Emergence of Yugshakti from self-power
BOOK_SERIALNUM_114;the union of the soul and the divine
BOOK_SERIALNUM_115;soul is neither male nor female
BOOK_SERIALNUM_116;soul is neither male nor female
BOOK_SERIALNUM_117;union of the soul and the divine
BOOK_SERIALNUM_118;Soul or oh knowledge:
BOOK_SERIALNUM_119;Four stages of spiritual progress - Sadhana, self-study, self-control, service
BOOK_SERIALNUM_120;Four stages of spiritual progress - Sadhana, self-study, self-control, service
BOOK_SERIALNUM_121;the edge of spiritual progress
BOOK_SERIALNUM_122;Reliance needed for spiritual progress
BOOK_SERIALNUM_123;Need of dependence for spiritual progress
BOOK_SERIALNUM_124;Astrology a comprehensive branch of spirituality
BOOK_SERIALNUM_125;sweetness and bliss of intimacy
BOOK_SERIALNUM_126;How should ideal marriages be prevalent?
BOOK_SERIALNUM_127;Learn to offer flowers of life on the altar of ideals Part-1
BOOK_SERIALNUM_128;Learn to offer flowers of life on the altar of ideals Part-2
BOOK_SERIALNUM_129;Powerful practice of the primal power Gayatri
BOOK_SERIALNUM_130;Powerful practice of the primal power Gayatri
BOOK_SERIALNUM_131;Powerful practice of primal power Gayatri
BOOK_SERIALNUM_132;Powerful spiritual practices of primal power Gayatri
BOOK_SERIALNUM_133;half the manpower should not be crippled
BOOK_SERIALNUM_134;Do not cripple half the manpower
BOOK_SERIALNUM_135;Women should not fall from ideals in the race of modernity
BOOK_SERIALNUM_136;Spiritual materialism should be adopted
BOOK_SERIALNUM_137;Steps to Spiritual Elevation—Yoga and Tapas
BOOK_SERIALNUM_138;spiritual science
BOOK_SERIALNUM_139;spiritual science
BOOK_SERIALNUM_140;spiritual sexology
BOOK_SERIALNUM_141;Method 1 of Spiritual Rejuvenation
BOOK_SERIALNUM_142;Method of Spiritual Rejuvenation - Law-2
BOOK_SERIALNUM_143;Method-2 of Spiritual Rejuvenation
BOOK_SERIALNUM_144;Spiritual Medicine a Holistic Treatment
BOOK_SERIALNUM_145;Spiritual healing a holistic healing method
BOOK_SERIALNUM_146;spiritual outlook and infinite self-confidence
BOOK_SERIALNUM_147;What is spiritual teaching?
BOOK_SERIALNUM_148;development of inner joy
BOOK_SERIALNUM_149;Simple but sure method of internal rejuvenation
BOOK_SERIALNUM_150;Simple but sure method of internal rejuvenation
BOOK_SERIALNUM_151;Simple but sure method of internal rejuvenation
BOOK_SERIALNUM_152;You identify yourself....
BOOK_SERIALNUM_153;spirituality of crisis
BOOK_SERIALNUM_154;spirituality of crisis
BOOK_SERIALNUM_155;patience in objections
BOOK_SERIALNUM_156;patience in objections
BOOK_SERIALNUM_157;Broad scope of Ayurveda
BOOK_SERIALNUM_158;Basis of health- physical labor
BOOK_SERIALNUM_159;economic independence
BOOK_SERIALNUM_160;immense harm in passion
BOOK_SERIALNUM_161;Asanas and Pranayama
BOOK_SERIALNUM_162;Asanas and Pranayama
BOOK_SERIALNUM_163;Asana Pranayama Bandha Mudra Panchakosha Meditation
BOOK_SERIALNUM_164;Who is a believer? Who is an atheist?
BOOK_SERIALNUM_165;Faith is the soul of theism
BOOK_SERIALNUM_166;Faith is the soul of faith
BOOK_SERIALNUM_167;utility and necessity of theism
BOOK_SERIALNUM_168;utility and necessity of theism
BOOK_SERIALNUM_169;Theism an essential requirement of human life
BOOK_SERIALNUM_170;theism the best philosophy of life
BOOK_SERIALNUM_171;Theism: Facts and Truth
BOOK_SERIALNUM_172;sensory restraint
BOOK_SERIALNUM_173;Gangavataran of the 21st century
BOOK_SERIALNUM_174;21st century constitution
BOOK_SERIALNUM_175;21st century constitution
BOOK_SERIALNUM_176;21st century demand era leadership
BOOK_SERIALNUM_177;21st Century Versus Bright Future - Part 1
BOOK_SERIALNUM_178;21st Century Versus Bright Future - Part 2
BOOK_SERIALNUM_179;sensory restraint
BOOK_SERIALNUM_180;One of the most important steps of this year
BOOK_SERIALNUM_181;What should we do for the 21st century?
BOOK_SERIALNUM_182;What should we do for the 21st century?
BOOK_SERIALNUM_183;21st century vs bright future part-1
BOOK_SERIALNUM_184;21st century vs bright future part-2
BOOK_SERIALNUM_185;God and his experience
BOOK_SERIALNUM_186;True path to attain God and heaven
BOOK_SERIALNUM_187;True path to attain God and heaven
BOOK_SERIALNUM_188;vast form of god
BOOK_SERIALNUM_189;vast form of god
BOOK_SERIALNUM_190;who is god where is how
BOOK_SERIALNUM_191;who is god where is how
BOOK_SERIALNUM_192;Ishwar Chandra Vidyasagar
BOOK_SERIALNUM_193;Partnership with God a profitable deal in every sense
BOOK_SERIALNUM_194;Partnership with God a profitable deal in every sense
BOOK_SERIALNUM_195;divine justice
BOOK_SERIALNUM_196;divine justice
BOOK_SERIALNUM_197;high level charitable time donation
BOOK_SERIALNUM_198;high level charitable time donation
BOOK_SERIALNUM_199;high level charitable time donation
BOOK_SERIALNUM_200;The two steps of high-level spiritual practice - chanting and meditation
BOOK_SERIALNUM_201;Meaningful direction of bright future
BOOK_SERIALNUM_202;sparks of a bright future
BOOK_SERIALNUM_203;don't rush don't worry
BOOK_SERIALNUM_204;don't rush don't worry
BOOK_SERIALNUM_205;push yourself to excellence
BOOK_SERIALNUM_206;classy and refined life
BOOK_SERIALNUM_207;great idea and reaction
BOOK_SERIALNUM_208;generosity and foresight
BOOK_SERIALNUM_209;generosity and foresight
BOOK_SERIALNUM_210;uddhredatmanatmanam
BOOK_SERIALNUM_211;From those who are fifty
BOOK_SERIALNUM_212;those who are over fifty
BOOK_SERIALNUM_213;consumption not use
BOOK_SERIALNUM_214;coordination of worship and meditation
BOOK_SERIALNUM_215;coordination of worship and meditation
BOOK_SERIALNUM_216;philosophy and form of worship
BOOK_SERIALNUM_217;Importance and method of worship
BOOK_SERIALNUM_218;Chanting and meditation are two steps of worship
BOOK_SERIALNUM_219;Chanting and meditation are two steps of worship
BOOK_SERIALNUM_220;Essential requirement of worship life
BOOK_SERIALNUM_221;worship and worship
BOOK_SERIALNUM_222;worship-worship-worship
BOOK_SERIALNUM_223;Rigveda Part 1 C
BOOK_SERIALNUM_224;Rigveda Part 1-A
BOOK_SERIALNUM_225;Rigveda Part 1-B
BOOK_SERIALNUM_226;Rigveda Part 2-A
BOOK_SERIALNUM_227;Rigveda Part 2-B
BOOK_SERIALNUM_228;Rigveda Part 2-C
BOOK_SERIALNUM_229;Rigveda Part 3-A
BOOK_SERIALNUM_230;Rigveda Part 3-B
BOOK_SERIALNUM_231;Rigveda Part 4-A
BOOK_SERIALNUM_232;Rigveda Part 4-B
BOOK_SERIALNUM_233;Speech of Rishi Yugam
BOOK_SERIALNUM_234;Introduction to Rishi Yugam
BOOK_SERIALNUM_235;Glimpses of Rishi Yugam
BOOK_SERIALNUM_236;Glimpses of Rishi Couple - Peepal-1
BOOK_SERIALNUM_237;a request to the voters
BOOK_SERIALNUM_238;a request to the voters
BOOK_SERIALNUM_239;There was only one king.
BOOK_SERIALNUM_240;a parallel education system
BOOK_SERIALNUM_241;unity towards equality
BOOK_SERIALNUM_242;Annie Vasant
BOOK_SERIALNUM_243;be like others
BOOK_SERIALNUM_244;be like others
BOOK_SERIALNUM_245;stand the test of hardship
BOOK_SERIALNUM_246;stand the test of hardship
BOOK_SERIALNUM_247;don't be afraid of difficulties
BOOK_SERIALNUM_248;don't be afraid of difficulties
BOOK_SERIALNUM_249;simple remedy for constipation
BOOK_SERIALNUM_250;Spirituality hidden in the inspirations of rituals
BOOK_SERIALNUM_251;Ritual why and how
BOOK_SERIALNUM_252;rituals pradeep
BOOK_SERIALNUM_253;rituals pradeep
BOOK_SERIALNUM_254;Teaching of personality building hidden in rituals
BOOK_SERIALNUM_255;Teaching of personality building hidden in rituals
BOOK_SERIALNUM_256;Ritual why and how
BOOK_SERIALNUM_257;emotion is not ritual
BOOK_SERIALNUM_258;emotion is not ritual
BOOK_SERIALNUM_259;rituals bhaskar
BOOK_SERIALNUM_260;rituals bhaskar
BOOK_SERIALNUM_261;Karma Yoga and Karma Kaushal
BOOK_SERIALNUM_262;Karmayogi Swami Kesavananda
BOOK_SERIALNUM_263;live an artistic life
BOOK_SERIALNUM_264;Kasturba Gandhi
BOOK_SERIALNUM_265;Kasturba Gandhi
BOOK_SERIALNUM_266;creative use of lust
BOOK_SERIALNUM_267;epistemology of sex element
BOOK_SERIALNUM_268;surrender wishes to god
BOOK_SERIALNUM_269;body energy and its miraculous power
BOOK_SERIALNUM_270;body energy and its miraculous power
BOOK_SERIALNUM_271;body's reservoir of pranagni
BOOK_SERIALNUM_272;body's reservoir of pranagni
BOOK_SERIALNUM_273;avoid the fallacy of calamity
BOOK_SERIALNUM_274;proper solution of some religious questions
BOOK_SERIALNUM_275;proper solution of some religious questions
BOOK_SERIALNUM_276;Kundalini superpower and its accomplishment
BOOK_SERIALNUM_277;Meditation practices for Kundalini awakening
BOOK_SERIALNUM_278;Kundalini superpower and its accomplishment
BOOK_SERIALNUM_279;Kundalini superpower and its accomplishment
BOOK_SERIALNUM_280;The vicious cycle must be broken
BOOK_SERIALNUM_281;How to rejuvenate?
BOOK_SERIALNUM_282;How will science and spirituality be coordinated?
BOOK_SERIALNUM_283;How will science and spirituality be coordinated?
BOOK_SERIALNUM_284;What should we eat ? Why eat how to eat
BOOK_SERIALNUM_285;What religion? What immorality
BOOK_SERIALNUM_286;What religion? What immorality
BOOK_SERIALNUM_287;is religion an opium pill
BOOK_SERIALNUM_288;is religion an opium pill
BOOK_SERIALNUM_289;Will women remain in this plight?
BOOK_SERIALNUM_290;Is man really the best animal?
BOOK_SERIALNUM_291;Is widow marriage against the scriptures?
BOOK_SERIALNUM_292;outline of the revolution
BOOK_SERIALNUM_293;petty we petty our desires
BOOK_SERIALNUM_294;Leave pettiness and walk on the path of greatness
BOOK_SERIALNUM_295;leave pettiness walk the path of greatness
BOOK_SERIALNUM_296;Keep these things in mind while eating
BOOK_SERIALNUM_297;How to eat
BOOK_SERIALNUM_298;How to eat
BOOK_SERIALNUM_299;toys destroy spirituality
BOOK_SERIALNUM_300;toys destroy spirituality
BOOK_SERIALNUM_301;Ganesh Shankar Vidyarthi
BOOK_SERIALNUM_302;the disgusting barbarity of filth
BOOK_SERIALNUM_303;health in pots
BOOK_SERIALNUM_304;If someone asks me, I will say that heaven is only here
BOOK_SERIALNUM_305;Poor people should not pretend to be rich
BOOK_SERIALNUM_306;Jewel Karmanogati:
BOOK_SERIALNUM_307;Jewel Karmanogati:
BOOK_SERIALNUM_308;Science and Method of Gayatri Ritual
BOOK_SERIALNUM_309;Gayatri Upanishad
BOOK_SERIALNUM_310;Gayatri worship is mandatory - necessary
BOOK_SERIALNUM_311;Three conditions for the success of Gayatri worship
BOOK_SERIALNUM_312;Three conditions for the success of Gayatri worship
BOOK_SERIALNUM_313;how to worship gayatri
BOOK_SERIALNUM_314;Attainment of Brahmavarchas by Gayatri worship
BOOK_SERIALNUM_315;Scientific secret of Gayatri and Yagya
BOOK_SERIALNUM_316;Gayatri and its vital process
BOOK_SERIALNUM_317;Philosophy of Gayatri and Yagya for human beings only
BOOK_SERIALNUM_318;Philosophy of Gayatri and Yagya for human beings only
BOOK_SERIALNUM_319;Interdependent relation of Gayatri and Yagya science
BOOK_SERIALNUM_320;Gayatri and Yagyopaveet
BOOK_SERIALNUM_321;Gayatri and Savitri - two forms of the same superpower
BOOK_SERIALNUM_322;Meaning and message of Gayatri
BOOK_SERIALNUM_323;Brahmavarchas of Gayatri
BOOK_SERIALNUM_324;Brahmavarchas of Gayatri
BOOK_SERIALNUM_325;Meaning of Gayatri
BOOK_SERIALNUM_326;Scientific Basis of Gayatri
BOOK_SERIALNUM_327;Gayatri's power source Savita Devta
BOOK_SERIALNUM_328;The form and secret of Gayatri
BOOK_SERIALNUM_329;Gayatri's every letter power source
BOOK_SERIALNUM_330;Gayatri's every letter power source
BOOK_SERIALNUM_331;Gayatri's rituals and rituals
BOOK_SERIALNUM_332;Gayatri's rituals and rituals
BOOK_SERIALNUM_333;Gayatri's innumerable powers
BOOK_SERIALNUM_334;High level five practices of Gayatri
BOOK_SERIALNUM_335;High level five practices of Gayatri
BOOK_SERIALNUM_336;Secret Powers of Gayatri
BOOK_SERIALNUM_337;Secret Powers of Gayatri
BOOK_SERIALNUM_338;Miraculous practice of Gayatri
BOOK_SERIALNUM_339;Miraculous practice of Gayatri
BOOK_SERIALNUM_340;Divine Powers of Gayatri
BOOK_SERIALNUM_341;Gayatri's daily meditation and yagya method
BOOK_SERIALNUM_342;Gayatri's Panchkoshi Sadhana and Achievements Part-2
BOOK_SERIALNUM_343;Gayatri's Panchkoshi meditation and achievements
BOOK_SERIALNUM_344;Gayatri's Panchkoshi Sadhana and Achievements Part-1
BOOK_SERIALNUM_345;Gayatri's Panchkoshi Sadhana and Achievements Part-3
BOOK_SERIALNUM_346;Gayatri's Panchkoshi Sadhana and Achievements Part-4
BOOK_SERIALNUM_347;Gayatri's Panchkoshi Sadhana and Achievements Part-5
BOOK_SERIALNUM_348;Gayatri's Panchkoshi Sadhana and Achievements Part-6
BOOK_SERIALNUM_349;Gayatri's fivefold daily practice
BOOK_SERIALNUM_350;Gayatri's ultimate welfare all-round easy worship method
BOOK_SERIALNUM_351;Gayatri's fierce vital energy
BOOK_SERIALNUM_352;Gayatri's fierce vital energy
BOOK_SERIALNUM_353;great glory of gayatri
BOOK_SERIALNUM_354;Gayatri's epochal consciousness
BOOK_SERIALNUM_355;Special practices of Gayatri
BOOK_SERIALNUM_356;Gayatri's power and accomplishment
BOOK_SERIALNUM_357;Achievements of Gayatri
BOOK_SERIALNUM_358;Easy practices of Gayatri
BOOK_SERIALNUM_359;Easy practice of Gayatri
BOOK_SERIALNUM_360;Gayatri's 24 Power Streams
BOOK_SERIALNUM_361;Gayatri's 24 Power Streams
BOOK_SERIALNUM_362;24 teachings of Gayatri
BOOK_SERIALNUM_363;24 teachings of Gayatri
BOOK_SERIALNUM_364;Fourteen Gems of Gayatri
BOOK_SERIALNUM_365;Gayatri's glittering diamonds
BOOK_SERIALNUM_366;Gayatri's glittering diamonds
BOOK_SERIALNUM_367;Gayatri's two holy symbols - Shikha and Yajnopavit
BOOK_SERIALNUM_368;Gayatri's five faces five divine sheaths
BOOK_SERIALNUM_369;Gayatri's five faces five divine sheaths
BOOK_SERIALNUM_370;Five-Gems of Gayatri
BOOK_SERIALNUM_371;Five-Gems of Gayatri
BOOK_SERIALNUM_372;Visible Miracles of Gayatri
BOOK_SERIALNUM_373;14 Gems of Gayatri
BOOK_SERIALNUM_374;Gayatri Chalisa
BOOK_SERIALNUM_375;Self-realization by Gayatri
BOOK_SERIALNUM_376;Material Successes by Gayatri
BOOK_SERIALNUM_377;Gayatri Panchmukhi and Ekamukhi
BOOK_SERIALNUM_378;Gayatri Panchmukhi and Ekamukhi
BOOK_SERIALNUM_379;Goal of Gayatri Parivar
BOOK_SERIALNUM_380;Gayatri Prayer
BOOK_SERIALNUM_381;Gayatri Mantra is a great science
BOOK_SERIALNUM_382;Philosophy of Gayatri Mantra
BOOK_SERIALNUM_383;Unique Powers of Gayatri Mantra
BOOK_SERIALNUM_384;Gayatri Mahatma
BOOK_SERIALNUM_385;Amazing power of Gayatri Mahamantra
BOOK_SERIALNUM_386;Practical practice of Gayatri Mahamantra
BOOK_SERIALNUM_387;Gayatri Mahavigyan
BOOK_SERIALNUM_388;Gayatri Mahavigyan
BOOK_SERIALNUM_389;Gayatri Mahavigyan Part III
BOOK_SERIALNUM_390;Gayatri Mahavigyan Part 2
BOOK_SERIALNUM_391;Philosophy of Gayatri Mahavidya
BOOK_SERIALNUM_392;High level practice of Gayatri Mahavidya
BOOK_SERIALNUM_393;High level practice of Gayatri Mahavidya
BOOK_SERIALNUM_394;Gayatri Yagya and its inspiration
BOOK_SERIALNUM_395;Importance of Gayatri Yagya
BOOK_SERIALNUM_396;Gayatri Yagya Vidhaan
BOOK_SERIALNUM_397;Gayatri Yoga
BOOK_SERIALNUM_398;Gayatri Doubt Solution
BOOK_SERIALNUM_399;Gayatri Doubt Solution
BOOK_SERIALNUM_400;Female form of Gayatri Shakti
BOOK_SERIALNUM_401;Gayatri Shaktipeeth: Gurudev's vision is our responsibility
BOOK_SERIALNUM_402;Gayatri the presiding deity of all-round power
BOOK_SERIALNUM_403;Gayatri Sadhana and Yagya Process
BOOK_SERIALNUM_404;Gayatri Sadhana and Yagya Process
BOOK_SERIALNUM_405;Achievements of Gayatri Sadhana
BOOK_SERIALNUM_406;Achievements of Gayatri Sadhana
BOOK_SERIALNUM_407;All accessible method of Gayatri Sadhana
BOOK_SERIALNUM_408;Miracles of Gayatri Sadhana
BOOK_SERIALNUM_409;Miracles of Gayatri Sadhana
BOOK_SERIALNUM_410;Two Levels of Gayatri Sadhana
BOOK_SERIALNUM_411;Why and how to do Gayatri Sadhana?
BOOK_SERIALNUM_412;Kundalini awakening through Gayatri Sadhana
BOOK_SERIALNUM_413;Kundalini awakening through Gayatri Sadhana
BOOK_SERIALNUM_414;Intelligence development from Gayatri
BOOK_SERIALNUM_415;Intelligence development from Gayatri
BOOK_SERIALNUM_416;Brahma Interview with Gayatri
BOOK_SERIALNUM_417;Relation of Yagya with Gayatri
BOOK_SERIALNUM_418;Relation of Yagya with Gayatri
BOOK_SERIALNUM_419;Yoga practice with Gayatri
BOOK_SERIALNUM_420;Yoga practice with Gayatri
BOOK_SERIALNUM_421;Gayatri cures diseases
BOOK_SERIALNUM_422;Distress relief from Gayatri
BOOK_SERIALNUM_423;Distress relief from Gayatri
BOOK_SERIALNUM_424;Gayatri Havan method
BOOK_SERIALNUM_425;Gayatri is Kamdhenu
BOOK_SERIALNUM_426;Gayatri is Kamdhenu
BOOK_SERIALNUM_427;Gayatri - the goal of the family
BOOK_SERIALNUM_428;Gayatri Purashcharan
BOOK_SERIALNUM_429;Village: Sarvasukhprada
BOOK_SERIALNUM_430;Geet Mala Part 10
BOOK_SERIALNUM_431;Geet Mala Part 11
BOOK_SERIALNUM_432;Geet Mala Part 12
BOOK_SERIALNUM_433;Geet Mala Part 13
BOOK_SERIALNUM_434;Geet Mala Part 14
BOOK_SERIALNUM_435;Geet Mala Part 15
BOOK_SERIALNUM_436;Geet Mala Part 16
BOOK_SERIALNUM_437;Geet Mala Part 17
BOOK_SERIALNUM_438;Geet Mala Part 3
BOOK_SERIALNUM_439;Geet Mala Part 4
BOOK_SERIALNUM_440;Geet Mala Part 5
BOOK_SERIALNUM_441;Geet Mala Part 6
BOOK_SERIALNUM_442;Geet Mala Part 7
BOOK_SERIALNUM_443;Geet Mala Part 8
BOOK_SERIALNUM_444;Geet Mala Part 9
BOOK_SERIALNUM_445;Geet Mala Part-2
BOOK_SERIALNUM_446;Geet Sanjeevani- 3
BOOK_SERIALNUM_447;Geet Sanjeevani-1
BOOK_SERIALNUM_448;Geet Sanjeevani-10
BOOK_SERIALNUM_449;Geet Sanjeevani-11
BOOK_SERIALNUM_450;Geet Sanjeevani-12
BOOK_SERIALNUM_451;Geet Sanjeevani-13
BOOK_SERIALNUM_452;Geet Sanjeevani-14
BOOK_SERIALNUM_453;Geet Sanjeevani-2
BOOK_SERIALNUM_454;Geet Sanjeevani-4
BOOK_SERIALNUM_455;Geet Sanjeevani-5
BOOK_SERIALNUM_456;Geet Sanjeevani-6
BOOK_SERIALNUM_457;Geet Sanjeevani-7
BOOK_SERIALNUM_458;Geet Sanjeevani-8
BOOK_SERIALNUM_459;Geet Sanjeevani-9
BOOK_SERIALNUM_460;Gita Jayanti and Basant Panchami Festival Legislation
BOOK_SERIALNUM_461;Refinement of qualities is true devotion
BOOK_SERIALNUM_462;Refinement of qualities is true devotion
BOOK_SERIALNUM_463;Guru Gobind Singh
BOOK_SERIALNUM_464;Pay Guru Dakshina - Donate Time
BOOK_SERIALNUM_465;Guru Nanak Dev
BOOK_SERIALNUM_466;Guru Nanak Dev
BOOK_SERIALNUM_467;Guru Geeta
BOOK_SERIALNUM_468;Guru Geeta
BOOK_SERIALNUM_469;guru geeta text method
BOOK_SERIALNUM_470;guru geeta text method
BOOK_SERIALNUM_471;guruvar's heritage
BOOK_SERIALNUM_472;Guruvar's Heritage Part II
BOOK_SERIALNUM_473;Guruvar's Heritage Part-1
BOOK_SERIALNUM_474;Guruvar's Heritage Part-2
BOOK_SERIALNUM_475;Guruvar's Heritage Part-3
BOOK_SERIALNUM_476;Guruvar's Heritage Part-4
BOOK_SERIALNUM_477;Grihalakshmi's reputation
BOOK_SERIALNUM_478;Grihalakshmi's reputation
BOOK_SERIALNUM_479;the householder is a tapovan
BOOK_SERIALNUM_480;householder a yoga practice
BOOK_SERIALNUM_481;householder a yoga practice
BOOK_SERIALNUM_482;household life a tapovan
BOOK_SERIALNUM_483;Understand the responsibility of the householder before entering
BOOK_SERIALNUM_484;Understand the responsibility of the householder before entering
BOOK_SERIALNUM_485;Grihastha Yoga is a Siddha Yoga
BOOK_SERIALNUM_486;Secret Gayatri Tantra
BOOK_SERIALNUM_487;Cow protection and promotion a national duty
BOOK_SERIALNUM_488;The descent of heaven into the home environment
BOOK_SERIALNUM_489;home family is also a body
BOOK_SERIALNUM_490;home medicine
BOOK_SERIALNUM_491;Mobile Library - Gyanmedh
BOOK_SERIALNUM_492;Chandrayaan Kalp Sadhana
BOOK_SERIALNUM_493;raise the character
BOOK_SERIALNUM_494;raise the character
BOOK_SERIALNUM_495;way out of worry
BOOK_SERIALNUM_496;stop worrying - be happy
BOOK_SERIALNUM_497;way out of worries
BOOK_SERIALNUM_498;revelation of the eternal
BOOK_SERIALNUM_499;revelation of eternal youth
BOOK_SERIALNUM_500;revelation of eternal youth
BOOK_SERIALNUM_501;conscious mind and its organization
BOOK_SERIALNUM_502;innate nature of consciousness affection cooperation
BOOK_SERIALNUM_503;The tremendous potential of consciousness - a philosophy
BOOK_SERIALNUM_504;The tremendous potential of consciousness - a philosophy
BOOK_SERIALNUM_505;Summit Tour of Consciousness-1
BOOK_SERIALNUM_506;Summit Tour of Consciousness-2
BOOK_SERIALNUM_507;Summit Tour of Consciousness-3
BOOK_SERIALNUM_508;consciousness instinctive nature affection-cooperation
BOOK_SERIALNUM_509;create students teachers
BOOK_SERIALNUM_510;create students teachers
BOOK_SERIALNUM_511;Jagadguru Shankaracharya
BOOK_SERIALNUM_512;Jagadguru Shankaracharya
BOOK_SERIALNUM_513;rational consciousness within matter
BOOK_SERIALNUM_514;rational consciousness within matter
BOOK_SERIALNUM_515;herbal medicine
BOOK_SERIALNUM_516;Yug Manishi, the pioneer of public awareness
BOOK_SERIALNUM_517;Population explosion - a challenge
BOOK_SERIALNUM_518;birthday message
BOOK_SERIALNUM_519;knowledge and science of chanting
BOOK_SERIALNUM_520;don't rush to die early
BOOK_SERIALNUM_521;witchcraft
BOOK_SERIALNUM_522;Janaki Maiya
BOOK_SERIALNUM_523;These unusual talents rich in life
BOOK_SERIALNUM_524;How to live life
BOOK_SERIALNUM_525;How to live life?
BOOK_SERIALNUM_526;art of living life
BOOK_SERIALNUM_527;animals speak as well as listen
BOOK_SERIALNUM_528;animals speak and think
BOOK_SERIALNUM_529;Heartfelt expectations from living personalities
BOOK_SERIALNUM_530;Heartfelt expectations from living personalities
BOOK_SERIALNUM_531;Mighty personality rich in spirit and determination
BOOK_SERIALNUM_532;life and death
BOOK_SERIALNUM_533;life and death
BOOK_SERIALNUM_534;spend the latter part of life in public service
BOOK_SERIALNUM_535;the goal of life should not be forgotten
BOOK_SERIALNUM_536;Direction of life and its meaningful planning
BOOK_SERIALNUM_537;Self-knowledge is the paramount need of life
BOOK_SERIALNUM_538;Greatest opportunity to make life blessed
BOOK_SERIALNUM_539;The right opportunity to make life meaningful
BOOK_SERIALNUM_540;make life worthwhile
BOOK_SERIALNUM_541;life song
BOOK_SERIALNUM_542;The Art of Living Life - 1
BOOK_SERIALNUM_543;The Art of Living Life - 2
BOOK_SERIALNUM_544;The Art of Living Life - 3
BOOK_SERIALNUM_545;Compulsory meditation of life god
BOOK_SERIALNUM_546;worship of god of life
BOOK_SERIALNUM_547;worship of god of life
BOOK_SERIALNUM_548;life path
BOOK_SERIALNUM_549;Life goal and its achievement
BOOK_SERIALNUM_550;Life goal and its achievement
BOOK_SERIALNUM_551;live life become god
BOOK_SERIALNUM_552;live life become god
BOOK_SERIALNUM_553;devotion is the heart of life
BOOK_SERIALNUM_554;14 golden formulas of life practice
BOOK_SERIALNUM_555;golden formula of life practice
BOOK_SERIALNUM_556;golden formula of life practice
BOOK_SERIALNUM_557;Life Sadhana Experiments and Achievements-
BOOK_SERIALNUM_558;cultivation of life vs cultivation of divinity
BOOK_SERIALNUM_559;Life-Spiritual Experiments and Achievements
BOOK_SERIALNUM_560;initiation of knowledge and resolution
BOOK_SERIALNUM_561;Gyan Khand Part-1
BOOK_SERIALNUM_562;Gyan Khand Part-2
BOOK_SERIALNUM_563;Gyan Khand Part-3
BOOK_SERIALNUM_564;Gyan Khand Part-4
BOOK_SERIALNUM_565;Significance and plans of Gyanayagya
BOOK_SERIALNUM_566;What should the Gyan Yagya do? how to do
BOOK_SERIALNUM_567;Gyan Yoga, Karma Yoga, Bhakti Yoga
BOOK_SERIALNUM_568;meditation of knowledge
BOOK_SERIALNUM_569;astronomical observatory
BOOK_SERIALNUM_570;Health Protection by Herbs
BOOK_SERIALNUM_571;Dr Rajendra Prasad
BOOK_SERIALNUM_572;metaphysical liberation
BOOK_SERIALNUM_573;metaphysical liberation
BOOK_SERIALNUM_574;body foreign mind indian
BOOK_SERIALNUM_575;The poignant side of austerity and yoga
BOOK_SERIALNUM_576;The poignant side of austerity and yoga
BOOK_SERIALNUM_577;Achievements come from penance
BOOK_SERIALNUM_578;A world full of enchantments and its unknown secrets!
BOOK_SERIALNUM_579;three powers-three achievements
BOOK_SERIALNUM_580;Pilgrimage should be done like this
BOOK_SERIALNUM_581;you are great
BOOK_SERIALNUM_582;miraculous properties of tulsi
BOOK_SERIALNUM_583;miraculous properties of tulsi
BOOK_SERIALNUM_584;bright and lovely offspring
BOOK_SERIALNUM_585;Culture of Sacrifice - Devculture
BOOK_SERIALNUM_586;festivals and fasts
BOOK_SERIALNUM_587;Do visit but like this
BOOK_SERIALNUM_588;visit but like this
BOOK_SERIALNUM_589;The demon of dowry must end now
BOOK_SERIALNUM_590;Social battle should be fought with dowry demon
BOOK_SERIALNUM_591;dowry—a custom
BOOK_SERIALNUM_592;married life paradise
BOOK_SERIALNUM_593;Failure of married life - causes and remedies
BOOK_SERIALNUM_594;Origin of divine powers from life force
BOOK_SERIALNUM_595;Origin of divine powers from life force
BOOK_SERIALNUM_596;Diksha and its form
BOOK_SERIALNUM_597;Dixit - Naishthik
BOOK_SERIALNUM_598;Deep Malaika of Deep Yagyas
BOOK_SERIALNUM_599;Deep Malaika of Deep Yagyas
BOOK_SERIALNUM_600;secrets of long life
BOOK_SERIALNUM_601;The world will not be destroyed, it will become better
BOOK_SERIALNUM_602;We ourselves are the cause of misery and prosperity
BOOK_SERIALNUM_603;We ourselves are the cause of misery and prosperity
BOOK_SERIALNUM_604;Don't see the faults of others
BOOK_SERIALNUM_605;invisible puzzles of the visible world
BOOK_SERIALNUM_606;invisible puzzles of the visible world
BOOK_SERIALNUM_607;invisible operating laws of the visible world
BOOK_SERIALNUM_608;invisible operating laws of the visible world
BOOK_SERIALNUM_609;heaven and hell live in attitude
BOOK_SERIALNUM_610;Seemingly small wounds become serious part-1
BOOK_SERIALNUM_611;Seemingly small wounds become serious part-2
BOOK_SERIALNUM_612;Seemingly small wounds become serious part-2
BOOK_SERIALNUM_613;Seemingly small wounds become serious part-3
BOOK_SERIALNUM_614;Seemingly Small Wounds Are Serious Part 4
BOOK_SERIALNUM_615;Visually Small Wounds Make Serious Quadrants
BOOK_SERIALNUM_616;how to worship god powers
BOOK_SERIALNUM_617;Gayatri Mahamantra seed mantra of Dev culture
BOOK_SERIALNUM_618;backbone of god culture
BOOK_SERIALNUM_619;May the glory and dignity of the Dev culture remain intact
BOOK_SERIALNUM_620;Dev Culture Culture of Sacrifice and Sacrifice
BOOK_SERIALNUM_621;what can the gods give us
BOOK_SERIALNUM_622;what can the gods give us
BOOK_SERIALNUM_623;God's boon - good nature
BOOK_SERIALNUM_624;boon of the gods
BOOK_SERIALNUM_625;Gayatri worshiped by incarnations of gods and sages
BOOK_SERIALNUM_626;Gayatri worshiped by incarnations of gods and sages
BOOK_SERIALNUM_627;understand the meaning of worship
BOOK_SERIALNUM_628;understand the meaning of worship
BOOK_SERIALNUM_629;understand the meaning of worship
BOOK_SERIALNUM_630;Devatma Himalaya and Rishi tradition
BOOK_SERIALNUM_631;Devatma Himalaya and Rishi tradition
BOOK_SERIALNUM_632;Deshbandhu Chittaranjan Das
BOOK_SERIALNUM_633;Deshbandhu Chittaranjan Das
BOOK_SERIALNUM_634;Daily Gayatri Upasana
BOOK_SERIALNUM_635;Grants and boons of divine power
BOOK_SERIALNUM_636;Grants and boons of divine power
BOOK_SERIALNUM_637;divine wealth
BOOK_SERIALNUM_638;two disgusting freeloaders
BOOK_SERIALNUM_639;two great dependencies
BOOK_SERIALNUM_640;Two great reliance- self-confidence and God-faith
BOOK_SERIALNUM_641;earning and use of money
BOOK_SERIALNUM_642;good use of money
BOOK_SERIALNUM_643;good use of money
BOOK_SERIALNUM_644;secret secrets of becoming rich
BOOK_SERIALNUM_645;Religion and science are complementary, not antagonistic
BOOK_SERIALNUM_646;strong sense of religion
BOOK_SERIALNUM_647;strong sense of religion
BOOK_SERIALNUM_648;Ten Signs of Dharma and Panchsheel
BOOK_SERIALNUM_649;Awakening and calling of religious consciousness
BOOK_SERIALNUM_650;The Philosophy and Meaning of Dharma Tattva Part 1
BOOK_SERIALNUM_651;The Philosophy and Meaning of Dharma Tattva Part 2
BOOK_SERIALNUM_652;The Philosophy and Meaning of Dharma Tattva Part 3
BOOK_SERIALNUM_653;The philosophy and meaning of Dharma Tattva Part 4
BOOK_SERIALNUM_654;The philosophy and meaning of Dharma Tattva Part 5
BOOK_SERIALNUM_655;The philosophy and meaning of Dharma Tattva Part 6
BOOK_SERIALNUM_656;religious path
BOOK_SERIALNUM_657;Public education from Dharma Manch
BOOK_SERIALNUM_658;Public education from Dharma Manch
BOOK_SERIALNUM_659;Self-defense will be done only by protecting religion
BOOK_SERIALNUM_660;Self-defense will be done only by protecting religion
BOOK_SERIALNUM_661;The Teachings and Inspiration of the Scriptures
BOOK_SERIALNUM_662;pioneer of religion
BOOK_SERIALNUM_663;pioneer of religion
BOOK_SERIALNUM_664;Learn What the Scriptures Teach Us
BOOK_SERIALNUM_665;stop the abuse of the theocracy
BOOK_SERIALNUM_666;stop the misuse of the theocracy
BOOK_SERIALNUM_667;Sophistication of theocracy is essential
BOOK_SERIALNUM_668;Sophistication of theocracy is essential
BOOK_SERIALNUM_669;Dignity and importance of theocracy
BOOK_SERIALNUM_670;public education through theocracy
BOOK_SERIALNUM_671;public education through theocracy
BOOK_SERIALNUM_672;Public education experiments and achievements from Dharmatantra
BOOK_SERIALNUM_673;save the theocracy from distortions
BOOK_SERIALNUM_674;philosophical aspect of meditation
BOOK_SERIALNUM_675;philosophical aspect of meditation
BOOK_SERIALNUM_676;clear possibility of destruction and creation
BOOK_SERIALNUM_677;clear possibility of destruction and creation
BOOK_SERIALNUM_678;don't be afraid don't be upset
BOOK_SERIALNUM_679;don't be afraid don't be upset
BOOK_SERIALNUM_680;nor knowledge like holy
BOOK_SERIALNUM_681;A new person will be born, a new era will come
BOOK_SERIALNUM_682;Will settle a new world, will make a new human being
BOOK_SERIALNUM_683;new time new job and new responsibilities
BOOK_SERIALNUM_684;new era innovation
BOOK_SERIALNUM_685;New Age Mantra – Gayatri Mahamantra
BOOK_SERIALNUM_686;new construction background
BOOK_SERIALNUM_687;Preparation of Mahakal for new creation
BOOK_SERIALNUM_688;new age mermaid
BOOK_SERIALNUM_689;Responsibilities and life practices of the new era
BOOK_SERIALNUM_690;Navratri festival and special penance of Gayatri
BOOK_SERIALNUM_691;Preparation of Mahakal for new creation
BOOK_SERIALNUM_692;Nahi Gyanen Sadrit Pavitra Mih Vidyate
BOOK_SERIALNUM_693;Sadhna of Naad Brahma – Nadayog
BOOK_SERIALNUM_694;Gayatri worship of women
BOOK_SERIALNUM_695;new era of women empowerment
BOOK_SERIALNUM_696;new era of women empowerment
BOOK_SERIALNUM_697;Problem and solution of women's upliftment
BOOK_SERIALNUM_698;Women's upliftment is the biggest need
BOOK_SERIALNUM_699;Women's upliftment - the biggest need of the hour
BOOK_SERIALNUM_700;women's potential should be put to good use
BOOK_SERIALNUM_701;Loss is the only loss in lowering the dignity of women.
BOOK_SERIALNUM_702;greatness of woman
BOOK_SERIALNUM_703;greatness of woman
BOOK_SERIALNUM_704;eternal dignity of woman
BOOK_SERIALNUM_705;women must be given their due place
BOOK_SERIALNUM_706;women should be treated as humans
BOOK_SERIALNUM_707;Don't consider women as beautiful, give respect to the mother.
BOOK_SERIALNUM_708;women awareness campaign
BOOK_SERIALNUM_709;Female beauty is not purity
BOOK_SERIALNUM_710;diagnostic therapy
BOOK_SERIALNUM_711;regulatory authority and its legal system
BOOK_SERIALNUM_712;Do not break the control of regulatory authority
BOOK_SERIALNUM_713;remove the stigma of illiteracy
BOOK_SERIALNUM_714;don't let disappointment get you close
BOOK_SERIALNUM_715;healthy life highway
BOOK_SERIALNUM_716;healthy life highway
BOOK_SERIALNUM_717;be fearless keep calm
BOOK_SERIALNUM_718;treatment of eye diseases
BOOK_SERIALNUM_719;Moral Education Part-1
BOOK_SERIALNUM_720;Moral Education Part-2
BOOK_SERIALNUM_721;women should also get justice
BOOK_SERIALNUM_722;Five elements - prevention of all diseases
BOOK_SERIALNUM_723;Prevention of all diseases through five elements
BOOK_SERIALNUM_724;Panchang Ganitam
BOOK_SERIALNUM_725;Pandit Shriram Sharma philosophy and vision
BOOK_SERIALNUM_726;The glory of the husband, the dignity of the wife
BOOK_SERIALNUM_727;respect of wife upliftment of householder
BOOK_SERIALNUM_728;respect of wife upliftment of householder
BOOK_SERIALNUM_729;letter pathey
BOOK_SERIALNUM_730;alien entry
BOOK_SERIALNUM_731;alien entry
BOOK_SERIALNUM_732;Woman is the best creation of God
BOOK_SERIALNUM_733;coordination of altruism and selfishness
BOOK_SERIALNUM_734;coordination of altruism and selfishness
BOOK_SERIALNUM_735;This human power overflowing with valor and effort
BOOK_SERIALNUM_736;nursing and its fundamentals
BOOK_SERIALNUM_737;Became a messenger of Yog Rishi in the time of change
BOOK_SERIALNUM_738;great moments of change
BOOK_SERIALNUM_739;great moments of change
BOOK_SERIALNUM_740;family and its creation
BOOK_SERIALNUM_741;Not only rearing the family but also building
BOOK_SERIALNUM_742;how to organize a family
BOOK_SERIALNUM_743;How to make the family well organized?
BOOK_SERIALNUM_744;how to make family cultured
BOOK_SERIALNUM_745;make the family cultured
BOOK_SERIALNUM_746;family building
BOOK_SERIALNUM_747;Family Building Matri Satta Tribute Book Series-84
BOOK_SERIALNUM_748;Understand the utility of family building
BOOK_SERIALNUM_749;family law
BOOK_SERIALNUM_750;How to create a heavenly atmosphere in the family?
BOOK_SERIALNUM_751;cultured atmosphere in families
BOOK_SERIALNUM_752;Sophisticated spirituality descends into our lives
BOOK_SERIALNUM_753;Refined state of mind is heaven
BOOK_SERIALNUM_754;pure state of mind is heaven
BOOK_SERIALNUM_755;Sophisticated personality - an accomplishment an achievement
BOOK_SERIALNUM_756;Sophisticated personality - an accomplishment an achievement
BOOK_SERIALNUM_757;indirect power and its legal system
BOOK_SERIALNUM_758;be charitable and charitable
BOOK_SERIALNUM_759;Environmental imbalance - who is responsible
BOOK_SERIALNUM_760;festival festival
BOOK_SERIALNUM_761;Holy life
BOOK_SERIALNUM_762;Holy life
BOOK_SERIALNUM_763;Animal Sacrifice - A Stigma on Hinduism and World Humanity
BOOK_SERIALNUM_764;fix yourself first
BOOK_SERIALNUM_765;five pranas-five koshas-five deities
BOOK_SERIALNUM_766;five souls - five gods
BOOK_SERIALNUM_767;five souls - five gods
BOOK_SERIALNUM_768;Understand the philosophy of text-worship
BOOK_SERIALNUM_769;Philosophy of Patanjali Yoga
BOOK_SERIALNUM_770;Philosophy of Patanjali Yoga
BOOK_SERIALNUM_771;Develop Eligibility Receive God
BOOK_SERIALNUM_772;learn to give if you want to get
BOOK_SERIALNUM_773;Papanashini Gayatri
BOOK_SERIALNUM_774;family life problems
BOOK_SERIALNUM_775;family life problems
BOOK_SERIALNUM_776;ancestors our invisible helpers
BOOK_SERIALNUM_777;Give reverence to ancestors, they will give you strength
BOOK_SERIALNUM_778;Give reverence to ancestors, they will give you strength
BOOK_SERIALNUM_779;Punsavan and naming ceremony
BOOK_SERIALNUM_780;Reincarnation: One Pole Truth
BOOK_SERIALNUM_781;Reincarnation: One Pole Truth
BOOK_SERIALNUM_782;Purusharth—the supreme potential of man
BOOK_SERIALNUM_783;Family buses full of love and cooperation
BOOK_SERIALNUM_784;follow nature
BOOK_SERIALNUM_785;follow nature
BOOK_SERIALNUM_786;will power the mother of brilliant talent
BOOK_SERIALNUM_787;will power the mother of brilliant talent
BOOK_SERIALNUM_788;The happiness of progress has its roots within itself.
BOOK_SERIALNUM_789;Philosophy and Program of Pragya Abhiyan
BOOK_SERIALNUM_790;Pragya Abhiyan's Yoga Exercise
BOOK_SERIALNUM_791;New life communication in Pragya family
BOOK_SERIALNUM_792;Pragya's sons have to do only this much
BOOK_SERIALNUM_793;Pragya Purana Part-1
BOOK_SERIALNUM_794;Pragya Purana Part-2
BOOK_SERIALNUM_795;Pragya Purana Part 3
BOOK_SERIALNUM_796;Pragya Purana Part-1
BOOK_SERIALNUM_797;Pragya Purana Part-2
BOOK_SERIALNUM_798;Pragya Purana Part-3
BOOK_SERIALNUM_799;Pragya Purana Part-4
BOOK_SERIALNUM_800;Pragya Purana Part-4
BOOK_SERIALNUM_801;easy practice of wisdom
BOOK_SERIALNUM_802;easy practice of wisdom
BOOK_SERIALNUM_803;Story of Prajnavatar
BOOK_SERIALNUM_804;Nature and Activities of Prajnavatar
BOOK_SERIALNUM_805;Nature and Activities of Prajnavatar
BOOK_SERIALNUM_806;expansion process of prajnavatar
BOOK_SERIALNUM_807;expansion process of prajnavatar
BOOK_SERIALNUM_808;expansion process of prajnavatar
BOOK_SERIALNUM_809;assurance of power of Prajnavatar
BOOK_SERIALNUM_810;Pragnyavatar our Gurudev
BOOK_SERIALNUM_811;Prajnopanishad Volume-1
BOOK_SERIALNUM_812;Prajnopanishad Volume-2
BOOK_SERIALNUM_813;Prajnopanishad Volume-3
BOOK_SERIALNUM_814;Prajnopanishad Volume-4
BOOK_SERIALNUM_815;Prajnopanishad Volume-5
BOOK_SERIALNUM_816;Prajnopanishad Volume-6
BOOK_SERIALNUM_817;Pragyopanishad-1
BOOK_SERIALNUM_818;Pragyopanishad-2
BOOK_SERIALNUM_819;Pragyopanishad-3
BOOK_SERIALNUM_820;Pragyopanishad-4
BOOK_SERIALNUM_821;Cherry of talent effort
BOOK_SERIALNUM_822;Cherry of talent effort
BOOK_SERIALNUM_823;high level of prestige
BOOK_SERIALNUM_824;high status
BOOK_SERIALNUM_825;Scientific Basis of Symbol Worship
BOOK_SERIALNUM_826;Scientific Basis of Symbol Worship
BOOK_SERIALNUM_827;Signs and teachings hidden behind icon worship
BOOK_SERIALNUM_828;direct fruitful practices
BOOK_SERIALNUM_829;direct fruitful practices
BOOK_SERIALNUM_830;more powerful than direct
BOOK_SERIALNUM_831;Pratyahara Dharana Meditation and Samadhi
BOOK_SERIALNUM_832;enlightened women came forward
BOOK_SERIALNUM_833;enlightened class take over theocracy
BOOK_SERIALNUM_834;vital science
BOOK_SERIALNUM_835;Descent of the great soul into the vital consciousness
BOOK_SERIALNUM_836;fatal addiction
BOOK_SERIALNUM_837;fatal addiction
BOOK_SERIALNUM_838;Mahakal's call to the living talents and awakened souls
BOOK_SERIALNUM_839;Prevention of half-disease with Pranayama
BOOK_SERIALNUM_840;applied herbal science
BOOK_SERIALNUM_841;love is god
BOOK_SERIALNUM_842;love is god
BOOK_SERIALNUM_843;love is god
BOOK_SERIALNUM_844;love yoga
BOOK_SERIALNUM_845;love affair
BOOK_SERIALNUM_846;Inspirational stories
BOOK_SERIALNUM_847;inspirational quotes
BOOK_SERIALNUM_848;Fizz changes - Avatar's storm
BOOK_SERIALNUM_849;savings is your real income
BOOK_SERIALNUM_850;children and their psychology
BOOK_SERIALNUM_851;don't ax your feet by raising children
BOOK_SERIALNUM_852;don't ax your feet by raising children
BOOK_SERIALNUM_853;Creating children in the family laboratory
BOOK_SERIALNUM_854;Building Children—Homeschooling
BOOK_SERIALNUM_855;homeschooling of children
BOOK_SERIALNUM_856;emotional development of children
BOOK_SERIALNUM_857;Not only education of children, initiation is also necessary
BOOK_SERIALNUM_858;Not only education of children, initiation is also necessary
BOOK_SERIALNUM_859;personality development of children
BOOK_SERIALNUM_860;how to develop children's personality
BOOK_SERIALNUM_861;how to develop children's personality
BOOK_SERIALNUM_862;Don't be the ruler of the children, be an ally
BOOK_SERIALNUM_863;Don't give wealth to children in inheritance
BOOK_SERIALNUM_864;Don't give wealth to children in inheritance
BOOK_SERIALNUM_865;don't spoil the kids
BOOK_SERIALNUM_866;personality development of children
BOOK_SERIALNUM_867;don't be a big man, be a great man
BOOK_SERIALNUM_868;don't be a big man be a great man
BOOK_SERIALNUM_869;Bali Vishwa
BOOK_SERIALNUM_870;sister nivedita
BOOK_SERIALNUM_871;sister nivedita
BOOK_SERIALNUM_872;Stories of Child Creation Part-1
BOOK_SERIALNUM_873;Stories of Child Creation Part-11
BOOK_SERIALNUM_874;Stories of Child Creation Part-12
BOOK_SERIALNUM_875;Stories of Child Creation Part-13
BOOK_SERIALNUM_876;Stories of Child Creation Part-14
BOOK_SERIALNUM_877;Stories of Child Creation Part-15
BOOK_SERIALNUM_878;Stories of Child Creation Part-16
BOOK_SERIALNUM_879;Child making stories part-2
BOOK_SERIALNUM_880;Child making stories part-2
BOOK_SERIALNUM_881;Child making stories part-3
BOOK_SERIALNUM_882;Child making stories part-4
BOOK_SERIALNUM_883;Child making stories part-5
BOOK_SERIALNUM_884;Child making stories part-6
BOOK_SERIALNUM_885;Child making stories part-7
BOOK_SERIALNUM_886;Stories of Child Creation Part-8
BOOK_SERIALNUM_887;Stories of Child Creation Part-9
BOOK_SERIALNUM_888;Society should be saved from the menace of child marriage
BOOK_SERIALNUM_889;Kindergarten
BOOK_SERIALNUM_890;Kindergarten Guide
BOOK_SERIALNUM_891;emotional development of children
BOOK_SERIALNUM_892;emotional development of children
BOOK_SERIALNUM_893;Contribution of parents in the development of children
BOOK_SERIALNUM_894;rejuvenation without drugs
BOOK_SERIALNUM_895;no unconditional grant
BOOK_SERIALNUM_896;no unconditional grant
BOOK_SERIALNUM_897;fight old age
BOOK_SERIALNUM_898;scientific method to increase intelligence
BOOK_SERIALNUM_899;Rich talents of intellect, action and courage
BOOK_SERIALNUM_900;rays of goodness in the darkness of evil
BOOK_SERIALNUM_901;irrefutable principle of sowing and reaping
BOOK_SERIALNUM_902;irrefutable principle of buoy-cut
BOOK_SERIALNUM_903;say it like this
BOOK_SERIALNUM_904;essential requirement of brahmacharya life
BOOK_SERIALNUM_905;the light of the divine
BOOK_SERIALNUM_906;the light of the divine
BOOK_SERIALNUM_907;Panchagni Vidya of Brahmavarchas
BOOK_SERIALNUM_908;Brahmavarchas Research Institute-Purpose and Efforts
BOOK_SERIALNUM_909;Meditation of Brahmavarchas Sadhana
BOOK_SERIALNUM_910;Brahmavarchas - A Brief Introduction
BOOK_SERIALNUM_911;The practice of earning Brahmavarchas and its meaning
BOOK_SERIALNUM_912;Meditation on Brahmavarchas
BOOK_SERIALNUM_913;Meditation of Brahmavarchas Sadhana
BOOK_SERIALNUM_914;Brahmavarchas - A Brief Introduction
BOOK_SERIALNUM_915;revelation of theology
BOOK_SERIALNUM_916;Brahmavidya-Volume-1
BOOK_SERIALNUM_917;Brahmavidya-Volume-2
BOOK_SERIALNUM_918;Brahmavidya-Volume-3
BOOK_SERIALNUM_919;Brahmins wake up - saints wake up
BOOK_SERIALNUM_920;understand the real meaning of bhakti
BOOK_SERIALNUM_921;The life light of the path of devotion
BOOK_SERIALNUM_922;Bhakti - a philosophy a science
BOOK_SERIALNUM_923;Bhakti-a philosophy a science
BOOK_SERIALNUM_924;this is the time to do god's work
BOOK_SERIALNUM_925;this is the time to do god's work
BOOK_SERIALNUM_926;God's work is not a loss deal
BOOK_SERIALNUM_927;God's work is not a loss deal
BOOK_SERIALNUM_928;share in the wealth of God
BOOK_SERIALNUM_929;share in the wealth of God
BOOK_SERIALNUM_930;God's grant on what conditions
BOOK_SERIALNUM_931;God's grant on what conditions
BOOK_SERIALNUM_932;don't mislead god
BOOK_SERIALNUM_933;don't mislead god
BOOK_SERIALNUM_934;what is lord shankar
BOOK_SERIALNUM_935;What is Lord Shankar?
BOOK_SERIALNUM_936;Bhaj Sevayam is devotion
BOOK_SERIALNUM_937;Bhaj Sevayam is devotion
BOOK_SERIALNUM_938;be free from material bondage
BOOK_SERIALNUM_939;great heroines of india
BOOK_SERIALNUM_940;Kirti Stambh Part II of Indian History
BOOK_SERIALNUM_941;Kirti Stambh of Indian History Part 1
BOOK_SERIALNUM_942;Kirti Stambh of Indian History Part 2
BOOK_SERIALNUM_943;Kirti Stambh of Indian History- 1
BOOK_SERIALNUM_944;Indian culture a philosophy of life
BOOK_SERIALNUM_945;Gayatri Mahamantra, the core of Indian culture
BOOK_SERIALNUM_946;Origin of Indian Culture - Gayatri Mahamantra
BOOK_SERIALNUM_947;form of Indian culture
BOOK_SERIALNUM_948;Unique gift of Indian culture - marriage rituals
BOOK_SERIALNUM_949;protect indian culture
BOOK_SERIALNUM_950;Basic Elements of Indian Culture
BOOK_SERIALNUM_951;Gangotri of feelings and emotions
BOOK_SERIALNUM_952;Gangotri of emotions
BOOK_SERIALNUM_953;Developing empathy is the only virtue
BOOK_SERIALNUM_954;strength of spirit
BOOK_SERIALNUM_955;innovation of future generations
BOOK_SERIALNUM_956;Future Mahabharata
BOOK_SERIALNUM_957;future mahabharat will be fought like this
BOOK_SERIALNUM_958;speech and eloquence
BOOK_SERIALNUM_959;speech and eloquence
BOOK_SERIALNUM_960;begging business stigma on country and society
BOOK_SERIALNUM_961;how are ghosts what do they do
BOOK_SERIALNUM_962;How are ghosts – what do they do?
BOOK_SERIALNUM_963;How are ghosts – what do they do?
BOOK_SERIALNUM_964;mantra vs pronunciation
BOOK_SERIALNUM_965;mantra vs pronunciation
BOOK_SERIALNUM_966;curse of alcoholism
BOOK_SERIALNUM_967;satisfaction of mind misery of soul
BOOK_SERIALNUM_968;sheer power of mind
BOOK_SERIALNUM_969;tremendous power of mind
BOOK_SERIALNUM_970;The losers of the mind are the losers, the winners of the mind
BOOK_SERIALNUM_971;The losers of the mind are the losers, the winners of the mind
BOOK_SERIALNUM_972;connect mind with god
BOOK_SERIALNUM_973;connect mind with god
BOOK_SERIALNUM_974;If the state of mind changes then the circumstances change.
BOOK_SERIALNUM_975;favorite child
BOOK_SERIALNUM_976;favorite child
BOOK_SERIALNUM_977;Change your mind, change your situation
BOOK_SERIALNUM_978;Manuj became a god
BOOK_SERIALNUM_979;Manuj became a god
BOOK_SERIALNUM_980;Manuj became a deity, this earth became like heaven
BOOK_SERIALNUM_981;man a lost god
BOOK_SERIALNUM_982;man a lost god
BOOK_SERIALNUM_983;Man's Ignorance and Future Destruction
BOOK_SERIALNUM_984;The basis of evaluation of man-spirituality
BOOK_SERIALNUM_985;The basis of evaluation of man-spirituality
BOOK_SERIALNUM_986;Man a fallen god or a raised animal?
BOOK_SERIALNUM_987;Man a fallen god or a raised animal?
BOOK_SERIALNUM_988;man is not a walking tree
BOOK_SERIALNUM_989;man is not a walking tree
BOOK_SERIALNUM_990;Rise of divinity in man and descent of heaven on earth
BOOK_SERIALNUM_991;Personality rich in morale Part-1
BOOK_SERIALNUM_992;Personality rich in morale Part-2
BOOK_SERIALNUM_993;psycho apocalyptic enemy
BOOK_SERIALNUM_994;life after death and its reality
BOOK_SERIALNUM_995;what happens to us after we die
BOOK_SERIALNUM_996;What happens to us after death?
BOOK_SERIALNUM_997;What happens to us after death?
BOOK_SERIALNUM_998;Why to be scared of death ?
BOOK_SERIALNUM_999;life after death and its reality
BOOK_SERIALNUM_1000;die right but with wisdom
BOOK_SERIALNUM_1001;die right but with wisdom
BOOK_SERIALNUM_1002;don't cross the limits
BOOK_SERIALNUM_1003;home remedies from spice garden
BOOK_SERIALNUM_1004;brain direct fantasy
BOOK_SERIALNUM_1005;brain direct fantasy
BOOK_SERIALNUM_1006;Mahayogi Arvind
BOOK_SERIALNUM_1007;Maharishi Karl Marx
BOOK_SERIALNUM_1008;Mahakal and era reversal process
BOOK_SERIALNUM_1009;Mahakal and era reversal process
BOOK_SERIALNUM_1010;Mahakal's invitation to talents
BOOK_SERIALNUM_1011;Mahakal's invitation to talents
BOOK_SERIALNUM_1012;Mahakal's conch has blown, time is about to change
BOOK_SERIALNUM_1013;Do not ignore Mahakal's warning
BOOK_SERIALNUM_1014;be a part of mahakal
BOOK_SERIALNUM_1015;Mahatma Gandhi
BOOK_SERIALNUM_1016;Mahatma Gautam Buddha
BOOK_SERIALNUM_1017;Mahatma Gautam Buddha
BOOK_SERIALNUM_1018;Mahanama Madan Mohan Malaviya
BOOK_SERIALNUM_1019;the great man jesus
BOOK_SERIALNUM_1020;Unforgettable life events of great men-1
BOOK_SERIALNUM_1021;Unforgettable life events of great men-1/2
BOOK_SERIALNUM_1022;Unforgettable life events of great men-1/3
BOOK_SERIALNUM_1023;Unforgettable life events of great men-1/4
BOOK_SERIALNUM_1024;Unforgettable life events of great men-1/5
BOOK_SERIALNUM_1025;Unforgettable life events of great men-2/1
BOOK_SERIALNUM_1026;Unforgettable life events of great men-2/2
BOOK_SERIALNUM_1027;Unforgettable life events of great men-2/3
BOOK_SERIALNUM_1028;Unforgettable life events of great men-2/4
BOOK_SERIALNUM_1029;Unforgettable life events of great men-2/5
BOOK_SERIALNUM_1030;Sadhana of Mahapragya and achievement of Brahmavarchas
BOOK_SERIALNUM_1031;Mahaprabhu Chaitanya
BOOK_SERIALNUM_1032;Mahayogi Arvind
BOOK_SERIALNUM_1033;Maharani Ahilyabai Holkar
BOOK_SERIALNUM_1034;Maharani Ahilyabai Holkar
BOOK_SERIALNUM_1035;Mahavir Swami
BOOK_SERIALNUM_1036;tour of super power
BOOK_SERIALNUM_1037;tour of super power
BOOK_SERIALNUM_1038;direction of women's awakening
BOOK_SERIALNUM_1039;female awakening
BOOK_SERIALNUM_1040;Women's Awareness Campaign
BOOK_SERIALNUM_1041;Women's Awareness Campaign
BOOK_SERIALNUM_1042;Women's Awareness Campaign
BOOK_SERIALNUM_1043;Gayatri Sadhana for women
BOOK_SERIALNUM_1044;Human Life: A Precious Gift
BOOK_SERIALNUM_1045;dignity of human life
BOOK_SERIALNUM_1046;Human Progress and Environment
BOOK_SERIALNUM_1047;Srijan Shilpa who gave the mantra of universal brotherhood to humanity
BOOK_SERIALNUM_1048;human potential limitless unpredictable
BOOK_SERIALNUM_1049;human potential limitless unpredictable
BOOK_SERIALNUM_1050;human brain amazing computer
BOOK_SERIALNUM_1051;human brain amazing computer
BOOK_SERIALNUM_1052;wonders of human electricity
BOOK_SERIALNUM_1053;composure
BOOK_SERIALNUM_1054;composure
BOOK_SERIALNUM_1055;make friends with understanding
BOOK_SERIALNUM_1056;why how and with whom to befriend
BOOK_SERIALNUM_1057;the art of friendship
BOOK_SERIALNUM_1058;the art of friendship
BOOK_SERIALNUM_1059;Exemplary character and thinking of Muslim religious leaders
BOOK_SERIALNUM_1060;Do not get lost in the labyrinths of foolish beliefs
BOOK_SERIALNUM_1061;What is the need of the dead body?
BOOK_SERIALNUM_1062;what am i
BOOK_SERIALNUM_1063;what am i
BOOK_SERIALNUM_1064;Yajurveda Part-2
BOOK_SERIALNUM_1065;Yajurveda Part-3
BOOK_SERIALNUM_1066;Yajurveda Part-4
BOOK_SERIALNUM_1067;Yagya and Indian culture
BOOK_SERIALNUM_1068;Knowledge and Science of Yagya
BOOK_SERIALNUM_1069;Knowledge and Science of Yagya
BOOK_SERIALNUM_1070;science of sacrifice
BOOK_SERIALNUM_1071;yagya father gayatri mother
BOOK_SERIALNUM_1072;Yagya: A Holistic Healing Process
BOOK_SERIALNUM_1073;sacrificial fire our priest
BOOK_SERIALNUM_1074;sacrificial fire our priest
BOOK_SERIALNUM_1075;great utility of sacrificial fire
BOOK_SERIALNUM_1076;Attainment of Dharma, Kama, Moksha through Yagyopaveet
BOOK_SERIALNUM_1077;Attainment of Dharma, Kama, Moksha through Yagyopaveet
BOOK_SERIALNUM_1078;Yatra Naryastu Pujyante Ramante Tatra Devta
BOOK_SERIALNUM_1079;yum rule
BOOK_SERIALNUM_1080;Do not increase this unnecessary load now
BOOK_SERIALNUM_1081;Do not increase this unnecessary load now
BOOK_SERIALNUM_1082;These evils are disappearing and will disappear
BOOK_SERIALNUM_1083;Age demands talent sophistication part-2
BOOK_SERIALNUM_1084;do not ignore the call of the era
BOOK_SERIALNUM_1085;age demands talent sophistication
BOOK_SERIALNUM_1086;Age Demands Talent Sophistication - Part 1
BOOK_SERIALNUM_1087;Age Demands Talent Sophistication-Part 2
BOOK_SERIALNUM_1088;Era's Demand Talent Sophistication Part-1
BOOK_SERIALNUM_1089;Do not ignore the appeal of the god of the era
BOOK_SERIALNUM_1090;Do not ignore the appeal of the god of the era
BOOK_SERIALNUM_1091;era singing method
BOOK_SERIALNUM_1092;Yug Geeta Part-1
BOOK_SERIALNUM_1093;Yug Geeta Part-2
BOOK_SERIALNUM_1094;Yug Geeta Part-3
BOOK_SERIALNUM_1095;Yug Geeta Part-4
BOOK_SERIALNUM_1096;Yug Dharma Environmental Protection
BOOK_SERIALNUM_1097;100 point program for era building
BOOK_SERIALNUM_1098;Is Era Creation Possible?
BOOK_SERIALNUM_1099;Employment of youth power in era building
BOOK_SERIALNUM_1100;Employment of youth power in era building
BOOK_SERIALNUM_1101;Direction of Era Creation
BOOK_SERIALNUM_1102;Step towards era leadership like this
BOOK_SERIALNUM_1103;era change and enlightenment
BOOK_SERIALNUM_1104;When and how will the era change?
BOOK_SERIALNUM_1105;Background and outline of the era change
BOOK_SERIALNUM_1106;Why era change? Why ?
BOOK_SERIALNUM_1107;Role of knowledge yagya in era change
BOOK_SERIALNUM_1108;Role of knowledge yagya in era change
BOOK_SERIALNUM_1109;Deepayagya capable of era change
BOOK_SERIALNUM_1110;era change
BOOK_SERIALNUM_1111;Farewell to Yug Purush
BOOK_SERIALNUM_1112;Fearless thinker who turned the tide
BOOK_SERIALNUM_1113;era sacrifice method
BOOK_SERIALNUM_1114;era sacrifice method
BOOK_SERIALNUM_1115;era sacrifice method
BOOK_SERIALNUM_1116;Yuga Yagya Method - Deep Yagya
BOOK_SERIALNUM_1117;Yug Sandhi Purascharan Purpose and Efforts
BOOK_SERIALNUM_1118;Expansion Process of Yug Sandhi Maha Purascharan
BOOK_SERIALNUM_1119;era ritual
BOOK_SERIALNUM_1120;era ritual
BOOK_SERIALNUM_1121;Era creation begins with family creation
BOOK_SERIALNUM_1122;Yugrishi and his plan
BOOK_SERIALNUM_1123;Yug Rishi's Sublimation Practice
BOOK_SERIALNUM_1124;Know the pain and enthusiasm of Yugrishi and do something accordingly
BOOK_SERIALNUM_1125;Message from the sage
BOOK_SERIALNUM_1126;The formula for paying homage to Yugrishi is
BOOK_SERIALNUM_1127;Yug Geeta Part-3
BOOK_SERIALNUM_1128;Yug Geeta Part-4
BOOK_SERIALNUM_1129;Yug Geeta - Part-2
BOOK_SERIALNUM_1130;Innovative incarnation of Yugshakti Gayatri
BOOK_SERIALNUM_1131;Innovative incarnation of Yugshakti Gayatri
BOOK_SERIALNUM_1132;Yugasandhi Mahapurascharan and crisis prevention
BOOK_SERIALNUM_1133;Yuva Kranti Path
BOOK_SERIALNUM_1134;cheating in the name of yoga
BOOK_SERIALNUM_1135;yoga philosophy
BOOK_SERIALNUM_1136;Background of Yoga Sadhana and Tapascharya
BOOK_SERIALNUM_1137;Background of Yoga Sadhana and Tapascharya
BOOK_SERIALNUM_1138;Rabindra Nath Tagore
BOOK_SERIALNUM_1139;our role in politics
BOOK_SERIALNUM_1140;Raja Ram Mohan Roy
BOOK_SERIALNUM_1141;Raja Ram Mohan Roy
BOOK_SERIALNUM_1142;Rani Durgavati
BOOK_SERIALNUM_1143;Rani Durgavati
BOOK_SERIALNUM_1144;Rani Lakshmi Bai
BOOK_SERIALNUM_1145;Ram's character is our inspiration
BOOK_SERIALNUM_1146;Not only the name of Ram, but also the work
BOOK_SERIALNUM_1147;Not only the name of Ram, but also the work
BOOK_SERIALNUM_1148;Ramakrishna Paramhansa
BOOK_SERIALNUM_1149;Ramakrishna Paramhansa
BOOK_SERIALNUM_1150;Progressive Inspiration of Ramcharit Manas
BOOK_SERIALNUM_1151;family ideal in ramayana
BOOK_SERIALNUM_1152;How to make the nation capable and strong?
BOOK_SERIALNUM_1153;How to make the nation strong and powerful?
BOOK_SERIALNUM_1154;at the feet of the nation's god
BOOK_SERIALNUM_1155;Some essential parameters of national progress
BOOK_SERIALNUM_1156;Lala Lajpat Rai
BOOK_SERIALNUM_1157;leo tolstoy
BOOK_SERIALNUM_1158;sense of direction for public servants
BOOK_SERIALNUM_1159;guidance for civil servants
BOOK_SERIALNUM_1160;Sophisticated guidance of public mind
BOOK_SERIALNUM_1161;Sophisticated guidance of public mind
BOOK_SERIALNUM_1162;Temple should be the center of the trends of public service
BOOK_SERIALNUM_1163;Temple should be the center of the trends of public service
BOOK_SERIALNUM_1164;guidance for civil servants
BOOK_SERIALNUM_1165;Vayam Rashtre Jagriyam Purohita:
BOOK_SERIALNUM_1166;Current Challenges and Youth
BOOK_SERIALNUM_1167;Current Challenges and Youth
BOOK_SERIALNUM_1168;Vermi Composting-Manual
BOOK_SERIALNUM_1169;true accomplishment of vashikaran
BOOK_SERIALNUM_1170;true accomplishment of vashikaran
BOOK_SERIALNUM_1171;what you have to do today
BOOK_SERIALNUM_1172;eloquence and its planning
BOOK_SERIALNUM_1173;spiritual experiment of climate change
BOOK_SERIALNUM_1174;Progressive inspiration from Valmiki Ramayana
BOOK_SERIALNUM_1175;Disordered thinking - the root cause of grief
BOOK_SERIALNUM_1176;disturbed state of mind and hallucinations
BOOK_SERIALNUM_1177;thought revolution
BOOK_SERIALNUM_1178;lamp of thought revolution
BOOK_SERIALNUM_1179;visionary and creator of thought revolution
BOOK_SERIALNUM_1180;thoughts revolution ages ages
BOOK_SERIALNUM_1181;thought-revolution is the only cure
BOOK_SERIALNUM_1182;thought-revolution is the only cure
BOOK_SERIALNUM_1183;Need and nature of thought revolution
BOOK_SERIALNUM_1184;Need and nature of thought revolution
BOOK_SERIALNUM_1185;The immense and amazing power of ideas
BOOK_SERIALNUM_1186;creative power of ideas
BOOK_SERIALNUM_1187;creative power of ideas
BOOK_SERIALNUM_1188;Fragrant flowers of Vigyan Upvan
BOOK_SERIALNUM_1189;Integrated form of science and spirituality
BOOK_SERIALNUM_1190;Integrated form of science and spirituality
BOOK_SERIALNUM_1191;science and spirituality
BOOK_SERIALNUM_1192;science and spirituality complement each other
BOOK_SERIALNUM_1193;stop science from being the devil
BOOK_SERIALNUM_1194;stop science from being the devil
BOOK_SERIALNUM_1195;calamity remover gayatri
BOOK_SERIALNUM_1196;calamities friends of vices
BOOK_SERIALNUM_1197;Peeping through the window of Virat Brahma
BOOK_SERIALNUM_1198;existence of god beyond dispute
BOOK_SERIALNUM_1199;existence of god beyond dispute
BOOK_SERIALNUM_1200;marriage and married life
BOOK_SERIALNUM_1201;Marriage is a sacrifice, do not add wickedness and corruption to it.
BOOK_SERIALNUM_1202;Marriage is Yajna, don't make it like a riot
BOOK_SERIALNUM_1203;Do not add distortions to marriage rituals
BOOK_SERIALNUM_1204;Marriage - don't drown the institution in the web of distortions
BOOK_SERIALNUM_1205;supernatural bliss of married life
BOOK_SERIALNUM_1206;ideals and principles of marriage
BOOK_SERIALNUM_1207;The atmosphere of marriages should be like rituals
BOOK_SERIALNUM_1208;break the cycle of wastage in marriages
BOOK_SERIALNUM_1209;Mania: Problems and Solutions
BOOK_SERIALNUM_1210;test of conscience
BOOK_SERIALNUM_1211;test of conscience
BOOK_SERIALNUM_1212;Cultivation and accomplishment of conscience
BOOK_SERIALNUM_1213;If the conscience wakes up - follow the religion of the era
BOOK_SERIALNUM_1214;understand the specific time change your customs
BOOK_SERIALNUM_1215;specific practice at specific times
BOOK_SERIALNUM_1216;Great women of the world-1
BOOK_SERIALNUM_1217;Great women of the world-1
BOOK_SERIALNUM_1218;Great women of the world-2
BOOK_SERIALNUM_1219;Great women of the world-3
BOOK_SERIALNUM_1220;Vishwavara Dev Culture
BOOK_SERIALNUM_1221;Vishwavara Dev Culture
BOOK_SERIALNUM_1222;Veer Durgadas
BOOK_SERIALNUM_1223;Veer Shivji
BOOK_SERIALNUM_1224;Veer Shivaji
BOOK_SERIALNUM_1225;Veer Savarkar
BOOK_SERIALNUM_1226;Planting a tree is a holy virtue
BOOK_SERIALNUM_1227;Vedanta-Philosophy Part-1
BOOK_SERIALNUM_1228;Vedanta-Philosophy Part-2
BOOK_SERIALNUM_1229;golden sayings of vedas
BOOK_SERIALNUM_1230;well use
BOOK_SERIALNUM_1231;dress modestly
BOOK_SERIALNUM_1232;Revolution lamp of scientific spirituality
BOOK_SERIALNUM_1233;Revolution lamp of scientific spirituality
BOOK_SERIALNUM_1234;choose greatness not glory
BOOK_SERIALNUM_1235;Cultivation of personality refinement is a wonderful and unique opportunity
BOOK_SERIALNUM_1236;personality building youth camp
BOOK_SERIALNUM_1237;personality building youth camp
BOOK_SERIALNUM_1238;personality building youth camp
BOOK_SERIALNUM_1239;Personality Building Youth Camp - 1
BOOK_SERIALNUM_1240;Only faith is capable of refining personality
BOOK_SERIALNUM_1241;Only faith is capable of refining personality
BOOK_SERIALNUM_1242;collectivism not individualism
BOOK_SERIALNUM_1243;dignity of order wisdom
BOOK_SERIALNUM_1244;dignity of order wisdom
BOOK_SERIALNUM_1245;use of power
BOOK_SERIALNUM_1246;use of power
BOOK_SERIALNUM_1247;connect yourself to the reservoir of power
BOOK_SERIALNUM_1248;connect yourself to the reservoir of power
BOOK_SERIALNUM_1249;on the road to power
BOOK_SERIALNUM_1250;the infinite power of the word Brahman
BOOK_SERIALNUM_1251;Meaningful worship of the word Brahman
BOOK_SERIALNUM_1252;word brahma nad brahma
BOOK_SERIALNUM_1253;word brahma nad brahma
BOOK_SERIALNUM_1254;Amazing abilities and characteristics of the body
BOOK_SERIALNUM_1255;anatomy and physiology
BOOK_SERIALNUM_1256;teaching dignity guide
BOOK_SERIALNUM_1257;The need for a holistic change in the teaching process
BOOK_SERIALNUM_1258;how is the education system
BOOK_SERIALNUM_1259;How is the education system?
BOOK_SERIALNUM_1260;not only education but initiation
BOOK_SERIALNUM_1261;Not only education but also knowledge
BOOK_SERIALNUM_1262;Not only education but also knowledge
BOOK_SERIALNUM_1263;Shikha and Sutra - symbols of Indian culture
BOOK_SERIALNUM_1264;Mysterious Interpretation of Shikha and Sutra
BOOK_SERIALNUM_1265;be polite be called a gentleman
BOOK_SERIALNUM_1266;be polite be called a gentleman
BOOK_SERIALNUM_1267;courtesy and cooperation
BOOK_SERIALNUM_1268;courtesy and cooperation
BOOK_SERIALNUM_1269;Shishya Sanjeevani
BOOK_SERIALNUM_1270;labor is the bridge to happiness
BOOK_SERIALNUM_1271;Message to Pragya's family members on Shravani festival
BOOK_SERIALNUM_1272;Shri Ramcharitmrit
BOOK_SERIALNUM_1273;Mr. Visvesvaraya
BOOK_SERIALNUM_1274;Shri Ram Story
BOOK_SERIALNUM_1275;Form and secret of hexagons
BOOK_SERIALNUM_1276;tremendous process of determination
BOOK_SERIALNUM_1277;glory and dignity of determination
BOOK_SERIALNUM_1278;Brief Havan Method
BOOK_SERIALNUM_1279;Brief Havan Method
BOOK_SERIALNUM_1280;organization's policy
BOOK_SERIALNUM_1281;Sangeet Saurabh
BOOK_SERIALNUM_1282;Expansion of Sanjivani Vidya
BOOK_SERIALNUM_1283;Saint Kabir
BOOK_SERIALNUM_1284;Saint Tukaram
BOOK_SERIALNUM_1285;Saint Tukaram
BOOK_SERIALNUM_1286;Saint Vinoba Bhave
BOOK_SERIALNUM_1287;Saint Vinoba Bhave
BOOK_SERIALNUM_1288;saint socrates
BOOK_SERIALNUM_1289;level up not the number of offspring
BOOK_SERIALNUM_1290;duty towards children
BOOK_SERIALNUM_1291;duty towards children
BOOK_SERIALNUM_1292;Increase wealth but don't lose decency
BOOK_SERIALNUM_1293;possible for ages
BOOK_SERIALNUM_1294;possible for ages
BOOK_SERIALNUM_1295;Joint responsibility of joint family
BOOK_SERIALNUM_1296;speed progress of world cycle
BOOK_SERIALNUM_1297;speed progress of world cycle
BOOK_SERIALNUM_1298;speed progress of world cycle
BOOK_SERIALNUM_1299;ritual tradition
BOOK_SERIALNUM_1300;the splendor of culture will return
BOOK_SERIALNUM_1301;the splendor of culture will return
BOOK_SERIALNUM_1302;disobedience to culture will cost dearly
BOOK_SERIALNUM_1303;disobedience to culture will cost dearly
BOOK_SERIALNUM_1304;Sita's return to culture
BOOK_SERIALNUM_1305;bring back sita of culture
BOOK_SERIALNUM_1306;bring back sita of culture
BOOK_SERIALNUM_1307;Sanskruti Sanjivani and Shrimad Bhagwat Gita
BOOK_SERIALNUM_1308;Sanskruti Sanjivani and Shrimad Bhagwat Gita
BOOK_SERIALNUM_1309;Culture Sanjivani and Shrimad Bhagwat Gita Part-2
BOOK_SERIALNUM_1310;Culture Sanjivani and Shrimad Bhagwat Geeta Part-4
BOOK_SERIALNUM_1311;Culture Address
BOOK_SERIALNUM_1312;memories that will not be forgotten
BOOK_SERIALNUM_1313;Illustrated Gayatri-Shiksha
BOOK_SERIALNUM_1314;Illustrated Gayatri-Shiksha
BOOK_SERIALNUM_1315;Illustrated Gayatri-Shiksha
BOOK_SERIALNUM_1316;Illustrated Gayatri-Sadhana
BOOK_SERIALNUM_1317;what is true spirituality
BOOK_SERIALNUM_1318;what is true spirituality
BOOK_SERIALNUM_1319;practice true faith
BOOK_SERIALNUM_1320;practice true faith
BOOK_SERIALNUM_1321;practice true faith
BOOK_SERIALNUM_1322;return of satyug
BOOK_SERIALNUM_1323;return of satyug
BOOK_SERIALNUM_1324;return of satyug
BOOK_SERIALNUM_1325;don't bind the truth to prejudices
BOOK_SERIALNUM_1326;Satyanarayan Vrat Katha
BOOK_SERIALNUM_1327;Family organization depends on harmony and cooperation
BOOK_SERIALNUM_1328;Family institution depends on harmony and cooperation
BOOK_SERIALNUM_1329;creative power of thoughts
BOOK_SERIALNUM_1330;dreams are false and true
BOOK_SERIALNUM_1331;dreams are false and true
BOOK_SERIALNUM_1332;direction of successful life
BOOK_SERIALNUM_1333;Some golden formulas of successful life
BOOK_SERIALNUM_1334;fundamentals of successful married life
BOOK_SERIALNUM_1335;Basic principles of successful married life
BOOK_SERIALNUM_1336;three keys to success
BOOK_SERIALNUM_1337;seven formula tools of success
BOOK_SERIALNUM_1338;accessible worship for all
BOOK_SERIALNUM_1339;Promotion of civilization, gentleness and good manners
BOOK_SERIALNUM_1340;Preparation of youth for overall revolution
BOOK_SERIALNUM_1341;Overall progress depends on co-operation
BOOK_SERIALNUM_1342;Holistic Health Promotion How
BOOK_SERIALNUM_1343;How to be a holistic health promotion?
BOOK_SERIALNUM_1344;How to be a holistic health promotion?
BOOK_SERIALNUM_1345;misunderstanding of the wise
BOOK_SERIALNUM_1346;Understand the meaning of Deism and take lessons from him
BOOK_SERIALNUM_1347;good use of time
BOOK_SERIALNUM_1348;good use of time
BOOK_SERIALNUM_1349;Time donation is the religion of the era
BOOK_SERIALNUM_1350;Time donation is the religion of the era
BOOK_SERIALNUM_1351;Samarth Guru Ramdas
BOOK_SERIALNUM_1352;India's arms donation to the whole world
BOOK_SERIALNUM_1353;India's arms donation to the whole world
BOOK_SERIALNUM_1354;Solution to all problems - Spirituality
BOOK_SERIALNUM_1355;problems of today solutions of tomorrow
BOOK_SERIALNUM_1356;problems of today solutions of tomorrow
BOOK_SERIALNUM_1357;Many problems - one solution
BOOK_SERIALNUM_1358;innovation of society
BOOK_SERIALNUM_1359;some eternal principles of social construction
BOOK_SERIALNUM_1360;Sardar Vallabhai Patel
BOOK_SERIALNUM_1361;Sardar Vallabhai Patel
BOOK_SERIALNUM_1362;Simple and useful Gayatri Havan method
BOOK_SERIALNUM_1363;The focal point of a simple successful life: excellent thinking
BOOK_SERIALNUM_1364;Sarojini Naidu
BOOK_SERIALNUM_1365;Sarojini Naidu
BOOK_SERIALNUM_1366;almighty gayatri
BOOK_SERIALNUM_1367;all round progress
BOOK_SERIALNUM_1368;all round progress
BOOK_SERIALNUM_1369;all-round cooperation
BOOK_SERIALNUM_1370;All useful Gayatri Sadhana
BOOK_SERIALNUM_1371;all-purpose tools
BOOK_SERIALNUM_1372;mighty power ascension
BOOK_SERIALNUM_1373;cooperation and tolerance
BOOK_SERIALNUM_1374;cooperation and tolerance
BOOK_SERIALNUM_1375;Right and Strong Pilgrimage
BOOK_SERIALNUM_1376;Right and Strong Pilgrimage
BOOK_SERIALNUM_1377;Compassion is essential for spiritual progress
BOOK_SERIALNUM_1378;Compassion is essential for spiritual progress
BOOK_SERIALNUM_1379;Sankhya and Yoga philosophy
BOOK_SERIALNUM_1380;Samkhya and Yoga philosophy
BOOK_SERIALNUM_1381;cultural revival
BOOK_SERIALNUM_1382;corporeal and formless meditation
BOOK_SERIALNUM_1383;corporeal and formless meditation
BOOK_SERIALNUM_1384;Importance of environment and faith in spiritual practice
BOOK_SERIALNUM_1385;Importance of environment and faith in spiritual practice
BOOK_SERIALNUM_1386;success through meditation
BOOK_SERIALNUM_1387;Basic principles of Siddhi through Sadhana
BOOK_SERIALNUM_1388;Sadhankhand Part-1
BOOK_SERIALNUM_1389;Sadhan Khand Part-2
BOOK_SERIALNUM_1390;Sadhan Khand Part-2
BOOK_SERIALNUM_1391;The great tradition and responsibility of a monk
BOOK_SERIALNUM_1392;contemporary public education system
BOOK_SERIALNUM_1393;Samveda
BOOK_SERIALNUM_1394;collective sacrifice plan
BOOK_SERIALNUM_1395;meaningful and happy old age
BOOK_SERIALNUM_1396;Form of meaningful and holistic education
BOOK_SERIALNUM_1397;Form of meaningful and all-round education
BOOK_SERIALNUM_1398;caution and safety
BOOK_SERIALNUM_1399;caution and safety
BOOK_SERIALNUM_1400;Relationship between Savitri and Savita
BOOK_SERIALNUM_1401;Savitri's power source - Savita Devta
BOOK_SERIALNUM_1402;Savitri Kundalini and Tantra
BOOK_SERIALNUM_1403;Savitri Science and Tantra Sadhana
BOOK_SERIALNUM_1404;Siddhidatri Speech Practice
BOOK_SERIALNUM_1405;Tested Uses of Successful Practices
BOOK_SERIALNUM_1406;Basis of happiness and progress - Ideal family
BOOK_SERIALNUM_1407;If you want happiness then you can get it like this
BOOK_SERIALNUM_1408;Happiness and peace Dayini Gayatri
BOOK_SERIALNUM_1409;cultivation of peace
BOOK_SERIALNUM_1410;companions of the deserted
BOOK_SERIALNUM_1411;companions of the deserted
BOOK_SERIALNUM_1412;companions of the deserted
BOOK_SERIALNUM_1413;Superconscious and Jivanmukti
BOOK_SERIALNUM_1414;reproduction of the next generation
BOOK_SERIALNUM_1415;Subhash Chandra Bose
BOOK_SERIALNUM_1416;Subhash Chandra Bose
BOOK_SERIALNUM_1417;From where and how should the creation of good progeny begin?
BOOK_SERIALNUM_1418;cultured family background
BOOK_SERIALNUM_1419;sun therapy
BOOK_SERIALNUM_1420;sun therapy
BOOK_SERIALNUM_1421;science of sun worship
BOOK_SERIALNUM_1422;Srijan Shilpi Code of Conduct
BOOK_SERIALNUM_1423;Srijan Shilpi Code of Conduct
BOOK_SERIALNUM_1424;Supreme Prasad Prakhar Prajna of the Creator
BOOK_SERIALNUM_1425;Seth Jamnalal Bajaj
BOOK_SERIALNUM_1426;service religion and its nature
BOOK_SERIALNUM_1427;Siddha Sadhikas of service religion
BOOK_SERIALNUM_1428;practice of service
BOOK_SERIALNUM_1429;practice of service
BOOK_SERIALNUM_1430;Seva Sadhana and its principles
BOOK_SERIALNUM_1431;scout guide
BOOK_SERIALNUM_1432;gayatri rights of women
BOOK_SERIALNUM_1433;Women's Gayatri Sadhana
BOOK_SERIALNUM_1434;Women's Gayatri Sadhana
BOOK_SERIALNUM_1435;Women's Gayatri Sadhana
BOOK_SERIALNUM_1436;sensuous old age
BOOK_SERIALNUM_1437;The existence of the creator is proved by every particle of the universe
BOOK_SERIALNUM_1438;Supreme Prasad of the Creator - Radiant Wisdom
BOOK_SERIALNUM_1439;Supreme Prasad of the Creator - Radiant Wisdom
BOOK_SERIALNUM_1440;Supreme Prasad of the Creator - Radiant Wisdom
BOOK_SERIALNUM_1441;cleanliness pride of humanity
BOOK_SERIALNUM_1442;elevate yourself be personable
BOOK_SERIALNUM_1443;elevate yourself - be personable
BOOK_SERIALNUM_1444;divine knowledge through swara yoga
BOOK_SERIALNUM_1445;Vowel - letter - sensation
BOOK_SERIALNUM_1446;automated process of heaven hell
BOOK_SERIALNUM_1447;automated process of heaven hell
BOOK_SERIALNUM_1448;simple ways to stay healthy
BOOK_SERIALNUM_1449;Swadhyay and Satsang
BOOK_SERIALNUM_1450;Swadhyay and Satsang
BOOK_SERIALNUM_1451;Establishment of Swadhyay Mandals Plantation of Kalpavriksha
BOOK_SERIALNUM_1452;Do not neglect in self-study
BOOK_SERIALNUM_1453;Swadhyay satsang and meditation
BOOK_SERIALNUM_1454;Swami Dayanand Saraswati
BOOK_SERIALNUM_1455;Swami Dayanand Saraswati
BOOK_SERIALNUM_1456;Swami Vivekananda
BOOK_SERIALNUM_1457;Swami Vivekananda
BOOK_SERIALNUM_1458;Swami Shraddhanand
BOOK_SERIALNUM_1459;Health care is possible only by following nature
BOOK_SERIALNUM_1460;happy life
BOOK_SERIALNUM_1461;we teach respect
BOOK_SERIALNUM_1462;we teach respect
BOOK_SERIALNUM_1463;we are not weak but strong
BOOK_SERIALNUM_1464;we become strong not weak
BOOK_SERIALNUM_1465;we become strong not weak
BOOK_SERIALNUM_1466;If we change then the world changes
BOOK_SERIALNUM_1467;If we change then the world changes
BOOK_SERIALNUM_1468;we all depend on each other
BOOK_SERIALNUM_1469;we all depend on each other
BOOK_SERIALNUM_1470;Why are we deprived of happiness and peace?
BOOK_SERIALNUM_1471;Why are we deprived of happiness and peace?
BOOK_SERIALNUM_1472;our family then and now
BOOK_SERIALNUM_1473;Our Health Crisis and Its Solution
BOOK_SERIALNUM_1474;our legacy and legacy
BOOK_SERIALNUM_1475;Our conscience is the real Gayatri
BOOK_SERIALNUM_1476;Our conscience is the real Gayatri
BOOK_SERIALNUM_1477;our era building plan
BOOK_SERIALNUM_1478;our era building plan
BOOK_SERIALNUM_1479;our era building plan
BOOK_SERIALNUM_1480;our era building plan
BOOK_SERIALNUM_1481;our legacy and legacy
BOOK_SERIALNUM_1482;our flagship institute
BOOK_SERIALNUM_1483;our flagship institute
BOOK_SERIALNUM_1484;our great heir
BOOK_SERIALNUM_1485;our great heir
BOOK_SERIALNUM_1486;our seven movements
BOOK_SERIALNUM_1487;Why do we see dreams?
BOOK_SERIALNUM_1488;Dev Mandir and Gyan Mandir should be made in every house
BOOK_SERIALNUM_1489;Dev Mandir and Gyan Mandir should be made in every house
BOOK_SERIALNUM_1490;Every morning a new birth, every night a new death
BOOK_SERIALNUM_1491;Major steps taken for Harijan Utkarsh
BOOK_SERIALNUM_1492;palmistry
BOOK_SERIALNUM_1493;don't give up