WORLDLENGTH,WORD
1,a
1,b
1,c
1,d
1,e
1,f
1,g
1,h
1,i
1,j
1,k
1,l
1,m
1,n
1,o
1,p
1,q
1,r
1,s
1,t
1,u
1,v
1,w
1,x
1,y
1,z
2,aa
2,ab
2,ac
2,ad
2,ae
2,af
2,ag
2,ah
2,ai
2,aj
2,ak
2,al
2,am
2,an
2,ap
2,ar
2,as
2,at
2,au
2,av
2,aw
2,az
2,ba
2,bb
2,bc
2,bd
2,be
2,bg
2,bi
2,bk
2,bl
2,bm
2,bo
2,bp
2,br
2,bs
2,bt
2,bw
2,by
2,ca
2,cb
2,cc
2,cd
2,ce
2,cf
2,cg
2,ch
2,ci
2,cj
2,cl
2,cm
2,cn
2,co
2,cp
2,cr
2,cs
2,ct
2,cu
2,cv
2,cw
2,cz
2,da
2,db
2,dc
2,dd
2,de
2,df
2,dg
2,dh
2,di
2,dj
2,dk
2,dl
2,dm
2,do
2,dp
2,dr
2,ds
2,dt
2,du
2,dv
2,dx
2,ea
2,ec
2,ed
2,ee
2,ef
2,eg
2,eh
2,el
2,em
2,en
2,ep
2,eq
2,er
2,es
2,et
2,eu
2,ev
2,ex
2,ez
2,fa
2,fc
2,fd
2,fe
2,ff
2,fg
2,fi
2,fl
2,fm
2,fo
2,fp
2,fr
2,fs
2,ft
2,fu
2,fw
2,fx
2,fy
2,ga
2,gb
2,gc
2,gd
2,ge
2,gg
2,gi
2,gl
2,gm
2,go
2,gp
2,gr
2,gs
2,gt
2,ha
2,hb
2,hc
2,hd
2,he
2,hh
2,hi
2,hk
2,hl
2,ho
2,hp
2,hq
2,hr
2,hs
2,ht
2,hu
2,hz
2,ia
2,ic
2,id
2,ie
2,if
2,ii
2,il
2,im
2,in
2,io
2,ip
2,ir
2,is
2,it
2,iv
2,ix
2,ja
2,jc
2,jd
2,je
2,jj
2,jm
2,jo
2,jp
2,jr
2,js
2,ka
2,kb
2,kg
2,km
2,ko
2,ks
2,kw
2,ky
2,la
2,lb
2,lc
2,ld
2,le
2,lf
2,lg
2,li
2,ll
2,lm
2,ln
2,lo
2,lp
2,ls
2,lt
2,lu
2,ma
2,mb
2,mc
2,md
2,me
2,mf
2,mg
2,mh
2,mi
2,mj
2,ml
2,mm
2,mn
2,mo
2,mp
2,mr
2,ms
2,mt
2,mu
2,mv
2,mw
2,mx
2,my
2,na
2,nb
2,nc
2,nd
2,ne
2,ng
2,nh
2,ni
2,nj
2,nl
2,nm
2,nn
2,no
2,np
2,nr
2,ns
2,nt
2,nu
2,nv
2,nw
2,ny
2,nz
2,ob
2,oc
2,oe
2,of
2,og
2,oh
2,ok
2,ol
2,om
2,on
2,oo
2,op
2,or
2,os
2,ot
2,ou
2,oz
2,pa
2,pb
2,pc
2,pd
2,pe
2,pf
2,pg
2,ph
2,pi
2,pj
2,pk
2,pl
2,pm
2,pn
2,po
2,pp
2,pr
2,ps
2,pt
2,qc
2,qt
2,ra
2,rb
2,rc
2,rd
2,re
2,rf
2,rg
2,rh
2,ri
2,rj
2,rl
2,rm
2,rn
2,ro
2,rp
2,rr
2,rs
2,rt
2,ru
2,rv
2,rw
2,rx
2,sa
2,sb
2,sc
2,sd
2,se
2,sf
2,sg
2,sh
2,si
2,sk
2,sl
2,sm
2,sn
2,so
2,sp
2,sq
2,sr
2,ss
2,st
2,su
2,sv
2,sw
2,ta
2,tb
2,tc
2,td
2,te
2,tf
2,th
2,ti
2,tm
2,tn
2,to
2,tp
2,tr
2,ts
2,tt
2,tu
2,tv
2,tx
2,ty
2,uc
2,uh
2,ui
2,uk
2,ul
2,um
2,un
2,up
2,ur
2,us
2,ut
2,uv
2,uw
2,va
2,vb
2,vc
2,ve
2,vg
2,vi
2,vp
2,vs
2,vt
2,wa
2,wb
2,wc
2,we
2,wi
2,wm
2,wn
2,wp
2,wr
2,ws
2,wt
2,wu
2,wv
2,ww
2,wx
2,wy
2,xi
2,xl
2,xp
2,xx
2,ya
2,ye
2,yn
2,yo
2,yr
2,yu
2,za
2,zu
3,aaa
3,abc
3,abs
3,abu
3,acc
3,ace
3,acm
3,act
3,ada
3,add
3,ads
3,age
3,ago
3,aid
3,aim
3,air
3,aka
3,ala
3,ali
3,all
3,alt
3,amd
3,amp
3,amy
3,ana
3,and
3,ann
3,ant
3,any
3,aol
3,api
3,app
3,apr
3,apt
3,arc
3,are
3,arg
3,arm
3,art
3,ash
3,ask
3,asn
3,asp
3,ass
3,ata
3,ate
3,ati
3,atm
3,aud
3,aug
3,aus
3,ave
3,avg
3,avi
3,aye
3,bad
3,bag
3,ban
3,bar
3,bat
3,bay
3,bbc
3,bbs
3,bbw
3,bed
3,bee
3,ben
3,bet
3,bid
3,big
3,bin
3,bio
3,bit
3,biz
3,bmw
3,bob
3,boc
3,bon
3,bow
3,box
3,boy
3,bra
3,buf
3,bug
3,bus
3,but
3,buy
3,bye
3,cab
3,cad
3,cal
3,cam
3,can
3,cap
3,car
3,cas
3,cat
3,cbs
3,ccd
3,cds
3,cdt
3,ceo
3,cet
3,cfr
3,cgi
3,chi
3,cho
3,cia
3,cio
3,cir
3,cms
3,cnn
3,cod
3,col
3,com
3,con
3,cop
3,cos
3,cow
3,cox
3,cpu
3,crm
3,cry
3,css
3,cst
3,cum
3,cup
3,cut
3,cvs
3,dad
3,dam
3,dan
3,das
3,dat
3,day
3,ddr
3,dec
3,dee
3,def
3,del
3,dem
3,den
3,der
3,des
3,dev
3,did
3,die
3,dig
3,dim
3,dip
3,dir
3,dis
3,div
3,diy
3,dna
3,dns
3,doc
3,dod
3,doe
3,dog
3,dom
3,don
3,dos
3,dot
3,dow
3,dpi
3,dry
3,dsc
3,dsl
3,dts
3,due
3,dui
3,duo
3,dvd
3,ear
3,eat
3,eau
3,eco
3,eds
3,edt
3,egg
3,enb
3,end
3,eng
3,ent
3,eos
3,epa
3,era
3,erp
3,est
3,etc
3,eur
3,eva
3,eve
3,exp
3,ext
3,eye
3,fan
3,faq
3,far
3,fat
3,fax
3,fbi
3,fcc
3,fda
3,feb
3,fed
3,fee
3,few
3,fig
3,fin
3,fit
3,fix
3,fla
3,flu
3,fly
3,fog
3,foo
3,for
3,fox
3,fri
3,ftp
3,fun
3,fur
3,fwd
3,gap
3,gas
3,gay
3,gba
3,gbp
3,gcc
3,gdp
3,gel
3,gem
3,gen
3,geo
3,get
3,ghz
3,gif
3,gig
3,gis
3,gmc
3,gmt
3,gnu
3,god
3,got
3,gov
3,gpl
3,gps
3,gsm
3,gst
3,gtk
3,gui
3,gun
3,guy
3,gym
3,had
3,ham
3,has
3,hat
3,hay
3,her
3,hey
3,him
3,hip
3,his
3,hit
3,hiv
3,hon
3,hop
3,hot
3,how
3,hrs
3,hub
3,hwy
3,ian
3,ibm
3,ice
3,icq
3,ict
3,ide
3,ids
3,iii
3,ill
3,ima
3,img
3,inc
3,ind
3,inf
3,ing
3,ink
3,inn
3,ins
3,int
3,ion
3,ips
3,ira
3,irc
3,irs
3,isa
3,iso
3,isp
3,ist
3,its
3,jam
3,jan
3,jar
3,jay
3,jet
3,jim
3,job
3,joe
3,jon
3,joy
3,jpg
3,jul
3,jun
3,jvc
3,kai
3,kay
3,kde
3,ken
3,key
3,kid
3,kim
3,kit
3,lab
3,lan
3,lap
3,las
3,lat
3,law
3,lay
3,lbs
3,lcd
3,led
3,lee
3,leg
3,len
3,leo
3,les
3,let
3,leu
3,lib
3,lid
3,lie
3,lil
3,lip
3,lit
3,liz
3,llc
3,llp
3,loc
3,log
3,lol
3,los
3,lot
3,lou
3,low
3,ltd
3,mac
3,mad
3,mae
3,mag
3,mai
3,man
3,map
3,mar
3,mas
3,mat
3,max
3,may
3,mba
3,med
3,mel
3,mem
3,men
3,met
3,mfg
3,mhz
3,mia
3,mic
3,mid
3,mil
3,min
3,mit
3,mix
3,mlb
3,mls
3,mod
3,mom
3,mon
3,mpg
3,mph
3,mrs
3,msg
3,msn
3,mtv
3,mud
3,mug
3,nam
3,nat
3,nav
3,nba
3,nbc
3,nec
3,neo
3,net
3,new
3,nfl
3,nhl
3,nhs
3,nil
3,non
3,nor
3,nos
3,not
3,nov
3,now
3,nsw
3,nut
3,nyc
3,oak
3,obj
3,oct
3,odd
3,oem
3,off
3,oil
3,old
3,one
3,ons
3,ooo
3,opt
3,org
3,our
3,out
3,own
3,pac
3,pad
3,pal
3,pam
3,pan
3,par
3,pas
3,pat
3,pay
3,pci
3,pcs
3,pct
3,pda
3,pdf
3,pdt
3,pee
3,pen
3,per
3,pet
3,pgp
3,phd
3,phi
3,php
3,pic
3,pie
3,pig
3,pin
3,pit
3,pix
3,plc
3,pmc
3,pod
3,pop
3,por
3,pos
3,pot
3,ppc
3,ppm
3,pre
3,pro
3,psi
3,psp
3,pst
3,pts
3,pty
3,pub
3,put
3,pvc
3,qld
3,qty
3,que
3,qui
3,ram
3,ran
3,rap
3,rat
3,raw
3,ray
3,rca
3,rec
3,red
3,ref
3,reg
3,rel
3,rep
3,res
3,rev
3,rfc
3,rid
3,rim
3,rio
3,rip
3,rna
3,rob
3,rod
3,rom
3,ron
3,row
3,roy
3,rpg
3,rpm
3,rrp
3,rss
3,rug
3,run
3,sad
3,sam
3,san
3,sao
3,sap
3,sas
3,sat
3,saw
3,say
3,sci
3,sea
3,sec
3,see
3,sen
3,seo
3,sep
3,seq
3,ser
3,set
3,sex
3,she
3,sic
3,sie
3,sig
3,sim
3,sin
3,sip
3,sir
3,sit
3,six
3,ski
3,sku
3,sky
3,sms
3,soa
3,soc
3,sol
3,son
3,sox
3,spa
3,spy
3,sql
3,src
3,sri
3,ssl
3,std
3,ste
3,str
3,sub
3,sue
3,sum
3,sun
3,sur
3,sys
3,tab
3,tag
3,tan
3,tap
3,tar
3,tax
3,tba
3,tcp
3,tea
3,ted
3,tee
3,tel
3,ten
3,tex
3,tft
3,tgp
3,the
3,thu
3,thy
3,tie
3,til
3,tim
3,tin
3,tip
3,tit
3,tmp
3,toe
3,tom
3,ton
3,too
3,top
3,toy
3,tri
3,try
3,tub
3,tue
3,tvs
3,two
3,una
3,und
3,une
3,uni
3,upc
3,ups
3,uri
3,url
3,urw
3,usa
3,usb
3,usc
3,usd
3,use
3,usr
3,utc
3,val
3,van
3,var
3,vat
3,vcr
3,ver
3,vhs
3,via
3,vic
3,vid
3,vii
3,vip
3,vol
3,von
3,vpn
3,wal
3,wan
3,war
3,was
3,wav
3,wax
3,way
3,web
3,wed
3,wet
3,who
3,why
3,win
3,wit
3,wma
3,won
3,wow
3,wto
3,www
3,xml
3,xxx
3,yea
3,yen
3,yes
3,yet
3,you
3,yrs
3,zen
3,zip
3,zoo
3,zum
3,zus
4,able
4,acer
4,acid
4,acne
4,acre
4,acts
4,adam
4,adds
4,adsl
4,aged
4,ages
4,aids
4,aims
4,alan
4,alex
4,alot
4,also
4,alto
4,anal
4,andy
4,anna
4,anne
4,anti
4,apps
4,aqua
4,arab
4,arch
4,area
4,arms
4,army
4,arts
4,asia
4,asin
4,asks
4,asus
4,atom
4,audi
4,auto
4,avon
4,away
4,axis
4,babe
4,baby
4,back
4,bags
4,bald
4,bali
4,ball
4,band
4,bang
4,bank
4,bare
4,barn
4,bars
4,base
4,bass
4,bath
4,bdsm
4,beam
4,bean
4,bear
4,beat
4,beds
4,beef
4,been
4,beer
4,bell
4,belt
4,bend
4,benz
4,best
4,beta
4,beth
4,bias
4,bids
4,bike
4,bill
4,bind
4,biol
4,bios
4,bird
4,bite
4,bits
4,blah
4,blog
4,blow
4,blue
4,blvd
4,boat
4,body
4,bold
4,bolt
4,bomb
4,bond
4,bone
4,boob
4,book
4,bool
4,boom
4,boot
4,born
4,boss
4,both
4,bowl
4,boys
4,brad
4,bras
4,bros
4,buck
4,bugs
4,bulk
4,bull
4,burn
4,bush
4,busy
4,butt
4,buys
4,buzz
4,byte
4,cafe
4,cage
4,cake
4,call
4,calm
4,came
4,camp
4,cams
4,cant
4,cape
4,caps
4,carb
4,card
4,care
4,carl
4,cars
4,cart
4,casa
4,case
4,cash
4,cast
4,cats
4,cave
4,cdna
4,cell
4,cent
4,cest
4,chad
4,chan
4,char
4,chat
4,chef
4,chem
4,chen
4,chip
4,ciao
4,cite
4,city
4,clan
4,clay
4,clip
4,club
4,cnet
4,coal
4,coat
4,cock
4,code
4,coin
4,cold
4,cole
4,come
4,comm
4,comp
4,conf
4,cons
4,cook
4,cool
4,cope
4,copy
4,cord
4,core
4,cork
4,corn
4,corp
4,cost
4,cove
4,crap
4,crew
4,crop
4,cruz
4,cuba
4,cube
4,cult
4,cunt
4,cups
4,cure
4,cute
4,cuts
4,dale
4,dame
4,damn
4,dana
4,dans
4,dare
4,dark
4,dash
4,data
4,date
4,dave
4,dawn
4,days
4,dead
4,deaf
4,deal
4,dean
4,dear
4,debt
4,deck
4,deep
4,deer
4,dell
4,demo
4,deny
4,dept
4,desk
4,dial
4,dice
4,dick
4,died
4,dies
4,diet
4,diff
4,dirt
4,disc
4,dish
4,disk
4,dist
4,dive
4,divx
4,dock
4,docs
4,does
4,dogs
4,doll
4,dome
4,done
4,dont
4,doom
4,door
4,dose
4,doug
4,down
4,drag
4,draw
4,drew
4,drop
4,drug
4,drum
4,dual
4,duck
4,dude
4,duke
4,dumb
4,dump
4,dust
4,duty
4,dvds
4,each
4,earl
4,earn
4,ears
4,ease
4,east
4,easy
4,ebay
4,echo
4,eden
4,edge
4,edit
4,eggs
4,else
4,emma
4,ends
4,epic
4,eric
4,erik
4,espn
4,euro
4,eval
4,even
4,ever
4,evil
4,exam
4,exec
4,exit
4,expo
4,eyed
4,eyes
4,face
4,fact
4,fail
4,fair
4,fake
4,fall
4,fame
4,fans
4,faqs
4,fare
4,farm
4,fast
4,fate
4,fear
4,feat
4,feed
4,feel
4,fees
4,feet
4,fell
4,felt
4,feof
4,fiji
4,file
4,fill
4,film
4,find
4,fine
4,fire
4,firm
4,fish
4,fist
4,fits
4,five
4,flag
4,flat
4,flex
4,flip
4,flow
4,flux
4,foam
4,fold
4,folk
4,font
4,food
4,fool
4,foot
4,ford
4,fork
4,form
4,fort
4,foto
4,foul
4,four
4,fred
4,free
4,frog
4,from
4,fuck
4,fuel
4,fuji
4,full
4,fund
4,funk
4,gage
4,gain
4,gale
4,game
4,gang
4,gaps
4,gary
4,gate
4,gave
4,gays
4,gear
4,geek
4,gene
4,gets
4,gift
4,girl
4,give
4,glad
4,glen
4,glow
4,gmbh
4,goal
4,goat
4,gods
4,goes
4,gold
4,golf
4,gone
4,good
4,gore
4,goto
4,govt
4,grab
4,grad
4,gras
4,gray
4,greg
4,grew
4,grey
4,grid
4,grip
4,grow
4,guam
4,gulf
4,guns
4,guru
4,guys
4,gzip
4,hack
4,hair
4,half
4,hall
4,halo
4,hand
4,hang
4,hans
4,hard
4,harm
4,hart
4,hash
4,hate
4,hats
4,have
4,hawk
4,hdtv
4,head
4,hear
4,heat
4,heel
4,held
4,hell
4,help
4,herb
4,here
4,hero
4,hide
4,high
4,hill
4,hint
4,hire
4,hist
4,hits
4,hold
4,hole
4,holy
4,home
4,hong
4,hood
4,hook
4,hope
4,horn
4,hose
4,host
4,hour
4,href
4,html
4,http
4,huge
4,hugh
4,hugo
4,hull
4,hung
4,hunt
4,hurt
4,icon
4,idea
4,idle
4,idol
4,ieee
4,inch
4,incl
4,info
4,inns
4,intl
4,into
4,iowa
4,ipaq
4,ipod
4,iran
4,iraq
4,iron
4,isbn
4,isle
4,issn
4,item
4,itsa
4,jack
4,jade
4,jail
4,jake
4,jane
4,java
4,jazz
4,jean
4,jeep
4,jeff
4,jets
4,jews
4,jill
4,joan
4,jobs
4,joel
4,john
4,join
4,joke
4,jose
4,josh
4,jpeg
4,juan
4,judy
4,july
4,jump
4,june
4,junk
4,jury
4,just
4,karl
4,kate
4,keen
4,keep
4,keno
4,kent
4,kept
4,keys
4,kick
4,kids
4,kill
4,kind
4,king
4,kirk
4,kiss
4,kits
4,knee
4,knew
4,knit
4,know
4,kong
4,kurt
4,kyle
4,labs
4,lace
4,lack
4,lady
4,laid
4,lake
4,lamb
4,lamp
4,land
4,lane
4,lang
4,last
4,late
4,lawn
4,laws
4,lazy
4,lead
4,leaf
4,lean
4,left
4,legs
4,lens
4,leon
4,less
4,lets
4,levy
4,libs
4,lies
4,life
4,lift
4,like
4,lime
4,line
4,link
4,lion
4,lips
4,lisa
4,list
4,lite
4,live
4,load
4,loan
4,lock
4,logo
4,logs
4,lone
4,long
4,look
4,loop
4,lord
4,lose
4,loss
4,lost
4,lots
4,loud
4,love
4,lows
4,luck
4,lucy
4,luis
4,luke
4,lung
4,lynn
4,made
4,mail
4,main
4,make
4,male
4,mali
4,mall
4,many
4,maps
4,marc
4,mark
4,mars
4,mart
4,mary
4,mask
4,mass
4,mate
4,math
4,mats
4,matt
4,maui
4,meal
4,mean
4,meat
4,meet
4,mega
4,memo
4,mens
4,ment
4,menu
4,mere
4,mesa
4,mesh
4,mess
4,meta
4,mice
4,midi
4,mike
4,mild
4,mile
4,milf
4,milk
4,mill
4,mime
4,mind
4,mine
4,mini
4,mins
4,mint
4,misc
4,miss
4,mode
4,mods
4,mold
4,moms
4,mono
4,mood
4,moon
4,more
4,moss
4,most
4,move
4,mpeg
4,mrna
4,msie
4,much
4,must
4,muze
4,myth
4,nail
4,name
4,nano
4,nasa
4,nato
4,navy
4,ncaa
4,near
4,neck
4,need
4,neil
4,neon
4,nest
4,news
4,next
4,nice
4,nick
4,nike
4,nine
4,node
4,none
4,noon
4,norm
4,nose
4,note
4,nova
4,ntsc
4,nude
4,nuke
4,null
4,nuts
4,oaks
4,oclc
4,odds
4,oecd
4,ohio
4,oils
4,okay
4,oman
4,once
4,ones
4,only
4,onto
4,oops
4,open
4,oral
4,orgy
4,ours
4,oval
4,oven
4,over
4,owen
4,owns
4,pace
4,pack
4,pads
4,page
4,paid
4,pain
4,pair
4,pale
4,palm
4,para
4,park
4,part
4,paso
4,pass
4,past
4,path
4,paul
4,pays
4,pdas
4,peak
4,peas
4,peer
4,penn
4,pens
4,perl
4,peru
4,pest
4,pete
4,pets
4,phil
4,phys
4,pick
4,pics
4,pike
4,pill
4,pine
4,ping
4,pink
4,pins
4,pipe
4,piss
4,plan
4,play
4,plot
4,plug
4,plus
4,pmid
4,poem
4,poet
4,pole
4,poll
4,polo
4,poly
4,pond
4,pool
4,poor
4,pope
4,pork
4,porn
4,port
4,pose
4,post
4,pour
4,pray
4,prep
4,prev
4,prix
4,proc
4,prof
4,pros
4,prot
4,pubs
4,pull
4,pump
4,punk
4,pure
4,push
4,puts
4,quad
4,quit
4,quiz
4,race
4,rack
4,rage
4,raid
4,rail
4,rain
4,rand
4,rank
4,rape
4,rare
4,rate
4,rats
4,rays
4,read
4,real
4,rear
4,reed
4,reef
4,reel
4,reid
4,rely
4,reno
4,rent
4,rest
4,rica
4,rice
4,rich
4,rick
4,rico
4,ride
4,ring
4,ripe
4,rise
4,risk
4,road
4,rock
4,role
4,roll
4,rome
4,roof
4,room
4,root
4,rope
4,rosa
4,rose
4,ross
4,rows
4,ruby
4,rugs
4,rule
4,runs
4,rush
4,ruth
4,ryan
4,safe
4,sage
4,said
4,sail
4,sake
4,sale
4,salt
4,same
4,sand
4,sans
4,sara
4,save
4,says
4,scan
4,scsi
4,seal
4,sean
4,seas
4,seat
4,seed
4,seek
4,seem
4,seen
4,sees
4,sega
4,self
4,sell
4,semi
4,send
4,sent
4,sept
4,sets
4,sexo
4,sexy
4,shaw
4,shed
4,ship
4,shit
4,shoe
4,shop
4,shot
4,show
4,shut
4,sick
4,side
4,sign
4,silk
4,sims
4,sing
4,sink
4,site
4,size
4,skin
4,skip
4,slim
4,slip
4,slot
4,slow
4,slut
4,smtp
4,snap
4,snow
4,soap
4,sofa
4,soft
4,soil
4,sold
4,sole
4,solo
4,soma
4,some
4,song
4,sons
4,sony
4,soon
4,sort
4,soul
4,soup
4,spam
4,span
4,spas
4,spec
4,spin
4,spot
4,stan
4,star
4,stat
4,stay
4,stem
4,step
4,stop
4,stud
4,such
4,suck
4,suit
4,sure
4,surf
4,suse
4,swap
4,swim
4,sync
4,tabs
4,tags
4,tail
4,take
4,tale
4,talk
4,tall
4,tank
4,tape
4,task
4,taxi
4,team
4,tear
4,tech
4,teen
4,tell
4,temp
4,tend
4,tent
4,term
4,test
4,text
4,thai
4,than
4,that
4,thee
4,them
4,then
4,they
4,thin
4,this
4,thou
4,thru
4,thus
4,tide
4,tied
4,tier
4,ties
4,tile
4,till
4,time
4,tiny
4,tion
4,tips
4,tire
4,tits
4,todd
4,told
4,toll
4,tone
4,tons
4,tony
4,took
4,tool
4,tops
4,tour
4,town
4,toys
4,trap
4,tray
4,tree
4,trek
4,treo
4,trim
4,trio
4,trip
4,troy
4,true
4,tube
4,tune
4,turn
4,twin
4,type
4,ugly
4,undo
4,unit
4,univ
4,unix
4,unto
4,upon
4,urge
4,urls
4,usda
4,used
4,user
4,uses
4,usgs
4,usps
4,utah
4,vary
4,vast
4,very
4,vice
4,vids
4,view
4,viii
4,visa
4,void
4,voip
4,volt
4,vote
4,wage
4,wait
4,wake
4,walk
4,wall
4,walt
4,wang
4,want
4,ward
4,ware
4,warm
4,wars
4,wash
4,watt
4,wave
4,ways
4,weak
4,wear
4,weed
4,week
4,well
4,went
4,were
4,west
4,what
4,when
4,whom
4,wide
4,wife
4,wifi
4,wiki
4,wild
4,will
4,wind
4,wine
4,wing
4,wins
4,wire
4,wise
4,wish
4,with
4,wolf
4,wood
4,wool
4,word
4,work
4,worm
4,worn
4,wrap
4,xbox
4,xnxx
4,yale
4,yang
4,yard
4,yarn
4,yeah
4,year
4,yoga
4,york
4,your
4,zero
4,zinc
4,zone
4,zoom
4,zope
5,aaron
5,about
5,above
5,abuse
5,acids
5,acres
5,actor
5,acute
5,adams
5,added
5,admin
5,admit
5,adobe
5,adopt
5,adult
5,after
5,again
5,agent
5,aging
5,agree
5,ahead
5,aimed
5,alarm
5,album
5,alert
5,alias
5,alice
5,alien
5,align
5,alike
5,alive
5,allah
5,allan
5,allen
5,allow
5,alloy
5,alone
5,along
5,alpha
5,alter
5,amber
5,amend
5,amino
5,among
5,angel
5,anger
5,angle
5,angry
5,anime
5,annex
5,annie
5,apart
5,apnic
5,apple
5,apply
5,april
5,areas
5,arena
5,argue
5,arise
5,armed
5,armor
5,array
5,arrow
5,aruba
5,ascii
5,asian
5,aside
5,asked
5,asset
5,atlas
5,audio
5,audit
5,autos
5,avoid
5,award
5,aware
5,awful
5,babes
5,bacon
5,badge
5,badly
5,baker
5,balls
5,bands
5,banks
5,barry
5,based
5,bases
5,basic
5,basin
5,basis
5,batch
5,baths
5,beach
5,beads
5,beans
5,bears
5,beast
5,beats
5,began
5,begin
5,begun
5,being
5,belle
5,belly
5,below
5,belts
5,bench
5,berry
5,betty
5,bible
5,bikes
5,bills
5,billy
5,bingo
5,birds
5,birth
5,bitch
5,black
5,blade
5,blair
5,blake
5,blame
5,blank
5,blast
5,blend
5,bless
5,blind
5,blink
5,block
5,blogs
5,blond
5,blood
5,bloom
5,blues
5,board
5,boats
5,bobby
5,bonds
5,bones
5,bonus
5,boobs
5,books
5,boost
5,booth
5,boots
5,booty
5,bored
5,bound
5,boxed
5,boxes
5,brain
5,brake
5,brand
5,brass
5,brave
5,bread
5,break
5,breed
5,brian
5,brick
5,bride
5,brief
5,bring
5,broad
5,broke
5,brook
5,brown
5,bruce
5,brush
5,bryan
5,bucks
5,buddy
5,build
5,built
5,bunch
5,bunny
5,burke
5,burns
5,burst
5,buses
5,busty
5,butts
5,buyer
5,bytes
5,cabin
5,cable
5,cache
5,cakes
5,calif
5,calls
5,camel
5,camps
5,canal
5,candy
5,canon
5,cards
5,carey
5,cargo
5,carlo
5,carol
5,carry
5,cases
5,casey
5,casio
5,catch
5,cause
5,cedar
5,cells
5,cents
5,chain
5,chair
5,chaos
5,charm
5,chart
5,chase
5,cheap
5,cheat
5,check
5,chess
5,chest
5,chevy
5,chick
5,chief
5,child
5,chile
5,china
5,chips
5,choir
5,chose
5,chris
5,chuck
5,cindy
5,cisco
5,cited
5,civic
5,civil
5,claim
5,clara
5,clark
5,class
5,clean
5,clear
5,clerk
5,click
5,cliff
5,climb
5,clips
5,clock
5,clone
5,close
5,cloth
5,cloud
5,clubs
5,coach
5,coast
5,cocks
5,codes
5,cohen
5,coins
5,colin
5,colon
5,color
5,combo
5,comes
5,comic
5,condo
5,congo
5,const
5,coral
5,corps
5,costa
5,costs
5,could
5,count
5,court
5,cover
5,crack
5,craft
5,craig
5,craps
5,crash
5,crazy
5,cream
5,creek
5,crest
5,crime
5,crops
5,cross
5,crowd
5,crown
5,crude
5,cubic
5,curve
5,cyber
5,cycle
5,czech
5,daddy
5,daily
5,dairy
5,daisy
5,dance
5,danny
5,dated
5,dates
5,david
5,davis
5,deals
5,dealt
5,death
5,debug
5,debut
5,decor
5,delay
5,delhi
5,delta
5,dense
5,depot
5,depth
5,derby
5,derek
5,devel
5,devil
5,devon
5,diana
5,diane
5,diary
5,dicke
5,dicks
5,diego
5,diffs
5,digit
5,dildo
5,dirty
5,disco
5,discs
5,disks
5,dodge
5,doing
5,dolls
5,donna
5,donor
5,doors
5,doubt
5,dover
5,dozen
5,draft
5,drain
5,drama
5,drawn
5,draws
5,dream
5,dress
5,dried
5,drill
5,drink
5,drive
5,drops
5,drove
5,drugs
5,drums
5,drunk
5,dryer
5,dubai
5,dutch
5,dying
5,dylan
5,eagle
5,early
5,earth
5,ebony
5,ebook
5,eddie
5,edgar
5,edges
5,egypt
5,eight
5,elder
5,elect
5,elite
5,ellen
5,ellis
5,elvis
5,emacs
5,email
5,emily
5,empty
5,ended
5,endif
5,enemy
5,enjoy
5,enter
5,entry
5,epson
5,equal
5,error
5,essay
5,essex
5,euros
5,evans
5,event
5,every
5,exact
5,exams
5,excel
5,exist
5,extra
5,faced
5,faces
5,facts
5,fails
5,fairy
5,faith
5,falls
5,false
5,fancy
5,fares
5,farms
5,fatal
5,fatty
5,fault
5,favor
5,fears
5,feeds
5,feels
5,fence
5,ferry
5,fever
5,fewer
5,fiber
5,fibre
5,field
5,fifth
5,fifty
5,fight
5,filed
5,files
5,filme
5,films
5,final
5,finds
5,fired
5,fires
5,firms
5,first
5,fixed
5,fixes
5,flags
5,flame
5,flash
5,fleet
5,flesh
5,float
5,flood
5,floor
5,flour
5,flows
5,floyd
5,fluid
5,flush
5,flyer
5,focal
5,focus
5,folks
5,fonts
5,foods
5,force
5,forge
5,forms
5,forth
5,forty
5,forum
5,fotos
5,found
5,frame
5,frank
5,fraud
5,fresh
5,front
5,frost
5,fruit
5,fully
5,funds
5,funky
5,funny
5,fuzzy
5,gains
5,games
5,gamma
5,gates
5,gauge
5,genes
5,genre
5,ghana
5,ghost
5,giant
5,gifts
5,girls
5,given
5,gives
5,glass
5,glenn
5,globe
5,glory
5,gnome
5,goals
5,going
5,gonna
5,goods
5,gotta
5,grace
5,grade
5,grain
5,grams
5,grand
5,grant
5,graph
5,grass
5,grave
5,great
5,greek
5,green
5,grill
5,gross
5,group
5,grove
5,grown
5,grows
5,guard
5,guess
5,guest
5,guide
5,guild
5,hairy
5,haiti
5,hands
5,handy
5,happy
5,harry
5,haven
5,hayes
5,heads
5,heard
5,heart
5,heath
5,heavy
5,helen
5,hello
5,helps
5,hence
5,henry
5,herbs
5,highs
5,hills
5,hindu
5,hints
5,hired
5,hobby
5,holds
5,holes
5,holly
5,homes
5,honda
5,honey
5,honor
5,hoped
5,hopes
5,horny
5,horse
5,hosts
5,hotel
5,hours
5,house
5,howto
5,human
5,humor
5,icons
5,idaho
5,ideal
5,ideas
5,image
5,inbox
5,index
5,india
5,indie
5,inner
5,input
5,intel
5,inter
5,intro
5,iraqi
5,irish
5,isaac
5,islam
5,issue
5,italy
5,items
5,ivory
5,jacob
5,james
5,jamie
5,janet
5,japan
5,jason
5,jeans
5,jenny
5,jerry
5,jesse
5,jesus
5,jewel
5,jimmy
5,johns
5,joins
5,joint
5,jokes
5,jones
5,joyce
5,judge
5,juice
5,julia
5,julie
5,karen
5,karma
5,kathy
5,katie
5,keeps
5,keith
5,kelly
5,kenny
5,kenya
5,kerry
5,kevin
5,kills
5,kinda
5,kinds
5,kings
5,kitty
5,klein
5,knife
5,knock
5,known
5,knows
5,kodak
5,korea
5,label
5,labor
5,laden
5,lakes
5,lamps
5,lance
5,lands
5,lanes
5,lanka
5,large
5,larry
5,laser
5,later
5,latex
5,latin
5,laugh
5,laura
5,layer
5,leads
5,learn
5,lease
5,least
5,leave
5,leeds
5,legal
5,lemon
5,leone
5,level
5,lewis
5,lexus
5,light
5,liked
5,likes
5,limit
5,linda
5,lined
5,lines
5,links
5,linux
5,lions
5,lists
5,lived
5,liver
5,lives
5,lloyd
5,loads
5,loans
5,lobby
5,local
5,locks
5,lodge
5,logan
5,logic
5,login
5,logos
5,looks
5,loops
5,loose
5,lopez
5,lotus
5,louis
5,loved
5,lover
5,loves
5,lower
5,lucas
5,lucia
5,lucky
5,lunch
5,lycos
5,lying
5,lyric
5,macro
5,magic
5,mails
5,maine
5,major
5,maker
5,makes
5,males
5,malta
5,mambo
5,manga
5,manor
5,maple
5,march
5,marco
5,mardi
5,maria
5,marie
5,mario
5,marks
5,mason
5,match
5,maybe
5,mayor
5,mazda
5,meals
5,means
5,meant
5,medal
5,media
5,meets
5,menus
5,mercy
5,merge
5,merit
5,merry
5,metal
5,meter
5,metro
5,meyer
5,miami
5,micro
5,might
5,milan
5,miles
5,milfs
5,mills
5,minds
5,mines
5,minor
5,minus
5,mixed
5,mixer
5,model
5,modem
5,modes
5,money
5,monte
5,month
5,moore
5,moral
5,moses
5,motel
5,motor
5,mount
5,mouse
5,mouth
5,moved
5,moves
5,movie
5,mpegs
5,msgid
5,multi
5,music
5,myers
5,mysql
5,nails
5,naked
5,named
5,names
5,nancy
5,nasty
5,naval
5,needs
5,nepal
5,nerve
5,never
5,newer
5,newly
5,niger
5,night
5,nikon
5,noble
5,nodes
5,noise
5,nokia
5,north
5,noted
5,notes
5,notre
5,novel
5,nurse
5,nylon
5,oasis
5,occur
5,ocean
5,offer
5,often
5,older
5,olive
5,omaha
5,omega
5,onion
5,opens
5,opera
5,orbit
5,order
5,organ
5,oscar
5,other
5,ought
5,outer
5,owned
5,owner
5,oxide
5,ozone
5,packs
5,pages
5,paint
5,pairs
5,panel
5,panic
5,pants
5,paper
5,papua
5,paris
5,parks
5,parts
5,party
5,pasta
5,paste
5,patch
5,paths
5,patio
5,paxil
5,peace
5,pearl
5,peers
5,penis
5,penny
5,perry
5,perth
5,peter
5,phase
5,phone
5,photo
5,phpbb
5,piano
5,picks
5,piece
5,pills
5,pilot
5,pipes
5,pitch
5,pixel
5,pizza
5,place
5,plain
5,plane
5,plans
5,plant
5,plate
5,plays
5,plaza
5,plots
5,poems
5,point
5,poker
5,polar
5,polls
5,pools
5,porno
5,ports
5,posts
5,pound
5,power
5,press
5,price
5,pride
5,prime
5,print
5,prior
5,prize
5,probe
5,promo
5,proof
5,proud
5,prove
5,proxy
5,pulse
5,pumps
5,punch
5,puppy
5,purse
5,pussy
5,qatar
5,queen
5,query
5,quest
5,queue
5,quick
5,quiet
5,quilt
5,quite
5,quote
5,races
5,racks
5,radar
5,radio
5,raise
5,rally
5,ralph
5,ranch
5,randy
5,range
5,ranks
5,rapid
5,rated
5,rates
5,ratio
5,reach
5,reads
5,ready
5,realm
5,rebel
5,refer
5,rehab
5,relax
5,relay
5,remix
5,renew
5,reply
5,reset
5,retro
5,rhode
5,rider
5,rides
5,ridge
5,right
5,rings
5,risks
5,river
5,roads
5,robin
5,robot
5,rocks
5,rocky
5,roger
5,roles
5,rolls
5,roman
5,rooms
5,roots
5,roses
5,rouge
5,rough
5,round
5,route
5,rover
5,royal
5,rugby
5,ruled
5,rules
5,rural
5,safer
5,sagem
5,saint
5,salad
5,salem
5,sales
5,sally
5,salon
5,samba
5,samoa
5,sandy
5,santa
5,sanyo
5,sarah
5,satin
5,sauce
5,saudi
5,saved
5,saver
5,saves
5,sbjct
5,scale
5,scary
5,scene
5,scoop
5,scope
5,score
5,scott
5,scout
5,screw
5,scuba
5,seats
5,seeds
5,seeks
5,seems
5,sells
5,sends
5,sense
5,serum
5,serve
5,setup
5,seven
5,shade
5,shaft
5,shake
5,shall
5,shame
5,shape
5,share
5,shark
5,sharp
5,sheep
5,sheer
5,sheet
5,shelf
5,shell
5,shift
5,shine
5,ships
5,shirt
5,shock
5,shoes
5,shoot
5,shops
5,shore
5,short
5,shots
5,shown
5,shows
5,sides
5,sight
5,sigma
5,signs
5,silly
5,simon
5,since
5,singh
5,sites
5,sixth
5,sized
5,sizes
5,skill
5,skins
5,skirt
5,skype
5,slave
5,sleep
5,slide
5,slope
5,slots
5,sluts
5,small
5,smart
5,smell
5,smile
5,smith
5,smoke
5,snake
5,socks
5,solar
5,solid
5,solve
5,songs
5,sonic
5,sorry
5,sorts
5,souls
5,sound
5,south
5,space
5,spain
5,spank
5,sparc
5,spare
5,speak
5,specs
5,speed
5,spell
5,spend
5,spent
5,sperm
5,spice
5,spies
5,spine
5,split
5,spoke
5,sport
5,spots
5,spray
5,squad
5,stack
5,staff
5,stage
5,stamp
5,stand
5,stars
5,start
5,state
5,stats
5,stays
5,steal
5,steam
5,steel
5,steps
5,steve
5,stick
5,still
5,stock
5,stone
5,stood
5,stops
5,store
5,storm
5,story
5,strap
5,strip
5,stuck
5,study
5,stuff
5,style
5,sucks
5,sudan
5,sugar
5,suite
5,suits
5,sunny
5,super
5,surge
5,susan
5,sweet
5,swift
5,swing
5,swiss
5,sword
5,syria
5,table
5,tahoe
5,taken
5,takes
5,tales
5,talks
5,tamil
5,tampa
5,tanks
5,tapes
5,tasks
5,taste
5,taxes
5,teach
5,teams
5,tears
5,teddy
5,teens
5,teeth
5,tells
5,terms
5,terry
5,tests
5,texas
5,texts
5,thank
5,thats
5,theft
5,their
5,theme
5,there
5,these
5,thick
5,thing
5,think
5,third
5,thong
5,those
5,three
5,throw
5,thumb
5,tiger
5,tight
5,tiles
5,timer
5,times
5,tions
5,tired
5,tires
5,title
5,today
5,token
5,tokyo
5,tommy
5,toner
5,tones
5,tools
5,tooth
5,topic
5,total
5,touch
5,tough
5,tours
5,tower
5,towns
5,toxic
5,trace
5,track
5,tract
5,tracy
5,trade
5,trail
5,train
5,trans
5,trash
5,treat
5,trees
5,trend
5,trial
5,tribe
5,trick
5,tried
5,tries
5,trips
5,trout
5,truck
5,truly
5,trunk
5,trust
5,truth
5,tubes
5,tulsa
5,tumor
5,tuner
5,tunes
5,turbo
5,turns
5,tvcom
5,twice
5,twiki
5,twins
5,twist
5,tyler
5,types
5,ultra
5,uncle
5,under
5,union
5,units
5,unity
5,until
5,upper
5,upset
5,urban
5,usage
5,users
5,using
5,usual
5,utils
5,valid
5,value
5,valve
5,vault
5,vegas
5,venue
5,verde
5,verse
5,video
5,views
5,villa
5,vinyl
5,viral
5,virus
5,visit
5,vista
5,vital
5,vocal
5,voice
5,volvo
5,voted
5,votes
5,vsnet
5,wages
5,wagon
5,wales
5,walks
5,walls
5,wanna
5,wants
5,waste
5,watch
5,water
5,watts
5,waves
5,wayne
5,weeks
5,weird
5,wells
5,welsh
5,wendy
5,whale
5,whats
5,wheat
5,wheel
5,where
5,which
5,while
5,white
5,whole
5,whore
5,whose
5,wider
5,width
5,wiley
5,winds
5,wines
5,wings
5,wired
5,wires
5,witch
5,wives
5,woman
5,women
5,woods
5,words
5,works
5,world
5,worry
5,worse
5,worst
5,worth
5,would
5,wound
5,wrist
5,write
5,wrong
5,wrote
5,xanax
5,xerox
5,xhtml
5,yacht
5,yahoo
5,yards
5,years
5,yeast
5,yemen
5,yield
5,young
5,yours
5,youth
5,yukon
5,zdnet
5,zones
6,abroad
6,absent
6,accent
6,accept
6,access
6,across
6,acting
6,action
6,active
6,actors
6,actual
6,adding
6,adidas
6,adipex
6,adjust
6,adrian
6,adults
6,advert
6,advice
6,advise
6,adware
6,aerial
6,affair
6,affect
6,afford
6,afraid
6,africa
6,agency
6,agenda
6,agents
6,agreed
6,agrees
6,alaska
6,albany
6,albert
6,albums
6,alerts
6,alfred
6,allied
6,allows
6,almost
6,alpine
6,alumni
6,always
6,amanda
6,amazon
6,ambien
6,amount
6,analog
6,anchor
6,andale
6,andrea
6,andrew
6,angela
6,angels
6,angola
6,animal
6,annual
6,answer
6,anyone
6,anyway
6,apache
6,apollo
6,appeal
6,appear
6,approx
6,arabia
6,arabic
6,arcade
6,arctic
6,argued
6,arnold
6,around
6,arrest
6,arrive
6,arthur
6,artist
6,ashley
6,asking
6,aspect
6,aspnet
6,assess
6,assets
6,assign
6,assist
6,assume
6,assure
6,asthma
6,athens
6,atomic
6,attach
6,attack
6,attend
6,auburn
6,august
6,aurora
6,austin
6,author
6,autumn
6,avatar
6,avenue
6,awards
6,babies
6,backed
6,backup
6,bailey
6,baking
6,ballet
6,ballot
6,banana
6,banned
6,banner
6,barbie
6,barely
6,barnes
6,barrel
6,basics
6,basket
6,batman
6,battle
6,beauty
6,beaver
6,became
6,become
6,before
6,begins
6,behalf
6,behind
6,beings
6,belief
6,belize
6,belkin
6,belong
6,berlin
6,beside
6,better
6,beyond
6,bhutan
6,bidder
6,bigger
6,bikini
6,binary
6,bishop
6,blacks
6,blades
6,blocks
6,blonde
6,bloody
6,boards
6,bodies
6,border
6,boring
6,bosnia
6,boston
6,bother
6,bottle
6,bottom
6,bought
6,boxing
6,brakes
6,branch
6,brands
6,brazil
6,breach
6,breaks
6,breast
6,breath
6,breeds
6,bridal
6,bridge
6,briefs
6,bright
6,brings
6,broken
6,broker
6,bronze
6,brooks
6,browse
6,brunei
6,brutal
6,bryant
6,bubble
6,budget
6,buffer
6,bufing
6,builds
6,bullet
6,bumper
6,bundle
6,burden
6,bureau
6,buried
6,burner
6,burton
6,butler
6,butter
6,button
6,buyers
6,buying
6,cables
6,cached
6,called
6,calvin
6,camera
6,campus
6,canada
6,cancel
6,cancer
6,candle
6,cannon
6,canvas
6,canyon
6,carbon
6,career
6,caring
6,carlos
6,carmen
6,carpet
6,carter
6,casino
6,castle
6,casual
6,cattle
6,caught
6,caused
6,causes
6,cayman
6,celebs
6,celtic
6,cement
6,census
6,center
6,centre
6,chains
6,chairs
6,chance
6,change
6,chapel
6,charge
6,charms
6,charts
6,cheats
6,checks
6,cheers
6,cheese
6,cheque
6,cherry
6,chicks
6,choice
6,choose
6,chorus
6,chosen
6,christ
6,chrome
6,chubby
6,church
6,cialis
6,cinema
6,circle
6,circus
6,cities
6,claims
6,claire
6,clarke
6,clause
6,clicks
6,client
6,clinic
6,clocks
6,closed
6,closer
6,closes
6,clouds
6,cloudy
6,coated
6,coding
6,coffee
6,collar
6,colony
6,colors
6,colour
6,column
6,combat
6,comedy
6,comics
6,coming
6,commit
6,common
6,compaq
6,comply
6,condos
6,config
6,cooked
6,cookie
6,cooler
6,cooper
6,copied
6,copies
6,copper
6,corner
6,corpus
6,cotton
6,counts
6,county
6,couple
6,coupon
6,course
6,courts
6,covers
6,cowboy
6,cradle
6,crafts
6,create
6,credit
6,crimes
6,crisis
6,cruise
6,cursor
6,curtis
6,curves
6,custom
6,cycles
6,cyprus
6,dakota
6,dallas
6,damage
6,danger
6,daniel
6,danish
6,darwin
6,dating
6,dayton
6,deadly
6,dealer
6,deaths
6,debate
6,debian
6,decade
6,decent
6,decide
6,deemed
6,deeper
6,deeply
6,defeat
6,defend
6,define
6,degree
6,delays
6,delete
6,deluxe
6,demand
6,denial
6,denied
6,dennis
6,dental
6,denver
6,depend
6,deputy
6,desert
6,design
6,desire
6,detail
6,detect
6,device
6,dialog
6,diesel
6,differ
6,digest
6,dildos
6,dining
6,dinner
6,direct
6,dishes
6,disney
6,divide
6,divine
6,diving
6,doctor
6,dollar
6,domain
6,donald
6,donate
6,donors
6,dosage
6,double
6,dozens
6,dragon
6,dreams
6,drinks
6,driven
6,driver
6,drives
6,dublin
6,duncan
6,durham
6,during
6,duties
6,eagles
6,earned
6,easier
6,easily
6,easter
6,eating
6,ebooks
6,edited
6,editor
6,edward
6,effect
6,effort
6,either
6,eleven
6,emails
6,eminem
6,empire
6,employ
6,enable
6,ending
6,energy
6,engage
6,engine
6,enough
6,ensure
6,enters
6,entire
6,entity
6,enzyme
6,equity
6,erotic
6,errors
6,escape
6,escort
6,essays
6,estate
6,ethics
6,ethnic
6,eugene
6,europe
6,events
6,exceed
6,except
6,excess
6,excuse
6,exempt
6,exists
6,exotic
6,expand
6,expect
6,expert
6,export
6,extend
6,extent
6,extras
6,fabric
6,facial
6,facing
6,factor
6,failed
6,fairly
6,fallen
6,family
6,famous
6,farmer
6,faster
6,father
6,favors
6,favour
6,fellow
6,female
6,fetish
6,fields
6,figure
6,filing
6,filled
6,filter
6,finals
6,finder
6,finest
6,finger
6,finish
6,finite
6,fiscal
6,fisher
6,fitted
6,flavor
6,fleece
6,flickr
6,flight
6,floors
6,floppy
6,floral
6,flower
6,flying
6,folder
6,follow
6,forbes
6,forced
6,forces
6,forest
6,forget
6,forgot
6,formal
6,format
6,formed
6,former
6,forums
6,fossil
6,foster
6,fought
6,fourth
6,framed
6,frames
6,france
6,fraser
6,freely
6,freeze
6,french
6,friday
6,fridge
6,friend
6,frozen
6,fruits
6,fucked
6,funded
6,fusion
6,future
6,gained
6,galaxy
6,gaming
6,garage
6,garcia
6,garden
6,garlic
6,garmin
6,gather
6,gender
6,geneva
6,genius
6,genome
6,genres
6,gentle
6,gently
6,george
6,gerald
6,german
6,giants
6,gibson
6,giving
6,glance
6,global
6,gloves
6,golden
6,google
6,gordon
6,gospel
6,gossip
6,gothic
6,gotten
6,grades
6,graham
6,grande
6,granny
6,grants
6,graphs
6,gratis
6,greece
6,greene
6,groove
6,ground
6,groups
6,growth
6,guards
6,guests
6,guided
6,guides
6,guilty
6,guinea
6,guitar
6,guyana
6,habits
6,hacker
6,hammer
6,handed
6,handle
6,hansen
6,happen
6,harbor
6,harder
6,hardly
6,harley
6,harold
6,harper
6,harris
6,harvey
6,having
6,hawaii
6,hazard
6,headed
6,header
6,health
6,hearts
6,heated
6,heater
6,heaven
6,hebrew
6,height
6,helena
6,helmet
6,helped
6,hentai
6,herald
6,herbal
6,hereby
6,herein
6,heroes
6,hidden
6,higher
6,highly
6,hiking
6,hilton
6,hiring
6,hockey
6,holdem
6,holder
6,hollow
6,holmes
6,honest
6,honors
6,hoping
6,horror
6,horses
6,hosted
6,hostel
6,hotels
6,hourly
6,houses
6,howard
6,hudson
6,hughes
6,humans
6,hunger
6,hungry
6,hunter
6,hybrid
6,ignore
6,images
6,immune
6,impact
6,import
6,impose
6,incest
6,inches
6,income
6,indeed
6,indian
6,indoor
6,infant
6,inform
6,injury
6,inkjet
6,inline
6,inputs
6,insert
6,inside
6,intake
6,intend
6,intent
6,invest
6,invite
6,island
6,israel
6,issued
6,issues
6,italia
6,italic
6,itself
6,itunes
6,jacket
6,jackie
6,jaguar
6,jeremy
6,jersey
6,jewish
6,johnny
6,joined
6,jordan
6,joseph
6,joshua
6,judges
6,julian
6,jungle
6,junior
6,justin
6,kansas
6,kelkoo
6,kernel
6,kidney
6,kijiji
6,killed
6,killer
6,kinase
6,knight
6,knives
6,korean
6,kruger
6,kuwait
6,labels
6,labour
6,ladder
6,ladies
6,lambda
6,laptop
6,larger
6,lately
6,latest
6,latina
6,latino
6,latter
6,latvia
6,launch
6,lauren
6,lawyer
6,layers
6,layout
6,leader
6,league
6,leaves
6,legacy
6,legend
6,lender
6,length
6,lenses
6,leslie
6,lesser
6,lesson
6,letter
6,levels
6,liable
6,lights
6,likely
6,limits
6,linear
6,linked
6,liquid
6,listed
6,listen
6,little
6,living
6,loaded
6,locale
6,locate
6,locked
6,logged
6,lolita
6,london
6,lonely
6,longer
6,looked
6,lookup
6,losing
6,losses
6,louise
6,lounge
6,lovely
6,lovers
6,loving
6,lowest
6,luther
6,luxury
6,lyrics
6,madrid
6,magnet
6,maiden
6,mailed
6,mailto
6,mainly
6,makers
6,makeup
6,making
6,malawi
6,manage
6,manner
6,manual
6,marble
6,marcus
6,margin
6,mariah
6,marina
6,marine
6,marion
6,marked
6,marker
6,market
6,martha
6,martin
6,marvel
6,master
6,mating
6,matrix
6,matter
6,mature
6,median
6,medium
6,meetup
6,member
6,memory
6,mental
6,mentor
6,merely
6,merger
6,metals
6,meters
6,method
6,metres
6,metric
6,mexico
6,michel
6,middle
6,mighty
6,miller
6,milton
6,mining
6,minute
6,mirror
6,missed
6,mixing
6,mobile
6,models
6,modems
6,modern
6,modify
6,module
6,moment
6,monaco
6,monday
6,monica
6,monkey
6,monroe
6,months
6,morgan
6,morris
6,moscow
6,mostly
6,motels
6,mother
6,motion
6,motors
6,mounts
6,movers
6,movies
6,moving
6,msgstr
6,mumbai
6,munich
6,murder
6,murphy
6,murray
6,muscle
6,museum
6,muslim
6,mutual
6,myrtle
6,myself
6,namely
6,naples
6,narrow
6,nascar
6,nasdaq
6,nathan
6,nation
6,native
6,nature
6,nearby
6,nearly
6,needed
6,needle
6,nelson
6,nested
6,neural
6,nevada
6,newark
6,newbie
6,newest
6,newton
6,nextel
6,nickel
6,nicole
6,nights
6,nipple
6,nissan
6,nobody
6,normal
6,norman
6,norton
6,norway
6,notice
6,notify
6,notion
6,novels
6,nudist
6,nudity
6,number
6,nurses
6,nutten
6,nvidia
6,object
6,obtain
6,occurs
6,offers
6,office
6,offset
6,oldest
6,oliver
6,online
6,opened
6,optics
6,option
6,oracle
6,orange
6,orders
6,oregon
6,orgasm
6,origin
6,others
6,ottawa
6,outlet
6,output
6,owners
6,oxford
6,oxygen
6,packed
6,packet
6,palace
6,palmer
6,pamela
6,panama
6,panels
6,papers
6,parade
6,parcel
6,parent
6,parish
6,parker
6,partly
6,passed
6,passes
6,pastor
6,patent
6,patrol
6,payday
6,paying
6,paypal
6,peeing
6,pencil
6,people
6,pepper
6,period
6,permit
6,person
6,petite
6,phases
6,philip
6,phones
6,photos
6,phrase
6,picked
6,pickup
6,picnic
6,pieces
6,pierce
6,pierre
6,pillow
6,pixels
6,placed
6,places
6,plains
6,planes
6,planet
6,plants
6,plasma
6,plates
6,played
6,player
6,please
6,pledge
6,plenty
6,plugin
6,pocket
6,poetry
6,points
6,poland
6,police
6,policy
6,polish
6,portal
6,porter
6,posing
6,postal
6,posted
6,poster
6,potato
6,potter
6,pounds
6,powder
6,powell
6,powers
6,prague
6,praise
6,prayer
6,prefer
6,prefix
6,pretty
6,priced
6,prices
6,priest
6,prince
6,prints
6,prison
6,prizes
6,profit
6,prompt
6,proper
6,proved
6,proven
6,prozac
6,public
6,pubmed
6,puerto
6,pulled
6,pupils
6,purple
6,pursue
6,pushed
6,puzzle
6,python
6,quebec
6,queens
6,quoted
6,quotes
6,rabbit
6,rachel
6,racial
6,racing
6,radios
6,radius
6,raised
6,raises
6,random
6,ranges
6,ranked
6,rapids
6,rarely
6,rather
6,rating
6,ratios
6,reader
6,really
6,realty
6,reason
6,rebate
6,recall
6,recent
6,recipe
6,record
6,redeem
6,reduce
6,refers
6,refine
6,reform
6,refund
6,refuse
6,regard
6,reggae
6,regime
6,region
6,reject
6,relate
6,relief
6,reload
6,remain
6,remark
6,remedy
6,remind
6,remote
6,remove
6,render
6,rental
6,repair
6,repeat
6,report
6,rescue
6,resist
6,resort
6,result
6,resume
6,retail
6,retain
6,return
6,reveal
6,review
6,reward
6,rhythm
6,ribbon
6,riders
6,riding
6,rights
6,rising
6,rivers
6,robert
6,robots
6,robust
6,rocket
6,rogers
6,roland
6,rolled
6,roller
6,ronald
6,roster
6,rotary
6,rounds
6,router
6,routes
6,rubber
6,ruling
6,runner
6,russia
6,rwanda
6,sacred
6,saddam
6,safari
6,safely
6,safety
6,saints
6,salary
6,salmon
6,sample
6,samuel
6,sandra
6,saturn
6,savage
6,saving
6,saying
6,scales
6,scenes
6,scenic
6,schema
6,scheme
6,school
6,scored
6,scores
6,scotia
6,screen
6,script
6,scroll
6,sealed
6,search
6,season
6,second
6,secret
6,sector
6,secure
6,seeing
6,seeker
6,seemed
6,select
6,seller
6,senate
6,sender
6,senior
6,sensor
6,serbia
6,serial
6,series
6,served
6,server
6,serves
6,settle
6,severe
6,sewing
6,sexcam
6,sexual
6,shades
6,shadow
6,shaped
6,shapes
6,shared
6,shares
6,sharon
6,shaved
6,sheets
6,shield
6,shirts
6,shorts
6,should
6,showed
6,shower
6,sierra
6,signal
6,signed
6,signup
6,silent
6,silver
6,simple
6,simply
6,singer
6,single
6,sister
6,skiing
6,skills
6,skirts
6,sleeps
6,sleeve
6,slides
6,slight
6,slovak
6,slowly
6,smooth
6,soccer
6,social
6,socket
6,sodium
6,solely
6,solved
6,sorted
6,sought
6,sounds
6,source
6,soviet
6,spaces
6,speaks
6,spears
6,speech
6,speeds
6,sphere
6,spider
6,spirit
6,spoken
6,sports
6,spouse
6,spread
6,spring
6,sprint
6,square
6,squirt
6,stable
6,stages
6,stamps
6,stands
6,starts
6,stated
6,states
6,static
6,status
6,stayed
6,steady
6,stereo
6,steven
6,sticks
6,sticky
6,stocks
6,stolen
6,stones
6,stored
6,stores
6,strain
6,strand
6,stream
6,street
6,stress
6,strict
6,strike
6,string
6,strips
6,stroke
6,strong
6,struck
6,struct
6,stuart
6,studio
6,stupid
6,styles
6,stylus
6,subaru
6,submit
6,subtle
6,sudden
6,suffer
6,suited
6,suites
6,summer
6,summit
6,sunday
6,sunset
6,superb
6,supply
6,surely
6,surrey
6,survey
6,sussex
6,suzuki
6,sweden
6,switch
6,sydney
6,symbol
6,syntax
6,system
6,tables
6,tablet
6,tackle
6,tagged
6,taiwan
6,taking
6,talent
6,talked
6,target
6,tariff
6,tattoo
6,taught
6,taylor
6,techno
6,temple
6,tenant
6,tender
6,tennis
6,terror
6,tested
6,thanks
6,thehun
6,themes
6,theory
6,thesis
6,things
6,thinks
6,thirty
6,thomas
6,thongs
6,though
6,thread
6,threat
6,throat
6,thrown
6,throws
6,thumbs
6,ticket
6,tigers
6,timber
6,timely
6,timing
6,tissue
6,titans
6,titled
6,titles
6,titten
6,tobago
6,toilet
6,tomato
6,tongue
6,topics
6,totals
6,toward
6,towers
6,toyota
6,tracks
6,trader
6,trades
6,trails
6,trains
6,trance
6,tranny
6,trauma
6,travel
6,travis
6,treaty
6,trembl
6,trends
6,trials
6,tribal
6,tribes
6,tricks
6,triple
6,trivia
6,troops
6,trucks
6,trusts
6,trying
6,tucson
6,tuning
6,tunnel
6,turkey
6,turned
6,turner
6,turtle
6,twelve
6,twenty
6,twinks
6,typing
6,uganda
6,ultram
6,unable
6,unions
6,unique
6,united
6,unless
6,unlike
6,unlock
6,unwrap
6,update
6,upload
6,urgent
6,useful
6,vacuum
6,vagina
6,valium
6,valley
6,valued
6,values
6,valves
6,varied
6,varies
6,vector
6,velvet
6,vendor
6,venice
6,venues
6,verbal
6,verify
6,vernon
6,versus
6,vertex
6,vessel
6,viagra
6,victim
6,victor
6,videos
6,vienna
6,viewed
6,viewer
6,viking
6,villas
6,violin
6,virgin
6,virtue
6,vision
6,visits
6,visual
6,vocals
6,voices
6,volume
6,voters
6,voting
6,voyeur
6,voyuer
6,wagner
6,waiver
6,walked
6,walker
6,wallet
6,walnut
6,walter
6,wanted
6,warned
6,warner
6,warren
6,washer
6,waters
6,watson
6,wealth
6,weapon
6,webcam
6,weblog
6,weekly
6,weight
6,wesley
6,wheels
6,whilst
6,wicked
6,widely
6,willow
6,wilson
6,window
6,winner
6,winter
6,wiring
6,wisdom
6,wishes
6,within
6,wizard
6,womens
6,wonder
6,wooden
6,worked
6,worker
6,worlds
6,worthy
6,wright
6,writer
6,writes
6,yamaha
6,yearly
6,yellow
6,yields
6,zambia
6,zoloft
6,zoning
6,zshops
7,ability
7,abraham
7,absence
7,academy
7,accepts
7,account
7,accused
7,achieve
7,acquire
7,acrobat
7,acrylic
7,actions
7,actress
7,adapted
7,adapter
7,adaptor
7,address
7,adopted
7,advance
7,adverse
7,advised
7,advisor
7,affairs
7,affects
7,african
7,against
7,airfare
7,airline
7,airport
7,alabama
7,albania
7,alberta
7,alcohol
7,algebra
7,algeria
7,alleged
7,allergy
7,allowed
7,already
7,altered
7,amateur
7,amazing
7,ambient
7,amended
7,america
7,amongst
7,amounts
7,ampland
7,anaheim
7,analyst
7,analyze
7,anatomy
7,ancient
7,andorra
7,andreas
7,andrews
7,angeles
7,animals
7,another
7,answers
7,antenna
7,anthony
7,antigua
7,antique
7,antonio
7,anxiety
7,anybody
7,anymore
7,anytime
7,apparel
7,appeals
7,appears
7,applied
7,applies
7,approve
7,aquatic
7,archive
7,arising
7,arizona
7,armenia
7,arrange
7,arrival
7,arrived
7,arrives
7,article
7,artists
7,artwork
7,aspects
7,assault
7,assists
7,assumed
7,assumes
7,assured
7,atlanta
7,attacks
7,attempt
7,attract
7,auction
7,auditor
7,austria
7,authors
7,average
7,awarded
7,awesome
7,backing
7,baghdad
7,bahamas
7,bahrain
7,balance
7,balloon
7,bangbus
7,bangkok
7,banking
7,banners
7,baptist
7,barbara
7,bargain
7,barrier
7,baskets
7,battery
7,beaches
7,bearing
7,beatles
7,because
7,becomes
7,bedding
7,bedford
7,bedroom
7,beijing
7,belarus
7,belfast
7,belgium
7,beliefs
7,believe
7,belongs
7,beneath
7,benefit
7,bennett
7,bermuda
7,bernard
7,besides
7,betting
7,between
7,beverly
7,bicycle
7,bidding
7,biggest
7,billing
7,billion
7,binding
7,biology
7,bizarre
7,bizrate
7,blanket
7,blessed
7,blocked
7,blogger
7,blowing
7,blowjob
7,boating
7,bolivia
7,bondage
7,booking
7,boolean
7,borders
7,borough
7,bottles
7,boulder
7,bouquet
7,bowling
7,bracket
7,bradley
7,brandon
7,breasts
7,bridges
7,briefly
7,bristol
7,britain
7,british
7,britney
7,broader
7,brokers
7,brother
7,brought
7,browser
7,budgets
7,buffalo
7,builder
7,bukkake
7,burning
7,buttons
7,cabinet
7,calcium
7,calgary
7,calling
7,cameras
7,cameron
7,camping
7,candles
7,capable
7,capital
7,capitol
7,captain
7,capture
7,cardiac
7,cardiff
7,careers
7,careful
7,carried
7,carrier
7,carries
7,carroll
7,cartoon
7,casinos
7,casting
7,catalog
7,causing
7,caution
7,ceiling
7,centers
7,central
7,centres
7,century
7,ceramic
7,certain
7,chamber
7,chances
7,changed
7,changes
7,channel
7,chapter
7,charged
7,charger
7,charges
7,charity
7,charles
7,charlie
7,charter
7,chassis
7,cheaper
7,checked
7,chelsea
7,chester
7,chicago
7,chicken
7,chinese
7,choices
7,chronic
7,circles
7,circuit
7,citizen
7,claimed
7,clarity
7,classes
7,classic
7,cleaner
7,cleanup
7,cleared
7,clearly
7,clients
7,climate
7,clinics
7,clinton
7,closely
7,closest
7,closing
7,closure
7,clothes
7,cluster
7,cnetcom
7,coaches
7,coastal
7,coating
7,coleman
7,collect
7,college
7,collins
7,cologne
7,colored
7,colours
7,columns
7,combine
7,comfort
7,command
7,comment
7,commons
7,compact
7,company
7,compare
7,compete
7,compile
7,complex
7,compute
7,concept
7,concern
7,concert
7,concord
7,conduct
7,confirm
7,connect
7,consent
7,consist
7,console
7,consult
7,contact
7,contain
7,content
7,contest
7,context
7,control
7,convert
7,cookies
7,cooking
7,cooling
7,copying
7,cornell
7,corners
7,correct
7,costume
7,cottage
7,council
7,counsel
7,counted
7,counter
7,country
7,coupled
7,couples
7,coupons
7,courage
7,courier
7,courses
7,covered
7,created
7,creates
7,creator
7,credits
7,cricket
7,critics
7,croatia
7,crucial
7,cruises
7,crystal
7,cuisine
7,culture
7,cumshot
7,curious
7,current
7,custody
7,customs
7,cutting
7,cycling
7,damaged
7,damages
7,dancing
7,dealers
7,dealing
7,deborah
7,decades
7,decided
7,decimal
7,declare
7,decline
7,default
7,defects
7,defence
7,defense
7,deficit
7,defined
7,defines
7,degrees
7,delayed
7,deleted
7,delight
7,deliver
7,demands
7,denmark
7,density
7,depends
7,deposit
7,derived
7,deserve
7,designs
7,desired
7,desktop
7,despite
7,destiny
7,destroy
7,details
7,detroit
7,deutsch
7,develop
7,deviant
7,devices
7,devoted
7,diagram
7,diamond
7,dietary
7,digital
7,diploma
7,disable
7,discuss
7,disease
7,display
7,dispute
7,distant
7,diverse
7,divided
7,divorce
7,doctors
7,dollars
7,domains
7,donated
7,douglas
7,drawing
7,dressed
7,dresses
7,drivers
7,driving
7,dropped
7,durable
7,dynamic
7,earlier
7,earning
7,eastern
7,eclipse
7,ecology
7,economy
7,ecuador
7,editing
7,edition
7,editors
7,edwards
7,effects
7,efforts
7,elderly
7,elected
7,electro
7,elegant
7,element
7,elliott
7,embassy
7,emerald
7,emperor
7,enabled
7,enables
7,endless
7,enemies
7,engaged
7,engines
7,england
7,english
7,enhance
7,enjoyed
7,enlarge
7,enquiry
7,ensures
7,entered
7,entries
7,episode
7,equally
7,erotica
7,escorts
7,essence
7,estates
7,estonia
7,eternal
7,ethical
7,evening
7,evident
7,exactly
7,examine
7,example
7,excerpt
7,excited
7,exclude
7,execute
7,exhaust
7,exhibit
7,existed
7,expects
7,expedia
7,expense
7,experts
7,expired
7,expires
7,explain
7,explore
7,exports
7,exposed
7,express
7,extends
7,extract
7,extreme
7,fabrics
7,factors
7,factory
7,faculty
7,failing
7,failure
7,falling
7,fantasy
7,farmers
7,farming
7,fashion
7,fastest
7,fathers
7,feature
7,federal
7,feeding
7,feeling
7,females
7,ferrari
7,fiction
7,fifteen
7,fighter
7,figured
7,figures
7,filling
7,filters
7,finally
7,finance
7,finding
7,findlaw
7,fingers
7,finland
7,finnish
7,firefox
7,fishing
7,fisting
7,fitness
7,fitting
7,flights
7,florida
7,florist
7,flowers
7,focused
7,focuses
7,folders
7,folding
7,follows
7,footage
7,foreign
7,forests
7,forever
7,formats
7,forming
7,formula
7,fortune
7,forward
7,founded
7,founder
7,framing
7,francis
7,freebsd
7,freedom
7,freight
7,friends
7,fucking
7,fujitsu
7,funding
7,funeral
7,further
7,futures
7,gabriel
7,gadgets
7,gallery
7,garbage
7,gardens
7,gateway
7,gazette
7,general
7,generic
7,genesis
7,genetic
7,genuine
7,geology
7,georgia
7,germany
7,getting
7,gilbert
7,glasgow
7,glasses
7,glucose
7,gourmet
7,grammar
7,granted
7,graphic
7,gratuit
7,gravity
7,greater
7,greatly
7,gregory
7,grenada
7,griffin
7,grocery
7,grounds
7,growing
7,guitars
7,habitat
7,halfcom
7,halifax
7,hamburg
7,hampton
7,handjob
7,handled
7,handles
7,hanging
7,happens
7,harbour
7,harmful
7,harmony
7,harvard
7,harvest
7,hazards
7,headers
7,heading
7,headset
7,healing
7,healthy
7,hearing
7,heather
7,heating
7,heavily
7,heights
7,helpful
7,helping
7,herself
7,hewlett
7,highest
7,highway
7,himself
7,history
7,hitachi
7,hitting
7,hobbies
7,holders
7,holding
7,holiday
7,holland
7,hopkins
7,horizon
7,hormone
7,hostels
7,hosting
7,hotmail
7,hottest
7,housing
7,houston
7,however
7,hundred
7,hungary
7,hunting
7,husband
7,hygiene
7,hyundai
7,iceland
7,ignored
7,illegal
7,illness
7,imagine
7,imaging
7,impacts
7,implied
7,implies
7,imports
7,imposed
7,improve
7,include
7,indexed
7,indexes
7,indiana
7,indians
7,indices
7,induced
7,infants
7,initial
7,injured
7,inquire
7,inquiry
7,insects
7,insider
7,insight
7,install
7,instant
7,instead
7,insulin
7,insured
7,integer
7,intense
7,interim
7,invalid
7,invited
7,invoice
7,involve
7,ireland
7,islamic
7,islands
7,israeli
7,italian
7,jackets
7,jackson
7,jamaica
7,january
7,jeffrey
7,jelsoft
7,jessica
7,jewelry
7,johnson
7,joining
7,journal
7,journey
7,jumping
7,justice
7,justify
7,karaoke
7,katrina
7,keeping
7,kennedy
7,kenneth
7,keyword
7,killing
7,kingdom
7,kissing
7,kitchen
7,knights
7,knowing
7,labeled
7,landing
7,laptops
7,largely
7,largest
7,lasting
7,latinas
7,laundry
7,lawsuit
7,lawyers
7,leaders
7,leading
7,learned
7,leasing
7,leather
7,leaving
7,lebanon
7,lecture
7,legally
7,legends
7,leisure
7,lenders
7,lending
7,leonard
7,lesbian
7,lessons
7,letters
7,letting
7,levitra
7,lexmark
7,liberal
7,liberia
7,liberty
7,library
7,licence
7,license
7,licking
7,lighter
7,limited
7,lincoln
7,lindsay
7,linking
7,listing
7,livecam
7,livesex
7,loading
7,locally
7,located
7,locator
7,locking
7,lodging
7,logging
7,logical
7,longest
7,looking
7,lottery
7,luggage
7,machine
7,madison
7,madness
7,madonna
7,magical
7,mailing
7,mailman
7,managed
7,manager
7,mandate
7,manuals
7,mapping
7,marilyn
7,markers
7,markets
7,marking
7,married
7,martial
7,massage
7,massive
7,masters
7,matched
7,matches
7,matters
7,matthew
7,maximum
7,meaning
7,measure
7,medical
7,medline
7,meeting
7,melissa
7,members
7,memphis
7,mention
7,mercury
7,message
7,methods
7,mexican
7,michael
7,midwest
7,mileage
7,million
7,mineral
7,minimal
7,minimum
7,minolta
7,minutes
7,miracle
7,mirrors
7,missile
7,missing
7,mission
7,mistake
7,mixture
7,mobiles
7,modular
7,modules
7,moldova
7,moments
7,monitor
7,monster
7,montana
7,monthly
7,morning
7,morocco
7,mothers
7,mounted
7,mozilla
7,muscles
7,museums
7,musical
7,muslims
7,mustang
7,myanmar
7,mysimon
7,myspace
7,mystery
7,namibia
7,nations
7,natural
7,naughty
7,nearest
7,neither
7,nervous
7,network
7,neutral
7,newport
7,newscom
7,niagara
7,nigeria
7,nipples
7,nirvana
7,norfolk
7,nothing
7,noticed
7,notices
7,novelty
7,nowhere
7,nuclear
7,numbers
7,numeric
7,nursery
7,nursing
7,oakland
7,obesity
7,objects
7,observe
7,obvious
7,october
7,offense
7,offered
7,officer
7,offices
7,offline
7,olympic
7,olympus
7,ongoing
7,ontario
7,opening
7,operate
7,opinion
7,opposed
7,optical
7,optimal
7,optimum
7,options
7,ordered
7,organic
7,origins
7,orlando
7,orleans
7,outcome
7,outdoor
7,outline
7,outlook
7,outputs
7,outside
7,overall
7,pacific
7,package
7,packard
7,packets
7,packing
7,painful
7,painted
7,panties
7,parents
7,parking
7,partial
7,parties
7,partner
7,passage
7,passing
7,passion
7,passive
7,patches
7,patents
7,patient
7,patrick
7,pattern
7,payable
7,payment
7,payroll
7,penalty
7,pendant
7,pending
7,penguin
7,pension
7,pentium
7,peoples
7,percent
7,perfect
7,perform
7,perfume
7,perhaps
7,periods
7,permits
7,persian
7,persons
7,phantom
7,philips
7,phoenix
7,phrases
7,physics
7,picking
7,picture
7,pioneer
7,pirates
7,pissing
7,placing
7,planets
7,planned
7,planner
7,plastic
7,playboy
7,players
7,playing
7,pleased
7,plugins
7,pockets
7,podcast
7,pointed
7,pointer
7,pokemon
7,polymer
7,pontiac
7,popular
7,porsche
7,portion
7,possess
7,postage
7,posters
7,posting
7,pottery
7,poultry
7,poverty
7,powered
7,prairie
7,prayers
7,precise
7,predict
7,prefers
7,premier
7,premium
7,prepaid
7,prepare
7,present
7,pressed
7,preston
7,prevent
7,preview
7,pricing
7,primary
7,printed
7,printer
7,privacy
7,private
7,problem
7,proceed
7,process
7,produce
7,product
7,profile
7,profits
7,program
7,project
7,promise
7,promote
7,prophet
7,propose
7,protect
7,protein
7,protest
7,proudly
7,provide
7,publish
7,pulling
7,purpose
7,pursuit
7,pushing
7,putting
7,puzzles
7,qualify
7,quality
7,quantum
7,quarter
7,queries
7,quickly
7,quizzes
7,radical
7,railway
7,rainbow
7,raising
7,raleigh
7,rangers
7,ranging
7,ranking
7,rapidly
7,ratings
7,raymond
7,reached
7,reaches
7,readers
7,readily
7,reading
7,reality
7,realize
7,realtor
7,reasons
7,rebates
7,rebecca
7,rebound
7,receipt
7,receive
7,recipes
7,records
7,recover
7,redhead
7,reduced
7,reduces
7,refined
7,reflect
7,reforms
7,refresh
7,refused
7,regards
7,regions
7,regular
7,related
7,relates
7,release
7,relying
7,remains
7,remarks
7,removal
7,removed
7,renewal
7,rentals
7,rentcom
7,repairs
7,replace
7,replica
7,replied
7,replies
7,reports
7,reprint
7,request
7,require
7,reserve
7,resolve
7,resorts
7,respect
7,respond
7,restore
7,results
7,resumes
7,retired
7,retreat
7,returns
7,reunion
7,reuters
7,reveals
7,revenge
7,revenue
7,reverse
7,reviews
7,revised
7,rewards
7,richard
7,roberts
7,rolling
7,romance
7,romania
7,roughly
7,routers
7,routine
7,routing
7,royalty
7,running
7,runtime
7,russell
7,russian
7,sailing
7,samples
7,samsung
7,satisfy
7,savings
7,scanned
7,scanner
7,schemes
7,scholar
7,schools
7,science
7,scoring
7,scratch
7,screens
7,scripts
7,seafood
7,seasons
7,seating
7,seattle
7,seconds
7,secrets
7,section
7,sectors
7,secured
7,seekers
7,seeking
7,segment
7,sellers
7,selling
7,seminar
7,senator
7,sending
7,senegal
7,seniors
7,sensors
7,serious
7,servers
7,service
7,serving
7,session
7,setting
7,settled
7,seventh
7,several
7,shadows
7,shakira
7,shannon
7,sharing
7,shelter
7,shemale
7,sheriff
7,sherman
7,shipped
7,shopper
7,shorter
7,shortly
7,showers
7,showing
7,shuttle
7,siemens
7,signals
7,signing
7,silence
7,silicon
7,similar
7,simpson
7,singing
7,singles
7,sisters
7,sitemap
7,sitting
7,skating
7,skilled
7,smaller
7,smilies
7,smoking
7,society
7,solaris
7,soldier
7,solomon
7,solving
7,somalia
7,somehow
7,someone
7,soonest
7,sources
7,spanish
7,spatial
7,speaker
7,special
7,species
7,specify
7,spencer
7,spirits
7,sponsor
7,springs
7,spyware
7,stadium
7,stanley
7,started
7,starter
7,startup
7,stating
7,station
7,statute
7,staying
7,stephen
7,stevens
7,stewart
7,sticker
7,stomach
7,stopped
7,storage
7,stories
7,strange
7,streams
7,streets
7,stretch
7,strikes
7,strings
7,stripes
7,student
7,studied
7,studies
7,studios
7,stuffed
7,stylish
7,subject
7,sublime
7,succeed
7,success
7,sucking
7,suggest
7,suicide
7,summary
7,sunrise
7,support
7,suppose
7,supreme
7,surface
7,surfing
7,surgeon
7,surgery
7,surname
7,surplus
7,surveys
7,survive
7,suspect
7,swedish
7,symbols
7,systems
7,tablets
7,tactics
7,talking
7,targets
7,teacher
7,teaches
7,teenage
7,telecom
7,telling
7,tension
7,terrace
7,terrain
7,testing
7,textile
7,texture
7,theater
7,theatre
7,theorem
7,therapy
7,thereby
7,thereof
7,thermal
7,thomson
7,thought
7,threads
7,threats
7,through
7,thunder
7,tickets
7,tiffany
7,timothy
7,tobacco
7,toddler
7,tonight
7,toolbar
7,toolbox
7,toolkit
7,topless
7,toronto
7,torture
7,toshiba
7,totally
7,touched
7,touring
7,tourism
7,tourist
7,towards
7,tracked
7,tracker
7,tractor
7,trading
7,traffic
7,tragedy
7,trailer
7,trained
7,trainer
7,transit
7,travels
7,treated
7,tribune
7,tribute
7,trigger
7,trinity
7,triumph
7,trouble
7,trusted
7,trustee
7,tsunami
7,tuesday
7,tuition
7,tunisia
7,turkish
7,turning
7,twisted
7,typical
7,ukraine
7,unified
7,uniform
7,unknown
7,unusual
7,updated
7,updates
7,upgrade
7,upskirt
7,uruguay
7,usually
7,utility
7,utilize
7,vaccine
7,vampire
7,vanilla
7,variety
7,various
7,varying
7,vatican
7,vehicle
7,vendors
7,venture
7,verizon
7,vermont
7,version
7,vessels
7,veteran
7,victims
7,victory
7,vietnam
7,viewers
7,viewing
7,village
7,vincent
7,vintage
7,violent
7,virtual
7,viruses
7,visible
7,visited
7,visitor
7,vitamin
7,voltage
7,volumes
7,waiting
7,walking
7,wallace
7,wanting
7,warming
7,warning
7,warrant
7,warrior
7,washing
7,watched
7,watches
7,weapons
7,wearing
7,weather
7,webcams
7,webcast
7,weblogs
7,webpage
7,website
7,webster
7,wedding
7,weekend
7,weights
7,welcome
7,welding
7,welfare
7,western
7,whereas
7,whether
7,wichita
7,william
7,willing
7,windows
7,windsor
7,winners
7,winning
7,winston
7,without
7,witness
7,workers
7,working
7,workout
7,worried
7,worship
7,wrapped
7,writers
7,writing
7,written
7,wyoming
7,younger
7,zealand
8,aberdeen
8,abortion
8,absolute
8,abstract
8,academic
8,accepted
8,accessed
8,accident
8,accounts
8,accuracy
8,accurate
8,achieved
8,acoustic
8,acquired
8,actively
8,activity
8,actually
8,adapters
8,adaptive
8,addition
8,adelaide
8,adequate
8,adjacent
8,adjusted
8,admitted
8,adoption
8,advanced
8,advances
8,advisors
8,advisory
8,advocacy
8,advocate
8,affected
8,agencies
8,aircraft
8,airlines
8,airplane
8,airports
8,alliance
8,allowing
8,although
8,aluminum
8,american
8,americas
8,analyses
8,analysis
8,analysts
8,analyzed
8,anderson
8,animated
8,announce
8,annoying
8,annually
8,answered
8,antibody
8,antiques
8,anything
8,anywhere
8,apparent
8,appeared
8,appendix
8,applying
8,approach
8,approval
8,approved
8,aquarium
8,archived
8,archives
8,argument
8,arkansas
8,arranged
8,arrested
8,arrivals
8,articles
8,artistic
8,asbestos
8,assembly
8,assessed
8,assigned
8,assisted
8,assuming
8,athletes
8,athletic
8,atlantic
8,attached
8,attacked
8,attempts
8,attended
8,attitude
8,attorney
8,auckland
8,auctions
8,audience
8,aviation
8,avoiding
8,bachelor
8,bacteria
8,balanced
8,barbados
8,bargains
8,barriers
8,baseball
8,baseline
8,basement
8,basename
8,bathroom
8,becoming
8,bedrooms
8,beginner
8,behavior
8,believed
8,believes
8,benefits
8,benjamin
8,berkeley
8,beverage
8,biblical
8,birthday
8,bleeding
8,blocking
8,bloggers
8,blogging
8,blowjobs
8,bookings
8,bookmark
8,botswana
8,boundary
8,boutique
8,bracelet
8,bradford
8,branches
8,breaking
8,breeding
8,briefing
8,brighton
8,bringing
8,brisbane
8,broadway
8,brochure
8,brooklyn
8,brothers
8,browsers
8,browsing
8,brunette
8,brussels
8,budapest
8,builders
8,building
8,bulgaria
8,bulletin
8,business
8,cabinets
8,cadillac
8,calendar
8,cambodia
8,cameroon
8,campaign
8,campbell
8,canadian
8,canberra
8,capacity
8,captured
8,carnival
8,carolina
8,caroline
8,carriers
8,carrying
8,cartoons
8,cashiers
8,cassette
8,catalogs
8,catalyst
8,category
8,catering
8,catholic
8,cellular
8,cemetery
8,centered
8,ceremony
8,chairman
8,chambers
8,champion
8,changing
8,channels
8,chapters
8,chargers
8,charging
8,charming
8,cheapest
8,checking
8,checkout
8,chemical
8,children
8,choosing
8,chrysler
8,churches
8,cingular
8,circuits
8,circular
8,citation
8,citizens
8,civilian
8,classics
8,cleaners
8,cleaning
8,clearing
8,clicking
8,climbing
8,clinical
8,clothing
8,clusters
8,coaching
8,collapse
8,colleges
8,colombia
8,colonial
8,colorado
8,columbia
8,columbus
8,combined
8,combines
8,commands
8,comments
8,commerce
8,commonly
8,compared
8,compiled
8,compiler
8,complete
8,composed
8,composer
8,compound
8,computed
8,computer
8,concepts
8,concerns
8,concerts
8,conclude
8,concrete
8,conflict
8,confused
8,congress
8,consider
8,consists
8,consoles
8,constant
8,consumer
8,contacts
8,contains
8,contents
8,contests
8,continue
8,contract
8,contrary
8,contrast
8,controls
8,cookbook
8,cordless
8,cornwall
8,cosmetic
8,costumes
8,cottages
8,councils
8,counters
8,counties
8,counting
8,courtesy
8,coverage
8,covering
8,crawford
8,creating
8,creation
8,creative
8,creature
8,criminal
8,criteria
8,critical
8,crossing
8,cultural
8,cultures
8,cumshots
8,currency
8,customer
8,cylinder
8,darkness
8,database
8,daughter
8,davidson
8,deadline
8,dealtime
8,december
8,decision
8,declared
8,declined
8,decrease
8,deferred
8,defining
8,delaware
8,delivers
8,delivery
8,democrat
8,dentists
8,deposits
8,describe
8,designed
8,designer
8,desktops
8,detailed
8,detected
8,detector
8,deutsche
8,develops
8,diabetes
8,dialogue
8,diameter
8,diamonds
8,directed
8,directly
8,director
8,disabled
8,disagree
8,disaster
8,disclose
8,discount
8,discover
8,discrete
8,diseases
8,disorder
8,dispatch
8,displays
8,disposal
8,disputes
8,distance
8,distinct
8,district
8,dividend
8,division
8,doctrine
8,document
8,domestic
8,dominant
8,donation
8,download
8,downtown
8,drainage
8,dramatic
8,drawings
8,dressing
8,drilling
8,drinking
8,duration
8,dynamics
8,earliest
8,earnings
8,earrings
8,economic
8,editions
8,edmonton
8,educated
8,egyptian
8,election
8,electric
8,electron
8,elements
8,elephant
8,eligible
8,embedded
8,emerging
8,emirates
8,emission
8,emotions
8,emphasis
8,employed
8,employee
8,employer
8,enabling
8,enclosed
8,encoding
8,endorsed
8,engaging
8,engineer
8,enhanced
8,enjoying
8,enormous
8,enrolled
8,ensemble
8,ensuring
8,entering
8,entirely
8,entities
8,entitled
8,entrance
8,envelope
8,epinions
8,episodes
8,equality
8,equation
8,equipped
8,ericsson
8,estimate
8,ethernet
8,ethiopia
8,european
8,evaluate
8,everyday
8,everyone
8,evidence
8,examined
8,examines
8,examples
8,exchange
8,exciting
8,excluded
8,executed
8,exercise
8,exhibits
8,existing
8,expanded
8,expansys
8,expected
8,expenses
8,explains
8,explicit
8,explorer
8,exposure
8,extended
8,exterior
8,external
8,fabulous
8,facility
8,failures
8,familiar
8,families
8,favorite
8,featured
8,features
8,february
8,feedback
8,feelings
8,festival
8,fighters
8,fighting
8,filename
8,finances
8,findings
8,finished
8,fioricet
8,firewall
8,firewire
8,firmware
8,fixtures
8,flashers
8,flashing
8,flexible
8,floating
8,flooring
8,florence
8,florists
8,focusing
8,followed
8,football
8,footwear
8,forecast
8,forestry
8,formerly
8,fountain
8,fraction
8,franklin
8,freeware
8,frequent
8,friendly
8,frontier
8,function
8,gambling
8,gamecube
8,gamespot
8,gangbang
8,gasoline
8,gathered
8,generate
8,generous
8,genetics
8,geometry
8,glossary
8,gorgeous
8,governor
8,graduate
8,graphics
8,grateful
8,greatest
8,greeting
8,guardian
8,guidance
8,hamilton
8,handbags
8,handbook
8,handheld
8,handjobs
8,handling
8,handmade
8,happened
8,hardcore
8,hardware
8,hardwood
8,harrison
8,hartford
8,hawaiian
8,headline
8,hearings
8,heritage
8,highland
8,highways
8,hispanic
8,historic
8,holdings
8,holidays
8,homeland
8,homeless
8,homepage
8,hometown
8,homework
8,honduras
8,honolulu
8,horrible
8,hospital
8,humanity
8,humidity
8,hundreds
8,hydrogen
8,identify
8,identity
8,illinois
8,impaired
8,imperial
8,imported
8,improved
8,incident
8,included
8,includes
8,incoming
8,increase
8,incurred
8,indicate
8,indirect
8,industry
8,infected
8,infinite
8,informal
8,informed
8,infrared
8,injuries
8,innocent
8,inserted
8,insights
8,inspired
8,instance
8,integral
8,intended
8,interact
8,interest
8,interior
8,internal
8,internet
8,interval
8,intimate
8,intranet
8,invasion
8,investor
8,invision
8,involved
8,involves
8,isolated
8,istanbul
8,italiano
8,japanese
8,jennifer
8,johnston
8,jonathan
8,journals
8,judgment
8,judicial
8,junction
8,juvenile
8,kentucky
8,keyboard
8,keywords
8,kingston
8,knitting
8,language
8,latitude
8,laughing
8,launched
8,launches
8,lawrence
8,learners
8,learning
8,lectures
8,lesbians
8,licensed
8,licenses
8,lifetime
8,lighting
8,likewise
8,limiting
8,lingerie
8,listings
8,literacy
8,literary
8,location
8,logitech
8,machines
8,magazine
8,magnetic
8,mainland
8,maintain
8,majority
8,malaysia
8,maldives
8,managers
8,managing
8,manitoba
8,manually
8,marathon
8,margaret
8,maritime
8,marriage
8,marriott
8,marshall
8,maryland
8,matching
8,material
8,mattress
8,maximize
8,mcdonald
8,measured
8,measures
8,medicaid
8,medicare
8,medicine
8,medieval
8,meetings
8,membrane
8,memorial
8,memories
8,mercedes
8,merchant
8,messages
8,metadata
8,metallic
8,michelle
8,michigan
8,midlands
8,midnight
8,military
8,millions
8,minerals
8,minimize
8,minister
8,ministry
8,minority
8,missions
8,missouri
8,mistakes
8,mistress
8,mitchell
8,mobility
8,modeling
8,moderate
8,modified
8,moisture
8,momentum
8,monetary
8,mongolia
8,monitors
8,montreal
8,moreover
8,morrison
8,mortgage
8,motorola
8,mountain
8,mounting
8,movement
8,multiple
8,musician
8,national
8,naturals
8,navigate
8,nebraska
8,necklace
8,negative
8,neighbor
8,netscape
8,networks
8,nicholas
8,nickname
8,nintendo
8,nitrogen
8,normally
8,northern
8,notebook
8,notified
8,november
8,numerous
8,observed
8,observer
8,obtained
8,occasion
8,occupied
8,occurred
8,offering
8,officers
8,official
8,offshore
8,oklahoma
8,olympics
8,openings
8,operated
8,operates
8,operator
8,opinions
8,opponent
8,opposite
8,optimize
8,optional
8,ordering
8,ordinary
8,organize
8,oriental
8,oriented
8,original
8,outcomes
8,outdoors
8,outlined
8,outreach
8,overcome
8,overhead
8,overseas
8,overview
8,packages
8,painting
8,pakistan
8,paradise
8,paraguay
8,parallel
8,parental
8,particle
8,partners
8,passport
8,password
8,patients
8,patricia
8,patterns
8,pavilion
8,payments
8,peaceful
8,pensions
8,performs
8,periodic
8,personal
8,peterson
8,petition
8,pharmacy
8,phillips
8,physical
8,pictures
8,pipeline
8,planners
8,planning
8,plastics
8,platform
8,platinum
8,playback
8,playlist
8,pleasant
8,pleasure
8,plumbing
8,plymouth
8,podcasts
8,pointing
8,policies
8,polished
8,politics
8,portable
8,portions
8,portland
8,portrait
8,portugal
8,position
8,positive
8,possible
8,possibly
8,postcard
8,postings
8,potatoes
8,powerful
8,practice
8,precious
8,pregnant
8,premiere
8,premises
8,prepared
8,presence
8,presents
8,preserve
8,pressing
8,pressure
8,previews
8,previous
8,princess
8,printers
8,printing
8,priority
8,prisoner
8,probably
8,problems
8,proceeds
8,produced
8,producer
8,produces
8,products
8,profiles
8,programs
8,progress
8,projects
8,promised
8,promises
8,promoted
8,promotes
8,promptly
8,propecia
8,properly
8,property
8,proposal
8,proposed
8,prospect
8,prostate
8,proteins
8,protocol
8,provided
8,provider
8,provides
8,province
8,publicly
8,purchase
8,purposes
8,pursuant
8,quantity
8,quarters
8,question
8,railroad
8,rankings
8,rational
8,reaching
8,reaction
8,readings
8,realized
8,realtors
8,received
8,receiver
8,receives
8,recently
8,receptor
8,recorded
8,recorder
8,recovery
8,reducing
8,referral
8,referred
8,reflects
8,refugees
8,regarded
8,regional
8,register
8,registry
8,rejected
8,relating
8,relation
8,relative
8,released
8,releases
8,relevant
8,reliable
8,reliance
8,religion
8,remained
8,remedies
8,remember
8,reminder
8,removing
8,rendered
8,repeated
8,replaced
8,reported
8,reporter
8,reprints
8,republic
8,requests
8,required
8,requires
8,research
8,reseller
8,reserved
8,reserves
8,resident
8,resolved
8,resource
8,response
8,restored
8,restrict
8,resulted
8,retailer
8,retained
8,retrieve
8,returned
8,revealed
8,revenues
8,reviewed
8,reviewer
8,revision
8,reynolds
8,richards
8,richmond
8,ringtone
8,robinson
8,romantic
8,roommate
8,rotation
8,roulette
8,routines
8,salaries
8,salvador
8,sampling
8,sandwich
8,sapphire
8,saturday
8,savannah
8,scanners
8,scanning
8,scenario
8,schedule
8,scholars
8,sciences
8,scotland
8,scottish
8,searched
8,searches
8,seasonal
8,sections
8,securely
8,security
8,segments
8,selected
8,semester
8,seminars
8,senators
8,sentence
8,separate
8,sequence
8,services
8,sessions
8,settings
8,sexually
8,shanghai
8,shemales
8,shepherd
8,shipment
8,shipping
8,shooting
8,shoppers
8,shopping
8,shoulder
8,showcase
8,simpsons
8,situated
8,sleeping
8,slightly
8,slovakia
8,slovenia
8,snapshot
8,softball
8,software
8,soldiers
8,solution
8,somebody
8,somerset
8,somewhat
8,southern
8,spanking
8,speakers
8,speaking
8,specials
8,specific
8,spectrum
8,speeches
8,spelling
8,spending
8,sponsors
8,sporting
8,springer
8,staffing
8,standard
8,standing
8,stanford
8,starring
8,starting
8,stations
8,statutes
8,steering
8,sterling
8,stickers
8,stopping
8,straight
8,stranger
8,strategy
8,strength
8,strictly
8,striking
8,stronger
8,strongly
8,struggle
8,students
8,studying
8,stunning
8,subjects
8,suburban
8,suddenly
8,suffered
8,suggests
8,suitable
8,sullivan
8,sunshine
8,superior
8,supplied
8,supplier
8,supplies
8,supports
8,supposed
8,surfaces
8,surgeons
8,surgical
8,surprise
8,surround
8,survival
8,survivor
8,swimming
8,swingers
8,switched
8,switches
8,symantec
8,sympathy
8,symphony
8,symptoms
8,syndrome
8,synopsis
8,syracuse
8,talented
8,tanzania
8,targeted
8,taxation
8,teachers
8,teaching
8,template
8,temporal
8,terminal
8,terrible
8,textbook
8,textiles
8,thailand
8,theaters
8,theology
8,theories
8,thinking
8,thinkpad
8,thompson
8,thorough
8,thoughts
8,thousand
8,threaded
8,thriller
8,throwing
8,thursday
8,timeline
8,titanium
8,together
8,tomatoes
8,tomorrow
8,township
8,tracking
8,trailers
8,trainers
8,training
8,tramadol
8,transfer
8,transmit
8,traveler
8,travesti
8,treasure
8,treasury
8,treating
8,triangle
8,tribunal
8,trinidad
8,tropical
8,trustees
8,tutorial
8,ultimate
8,universe
8,unlikely
8,unsigned
8,untitled
8,upcoming
8,updating
8,upgrades
8,uploaded
8,upskirts
8,username
8,vacation
8,validity
8,valuable
8,variable
8,variance
8,vehicles
8,velocity
8,ventures
8,verified
8,versions
8,vertical
8,veterans
8,vibrator
8,victoria
8,villages
8,violence
8,virginia
8,visiting
8,visitors
8,vitamins
8,warcraft
8,warnings
8,warranty
8,warriors
8,watching
8,webshots
8,websites
8,weddings
8,weekends
8,weighted
8,wellness
8,whatever
8,whenever
8,wherever
8,wildlife
8,williams
8,wireless
8,wishlist
8,workflow
8,workshop
8,worldcat
8,worldsex
8,wrapping
8,writings
8,yourself
8,zimbabwe
9,abandoned
9,abilities
9,abstracts
9,academics
9,accepting
9,accessing
9,accessory
9,accidents
9,according
9,achieving
9,activated
9,activists
9,addiction
9,additions
9,addressed
9,addresses
9,admission
9,advantage
9,adventure
9,advertise
9,aerospace
9,affecting
9,affiliate
9,afternoon
9,aggregate
9,agreement
9,alexander
9,algorithm
9,alignment
9,allocated
9,allowance
9,alternate
9,aluminium
9,amazoncom
9,amendment
9,amenities
9,americans
9,amplifier
9,amsterdam
9,animation
9,annotated
9,announced
9,announces
9,anonymous
9,answering
9,antivirus
9,apartment
9,apparatus
9,appearing
9,appliance
9,applicant
9,appointed
9,appraisal
9,arbitrary
9,architect
9,argentina
9,arguments
9,arlington
9,armstrong
9,arthritis
9,assembled
9,assessing
9,assistant
9,associate
9,assurance
9,astrology
9,astronomy
9,athletics
9,attempted
9,attending
9,attention
9,attitudes
9,attorneys
9,attribute
9,australia
9,authentic
9,authority
9,automated
9,automatic
9,available
9,awareness
9,bacterial
9,baltimore
9,bandwidth
9,barcelona
9,basically
9,bathrooms
9,batteries
9,beautiful
9,beginners
9,beginning
9,behaviour
9,benchmark
9,beverages
9,biography
9,blackjack
9,bloomberg
9,bluetooth
9,bookmarks
9,bookstore
9,boulevard
9,bracelets
9,brazilian
9,breakdown
9,breakfast
9,breathing
9,brilliant
9,broadband
9,broadcast
9,brochures
9,brunswick
9,buildings
9,bulgarian
9,butterfly
9,calculate
9,calendars
9,cambridge
9,camcorder
9,campaigns
9,cancelled
9,candidate
9,carefully
9,caribbean
9,cartridge
9,catalogue
9,cathedral
9,catherine
9,celebrate
9,celebrity
9,centuries
9,certainly
9,certified
9,challenge
9,champagne
9,champions
9,changelog
9,character
9,charlotte
9,checklist
9,chemicals
9,chemistry
9,chevrolet
9,childhood
9,childrens
9,chocolate
9,christian
9,christina
9,christine
9,christmas
9,chronicle
9,cigarette
9,citations
9,classical
9,classroom
9,clearance
9,cleveland
9,coalition
9,cognitive
9,colleague
9,collected
9,collector
9,combining
9,commander
9,commented
9,committed
9,committee
9,commodity
9,communist
9,community
9,companies
9,companion
9,comparing
9,competent
9,competing
9,complaint
9,completed
9,compliant
9,component
9,composite
9,compounds
9,computers
9,computing
9,concerned
9,concluded
9,condition
9,conducted
9,confident
9,configure
9,confirmed
9,conflicts
9,confusion
9,connected
9,connector
9,conscious
9,consensus
9,considers
9,construct
9,consumers
9,contacted
9,contained
9,container
9,continent
9,continued
9,continues
9,contracts
9,converted
9,converter
9,convicted
9,convinced
9,copyright
9,corporate
9,corrected
9,correctly
9,cosmetics
9,countries
9,creations
9,creatures
9,criterion
9,criticism
9,crossword
9,currently
9,customers
9,customise
9,customize
9,dangerous
9,databases
9,daughters
9,decisions
9,decreased
9,dedicated
9,defendant
9,defensive
9,delicious
9,delivered
9,demanding
9,democracy
9,democrats
9,departure
9,dependent
9,depending
9,described
9,describes
9,designers
9,designing
9,desirable
9,desperate
9,destroyed
9,detection
9,detective
9,determine
9,developed
9,developer
9,deviation
9,diagnosis
9,different
9,difficult
9,dimension
9,direction
9,directive
9,directors
9,directory
9,discharge
9,discounts
9,discovery
9,discussed
9,discusses
9,disorders
9,displayed
9,distances
9,districts
9,disturbed
9,diversity
9,divisions
9,documents
9,dominican
9,donations
9,downloads
9,duplicate
9,ecommerce
9,economics
9,economies
9,edinburgh
9,editorial
9,education
9,educators
9,effective
9,efficient
9,elections
9,electoral
9,elevation
9,eliminate
9,elizabeth
9,elsewhere
9,emergency
9,emissions
9,emotional
9,empirical
9,employees
9,employers
9,enclosure
9,encounter
9,encourage
9,engineers
9,enhancing
9,enquiries
9,equations
9,equipment
9,essential
9,establish
9,estimated
9,estimates
9,evaluated
9,everybody
9,evolution
9,examining
9,excellent
9,exception
9,excessive
9,exchanges
9,excluding
9,exclusion
9,exclusive
9,execution
9,executive
9,exemption
9,exercises
9,existence
9,expanding
9,expansion
9,expensive
9,expertise
9,explained
9,exploring
9,explosion
9,expressed
9,extending
9,extension
9,extensive
9,extremely
9,fairfield
9,fantastic
9,favorites
9,favourite
9,featuring
9,festivals
9,filtering
9,financial
9,financing
9,fingering
9,finishing
9,fireplace
9,fisheries
9,following
9,forbidden
9,forecasts
9,forgotten
9,formation
9,fragrance
9,framework
9,franchise
9,francisco
9,frankfurt
9,frederick
9,freelance
9,frequency
9,frontpage
9,functions
9,furnished
9,furniture
9,galleries
9,gardening
9,gathering
9,genealogy
9,generally
9,generated
9,generates
9,generator
9,gentleman
9,geography
9,gibraltar
9,governing
9,gradually
9,graduated
9,graduates
9,graphical
9,greetings
9,guarantee
9,guatemala
9,guestbook
9,halloween
9,hampshire
9,handhelds
9,happening
9,happiness
9,hardcover
9,hazardous
9,headlines
9,henderson
9,hepatitis
9,hierarchy
9,highlight
9,hollywood
9,holocaust
9,hopefully
9,hospitals
9,hotelscom
9,household
9,hungarian
9,hurricane
9,hydraulic
9,identical
9,immediate
9,implement
9,important
9,impressed
9,improving
9,incentive
9,incidence
9,incidents
9,including
9,inclusion
9,inclusive
9,incorrect
9,increased
9,increases
9,indicated
9,indicates
9,indicator
9,indonesia
9,induction
9,infection
9,inflation
9,influence
9,inherited
9,initially
9,initiated
9,injection
9,inquiries
9,insertion
9,inspector
9,installed
9,instances
9,instantly
9,institute
9,insurance
9,integrate
9,integrity
9,intensity
9,intensive
9,intention
9,interests
9,interface
9,intervals
9,interview
9,introduce
9,invention
9,inventory
9,investing
9,investors
9,invisible
9,involving
9,isolation
9,jefferson
9,jerusalem
9,jewellery
9,keyboards
9,knowledge
9,lafayette
9,lancaster
9,landscape
9,languages
9,legendary
9,lexington
9,liability
9,librarian
9,libraries
9,licensing
9,lifestyle
9,lightning
9,listening
9,listprice
9,literally
9,lithuania
9,liverpool
9,livestock
9,locations
9,logistics
9,longitude
9,looksmart
9,louisiana
9,macedonia
9,machinery
9,macintosh
9,magazines
9,magnitude
9,maintains
9,mandatory
9,manhattan
9,marijuana
9,marketing
9,materials
9,maternity
9,mauritius
9,meanwhile
9,measuring
9,mechanics
9,mechanism
9,medicines
9,melbourne
9,mentioned
9,merchants
9,messaging
9,messenger
9,metallica
9,microsoft
9,microwave
9,migration
9,milwaukee
9,miniature
9,ministers
9,minnesota
9,modelling
9,moderator
9,molecular
9,molecules
9,monitored
9,mortality
9,mortgages
9,motivated
9,mountains
9,movements
9,municipal
9,musicians
9,namespace
9,narrative
9,nashville
9,naturally
9,navigator
9,necessary
9,necessity
9,neighbors
9,newcastle
9,newspaper
9,nicaragua
9,nightlife
9,nightmare
9,nominated
9,nonprofit
9,northeast
9,northwest
9,norwegian
9,notebooks
9,numerical
9,nutrition
9,objective
9,obtaining
9,obviously
9,occasions
9,occurring
9,offensive
9,offerings
9,officials
9,omissions
9,operating
9,operation
9,operators
9,opponents
9,orchestra
9,ordinance
9,organised
9,organisms
9,organized
9,organizer
9,otherwise
9,ourselves
9,overnight
9,ownership
9,packaging
9,paintball
9,paintings
9,palestine
9,panasonic
9,pantyhose
9,paperback
9,paragraph
9,parameter
9,parenting
9,partially
9,particles
9,partition
9,passenger
9,passwords
9,pathology
9,pediatric
9,penalties
9,peninsula
9,perceived
9,perfectly
9,performed
9,performer
9,permalink
9,permanent
9,permitted
9,personals
9,personnel
9,petroleum
9,photoshop
9,physician
9,pichunter
9,placement
9,plaintiff
9,platforms
9,political
9,pollution
9,polyester
9,porcelain
9,portfolio
9,portraits
9,positions
9,postcards
9,potential
9,practical
9,practices
9,preceding
9,precisely
9,precision
9,predicted
9,preferred
9,pregnancy
9,preparing
9,presented
9,presently
9,president
9,primarily
9,princeton
9,principal
9,principle
9,printable
9,prisoners
9,privilege
9,procedure
9,processed
9,processes
9,processor
9,producers
9,producing
9,professor
9,programme
9,projected
9,projector
9,prominent
9,promising
9,promoting
9,promotion
9,proposals
9,prospects
9,prostores
9,protected
9,protocols
9,prototype
9,providers
9,providing
9,provinces
9,provision
9,publicity
9,published
9,publisher
9,purchased
9,purchases
9,qualified
9,qualities
9,quarterly
9,questions
9,radiation
9,reactions
9,realistic
9,reasoning
9,receivers
9,receiving
9,reception
9,receptors
9,recipient
9,recognize
9,recommend
9,recorders
9,recording
9,recovered
9,recycling
9,reduction
9,reference
9,referrals
9,referring
9,refinance
9,reflected
9,regarding
9,registrar
9,regularly
9,regulated
9,relations
9,relatives
9,relevance
9,religions
9,religious
9,remainder
9,remaining
9,removable
9,rendering
9,renewable
9,replacing
9,reporters
9,reporting
9,represent
9,reproduce
9,requested
9,requiring
9,reservoir
9,residence
9,residents
9,resistant
9,resources
9,respected
9,responded
9,responses
9,resulting
9,retailers
9,retention
9,retrieval
9,retrieved
9,returning
9,reviewing
9,revisions
9,ringtones
9,riverside
9,robertson
9,rochester
9,roommates
9,sacrifice
9,salvation
9,satellite
9,satisfied
9,scenarios
9,scheduled
9,schedules
9,scientist
9,screening
9,scripting
9,sculpture
9,searchcom
9,searching
9,secondary
9,secretary
9,selecting
9,selection
9,selective
9,sensitive
9,sentences
9,separated
9,september
9,sequences
9,seriously
9,sexuality
9,shareware
9,sheffield
9,shipments
9,shopzilla
9,shortcuts
9,showtimes
9,signature
9,similarly
9,singapore
9,situation
9,slideshow
9,snowboard
9,societies
9,sociology
9,solutions
9,something
9,sometimes
9,somewhere
9,southeast
9,southwest
9,specially
9,specialty
9,specifics
9,specified
9,specifies
9,spiritual
9,spokesman
9,sponsored
9,spotlight
9,spreading
9,squirting
9,stability
9,stainless
9,standards
9,standings
9,statement
9,statewide
9,statutory
9,stephanie
9,stockholm
9,stockings
9,strategic
9,streaming
9,strengths
9,structure
9,submitted
9,subscribe
9,substance
9,suffering
9,suggested
9,summaries
9,suppliers
9,supported
9,surprised
9,survivors
9,suspected
9,suspended
9,sustained
9,switching
9,symposium
9,syndicate
9,synthesis
9,synthetic
9,technical
9,technique
9,telephone
9,telephony
9,telescope
9,templates
9,temporary
9,tennessee
9,terminals
9,territory
9,terrorism
9,terrorist
9,testament
9,testimony
9,textbooks
9,therapist
9,therefore
9,thesaurus
9,thickness
9,thousands
9,threesome
9,threshold
9,thumbnail
9,tolerance
9,trackback
9,trademark
9,tradition
9,transfers
9,transform
9,translate
9,transport
9,travelers
9,traveling
9,traveller
9,treasurer
9,treasures
9,treatment
9,tutorials
9,typically
9,undefined
9,undertake
9,underwear
9,uniprotkb
9,universal
9,unlimited
9,upgrading
9,utilities
9,vacancies
9,vacations
9,valentine
9,valuation
9,vancouver
9,variables
9,variation
9,vbulletin
9,vegetable
9,venezuela
9,vibrators
9,victorian
9,violation
9,virtually
9,voluntary
9,volunteer
9,voyeurweb
9,wallpaper
9,warehouse
9,watershed
9,webmaster
9,wednesday
9,wholesale
9,wikipedia
9,wisconsin
9,witnesses
9,wonderful
9,wondering
9,worcester
9,wordpress
9,workforce
9,workplace
9,workshops
9,worldwide
9,wrestling
9,yesterday
9,yorkshire
9,zoophilia
10,aboriginal
10,absolutely
10,absorption
10,acceptable
10,acceptance
10,accessible
10,accomplish
10,accordance
10,accounting
10,accredited
10,accurately
10,acdbentity
10,activation
10,activities
10,adaptation
10,additional
10,addressing
10,adjustable
10,adjustment
10,admissions
10,adolescent
10,advantages
10,adventures
10,advertiser
10,affiliated
10,affiliates
10,affordable
10,afterwards
10,aggressive
10,agreements
10,alexandria
10,algorithms
10,allocation
10,amazoncouk
10,ambassador
10,amendments
10,analytical
10,annotation
10,antarctica
10,antibodies
10,apartments
10,apparently
10,appearance
10,appliances
10,applicable
10,applicants
10,appreciate
10,approaches
10,architects
10,artificial
10,assessment
10,assignment
10,assistance
10,associated
10,associates
10,assumption
10,atmosphere
10,attachment
10,attempting
10,attendance
10,attraction
10,attractive
10,attributes
10,australian
10,authorized
10,automation
10,automobile
10,automotive
10,azerbaijan
10,background
10,bangladesh
10,bankruptcy
10,basketball
10,beastality
10,behavioral
10,beneficial
10,bestiality
10,biological
10,birmingham
10,blackberry
10,boundaries
10,britannica
10,burlington
10,businesses
10,calculated
10,calculator
10,california
10,camcorders
10,candidates
10,capability
10,cartridges
10,categories
10,challenged
10,challenges
10,chancellor
10,characters
10,charitable
10,charleston
10,christians
10,chronicles
10,cigarettes
10,cincinnati
10,citysearch
10,classified
10,colleagues
10,collecting
10,collection
10,collective
10,collectors
10,columnists
10,commentary
10,commercial
10,commission
10,commitment
10,committees
10,comparable
10,comparison
10,compatible
10,complaints
10,complement
10,completely
10,completing
10,completion
10,complexity
10,compliance
10,components
10,compressed
10,compromise
10,conceptual
10,concerning
10,conclusion
10,conditions
10,conducting
10,conference
10,confidence
10,configured
10,connecting
10,connection
10,connectors
10,considered
10,consistent
10,consisting
10,consortium
10,conspiracy
10,constantly
10,constitute
10,constraint
10,consultant
10,consulting
10,contacting
10,containers
10,containing
10,continuing
10,continuity
10,continuous
10,contractor
10,contribute
10,controlled
10,controller
10,convenient
10,convention
10,conversion
10,conviction
10,coordinate
10,copyrights
10,correction
10,corruption
10,counseling
10,creativity
10,cumulative
10,currencies
10,curriculum
10,customized
10,decorating
10,decorative
10,definitely
10,definition
10,delegation
10,delivering
10,democratic
10,department
10,dependence
10,deployment
10,depression
10,descending
10,describing
10,designated
10,determined
10,determines
10,developers
10,developing
10,diagnostic
10,dictionary
10,difference
10,difficulty
10,dimensions
10,directions
10,disability
10,discipline
10,disclaimer
10,disclosure
10,discounted
10,discovered
10,discretion
10,discussing
10,discussion
10,dispatched
10,displaying
10,distribute
10,documented
10,downloaded
10,earthquake
10,ecological
10,editorials
10,efficiency
10,electrical
10,electronic
10,elementary
10,employment
10,encouraged
10,encourages
10,encryption
10,endangered
10,engagement
10,enrollment
10,enterprise
10,equivalent
10,especially
10,essentials
10,estimation
10,evaluating
10,evaluation
10,eventually
10,everything
10,everywhere
10,excellence
10,exceptions
10,excitement
10,executives
10,exhibition
10,experience
10,experiment
10,expiration
10,explaining
10,explicitly
10,expression
10,extensions
10,extraction
10,facilitate
10,facilities
10,favourites
10,federation
10,fellowship
10,formatting
10,forwarding
10,foundation
10,fragrances
10,frequently
10,friendship
10,functional
10,generating
10,generation
10,generators
10,geographic
10,geological
10,girlfriend
10,governance
10,government
10,graduation
10,greenhouse
10,greensboro
10,guaranteed
10,guarantees
10,guidelines
10,harassment
10,headphones
10,healthcare
10,helicopter
10,highlights
10,historical
10,horizontal
10,households
10,housewares
10,housewives
10,humanities
10,huntington
10,hypothesis
10,identified
10,identifier
10,identifies
10,immigrants
10,immunology
10,importance
10,impossible
10,impression
10,impressive
10,incentives
10,incomplete
10,increasing
10,incredible
10,indicating
10,indication
10,indicators
10,indigenous
10,individual
10,indonesian
10,industrial
10,industries
10,infections
10,infectious
10,influenced
10,influences
10,initiative
10,innovation
10,innovative
10,inspection
10,installing
10,institutes
10,instructor
10,instrument
10,integrated
10,interested
10,interfaces
10,internship
10,interstate
10,interviews
10,introduced
10,introduces
10,investment
10,invitation
10,irrigation
10,javascript
10,journalism
10,journalist
10,kazakhstan
10,kilometers
10,laboratory
10,landscapes
10,lauderdale
10,leadership
10,legitimate
10,likelihood
10,limitation
10,limousines
10,literature
10,litigation
10,louisville
10,luxembourg
10,macromedia
10,madagascar
10,mainstream
10,maintained
10,management
10,manchester
10,mastercard
10,meaningful
10,mechanical
10,mechanisms
10,medication
10,meditation
10,membership
10,metabolism
10,microphone
10,milfhunter
10,millennium
10,ministries
10,mitsubishi
10,moderators
10,monitoring
10,montgomery
10,motivation
10,motorcycle
10,mozambique
10,multimedia
10,mysterious
10,nationally
10,nationwide
10,navigation
10,networking
10,newsletter
10,newspapers
10,nomination
10,nottingham
10,obituaries
10,objectives
10,obligation
10,occasional
10,occupation
10,occurrence
10,officially
10,operations
10,opposition
10,organizing
10,originally
10,paperbacks
10,paragraphs
10,parameters
10,parliament
10,particular
10,passengers
10,percentage
10,perception
10,performing
10,peripheral
10,permission
10,persistent
10,personally
10,petersburg
10,pharmacies
10,phenomenon
10,philosophy
10,photograph
10,physically
10,physicians
10,physiology
10,pittsburgh
10,polyphonic
10,popularity
10,population
10,portsmouth
10,portuguese
10,possession
10,postposted
10,powerpoint
10,prediction
10,preference
10,prescribed
10,presenting
10,preventing
10,prevention
10,previously
10,principles
10,priorities
10,privileges
10,procedures
10,proceeding
10,processing
10,processors
10,production
10,productive
10,profession
10,programmer
10,programmes
10,prohibited
10,projection
10,projectors
10,promotions
10,properties
10,proportion
10,protecting
10,protection
10,protective
10,providence
10,provincial
10,provisions
10,psychiatry
10,psychology
10,publishers
10,publishing
10,punishment
10,purchasing
10,qualifying
10,quantities
10,queensland
10,quotations
10,reasonable
10,reasonably
10,recipients
10,recognised
10,recognized
10,recommends
10,recordings
10,recreation
10,recruiting
10,reductions
10,referenced
10,references
10,reflection
10,regardless
10,registered
10,regression
10,regulation
10,regulatory
10,relatively
10,relaxation
10,relocation
10,remarkable
10,remembered
10,repository
10,represents
10,reproduced
10,republican
10,reputation
10,requesting
10,researcher
10,resistance
10,resolution
10,respective
10,respondent
10,responding
10,restaurant
10,restricted
10,retirement
10,revelation
10,revolution
10,richardson
10,sacramento
10,scheduling
10,scientific
10,scientists
10,screenshot
10,securities
10,selections
10,separately
10,separation
10,settlement
10,shoppercom
10,signatures
10,simplified
10,simulation
10,situations
10,soundtrack
10,specialist
10,statements
10,stationery
10,statistics
10,strategies
10,strengthen
10,structural
10,structured
10,structures
10,submission
10,submitting
10,subscriber
10,subsection
10,subsequent
10,subsidiary
10,substances
10,substitute
10,successful
10,sufficient
10,suggesting
10,suggestion
10,sunglasses
10,supervisor
10,supplement
10,supporters
10,supporting
10,surprising
10,surrounded
10,suspension
10,systematic
10,technician
10,techniques
10,technology
10,television
10,terrorists
10,themselves
10,thereafter
10,thoroughly
10,threatened
10,throughout
10,thumbnails
10,thumbzilla
10,tournament
10,trackbacks
10,trademarks
10,traditions
10,transcript
10,transexual
10,transition
10,translated
10,translator
10,travelling
10,treatments
10,tremendous
10,ultimately
10,underlying
10,understand
10,understood
10,undertaken
10,unexpected
10,university
10,uzbekistan
10,validation
10,variations
10,vegetables
10,vegetarian
10,vegetation
10,veterinary
10,vietnamese
10,violations
10,visibility
10,vocabulary
10,vocational
10,volkswagen
10,volleyball
10,volunteers
10,vulnerable
10,wallpapers
10,warranties
10,washington
10,waterproof
10,webmasters
10,wellington
10,widescreen
10,widespread
10,wilderness
10,withdrawal
10,yugoslavia
11,accessories
11,accommodate
11,accompanied
11,accordingly
11,achievement
11,acknowledge
11,acquisition
11,adjustments
11,advancement
11,advertisers
11,advertising
11,affiliation
11,afghanistan
11,agriculture
11,albuquerque
11,alternative
11,anniversary
11,anticipated
11,application
11,appointment
11,appreciated
11,appropriate
11,approximate
11,arbitration
11,arrangement
11,assessments
11,assignments
11,association
11,assumptions
11,atmospheric
11,attachments
11,attractions
11,authorities
11,automobiles
11,backgrounds
11,battlefield
11,beastiality
11,beautifully
11,bestsellers
11,biographies
11,calculation
11,calculators
11,calibration
11,celebration
11,celebrities
11,certificate
11,challenging
11,cholesterol
11,christopher
11,circulation
11,citizenship
11,classifieds
11,collectible
11,collections
11,combination
11,comfortable
11,commissions
11,commitments
11,commodities
11,communicate
11,communities
11,comparative
11,comparisons
11,competition
11,competitive
11,competitors
11,compilation
11,complicated
11,composition
11,compression
11,computation
11,concentrate
11,conclusions
11,conditional
11,conferences
11,configuring
11,conjunction
11,connecticut
11,connections
11,consecutive
11,consequence
11,considering
11,consistency
11,constitutes
11,constraints
11,constructed
11,consultancy
11,consultants
11,consumption
11,continental
11,continually
11,contracting
11,contractors
11,contributed
11,contributor
11,controllers
11,controlling
11,controversy
11,convenience
11,conventions
11,convergence
11,convertible
11,cooperation
11,cooperative
11,coordinated
11,coordinates
11,coordinator
11,copyrighted
11,corporation
11,corrections
11,correlation
11,declaration
11,definitions
11,demographic
11,demonstrate
11,departments
11,description
11,designation
11,destination
11,destruction
11,determining
11,deutschland
11,development
11,differences
11,differently
11,dimensional
11,directories
11,disciplines
11,disclaimers
11,discussions
11,disposition
11,distinction
11,distributed
11,distributor
11,documentary
11,downloadcom
11,downloading
11,educational
11,effectively
11,efficiently
11,ejaculation
11,electricity
11,electronics
11,eligibility
11,elimination
11,encountered
11,encouraging
11,endorsement
11,enforcement
11,engineering
11,enhancement
11,enlargement
11,enterprises
11,environment
11,epinionscom
11,equilibrium
11,essentially
11,established
11,evaluations
11,evanescence
11,examination
11,exceptional
11,exclusively
11,exhibitions
11,expenditure
11,experienced
11,experiences
11,experiments
11,explanation
11,exploration
11,expressions
11,fascinating
11,flexibility
11,foundations
11,frequencies
11,functioning
11,fundamental
11,fundraising
11,furnishings
11,furthermore
11,generations
11,governments
11,groundwater
11,highlighted
11,hospitality
11,hydrocodone
11,identifying
11,illustrated
11,imagination
11,immediately
11,immigration
11,implemented
11,importantly
11,improvement
11,incorporate
11,independent
11,individuals
11,inexpensive
11,information
11,informative
11,ingredients
11,initiatives
11,innovations
11,inspections
11,inspiration
11,institution
11,instruction
11,instructors
11,instruments
11,integrating
11,integration
11,intelligent
11,interaction
11,interactive
11,interesting
11,interpreted
11,interracial
11,introducing
11,investigate
11,investments
11,invitations
11,involvement
11,journalists
11,legislation
11,legislative
11,legislature
11,liabilities
11,lightweight
11,limitations
11,magnificent
11,maintaining
11,maintenance
11,malpractice
11,manufacture
11,marketplace
11,mathematics
11,measurement
11,medications
11,memorabilia
11,merchandise
11,methodology
11,minneapolis
11,mississippi
11,motherboard
11,motorcycles
11,necessarily
11,negotiation
11,netherlands
11,newsletters
11,nominations
11,nutritional
11,obligations
11,observation
11,occupations
11,operational
11,opportunity
11,orientation
11,outsourcing
11,outstanding
11,palestinian
11,participant
11,participate
11,partnership
11,penetration
11,performance
11,peripherals
11,permissions
11,personality
11,perspective
11,phentermine
11,philippines
11,photographs
11,photography
11,playstation
11,politicians
11,populations
11,positioning
11,possibility
11,potentially
11,powerseller
11,predictions
11,preferences
11,preliminary
11,preparation
11,probability
11,proceedings
11,procurement
11,productions
11,programmers
11,programming
11,progressive
11,promotional
11,proposition
11,proprietary
11,prospective
11,publication
11,recognition
11,recommended
11,recruitment
11,reflections
11,refurbished
11,regulations
11,reliability
11,renaissance
11,replacement
11,replication
11,represented
11,republicans
11,requirement
11,researchers
11,reservation
11,residential
11,resolutions
11,respiratory
11,respondents
11,responsible
11,restaurants
11,restoration
11,restriction
11,scholarship
11,screensaver
11,screenshots
11,secretariat
11,sensitivity
11,shakespeare
11,shoppingcom
11,significant
11,simulations
11,smithsonian
11,southampton
11,specialists
11,specialized
11,specialties
11,spectacular
11,sponsorship
11,springfield
11,statistical
11,subdivision
11,submissions
11,subscribers
11,substantial
11,suggestions
11,supervision
11,supervisors
11,supplements
11,surrounding
11,sustainable
11,switzerland
11,syndication
11,telecharger
11,televisions
11,temperature
11,temporarily
11,termination
11,terminology
11,territories
11,theoretical
11,therapeutic
11,threatening
11,tournaments
11,traditional
11,transaction
11,transcripts
11,transferred
11,translation
11,transmitted
11,transparent
11,transsexual
11,tripadvisor
11,unavailable
11,uncertainty
11,underground
11,unnecessary
11,unsubscribe
11,utilization
11,verzeichnis
11,viewpicture
11,westminster
11,workstation
12,accompanying
12,accomplished
12,achievements
12,acknowledged
12,acquisitions
12,additionally
12,administered
12,agricultural
12,alphabetical
12,alternatives
12,announcement
12,anthropology
12,applications
12,appointments
12,appreciation
12,architecture
12,arrangements
12,associations
12,availability
12,bibliography
12,biodiversity
12,broadcasting
12,calculations
12,cancellation
12,capabilities
12,certificates
12,championship
12,christianity
12,civilization
12,collectables
12,collectibles
12,combinations
12,commissioner
12,commonwealth
12,compensation
12,competitions
12,conditioning
12,conferencing
12,confidential
12,confirmation
12,connectivity
12,consequences
12,consequently
12,conservation
12,conservative
12,considerable
12,consistently
12,consolidated
12,constitution
12,construction
12,consultation
12,contemporary
12,continuously
12,contributing
12,contribution
12,contributors
12,conventional
12,conversation
12,coordination
12,corporations
12,demonstrated
12,demonstrates
12,departmental
12,descriptions
12,destinations
12,developments
12,dictionaries
12,differential
12,difficulties
12,disabilities
12,disappointed
12,disciplinary
12,distribution
12,distributors
12,downloadable
12,dramatically
12,encyclopedia
12,enhancements
12,entertaining
12,entrepreneur
12,environments
12,establishing
12,examinations
12,expectations
12,expenditures
12,experiencing
12,experimental
12,findarticles
12,fundamentals
12,geographical
12,governmental
12,headquarters
12,humanitarian
12,hypothetical
12,illustration
12,implementing
12,implications
12,improvements
12,incorporated
12,increasingly
12,independence
12,indianapolis
12,individually
12,installation
12,institutions
12,instructions
12,instrumental
12,intellectual
12,intelligence
12,interactions
12,interference
12,intermediate
12,intersection
12,intervention
12,introduction
12,introductory
12,investigated
12,investigator
12,jacksonville
12,jurisdiction
12,laboratories
12,manufactured
12,manufacturer
12,masturbating
12,masturbation
12,mathematical
12,measurements
12,metropolitan
12,modification
12,municipality
12,negotiations
12,neighborhood
12,nevertheless
12,newfoundland
12,notification
12,observations
12,occasionally
12,occupational
12,optimization
12,organisation
12,organization
12,participants
12,participated
12,particularly
12,partnerships
12,pennsylvania
12,performances
12,periodically
12,personalized
12,perspectives
12,pharmacology
12,philadelphia
12,photographer
12,photographic
12,practitioner
12,prerequisite
12,prescription
12,presentation
12,preservation
12,presidential
12,productivity
12,professional
12,publications
12,quantitative
12,recreational
12,refrigerator
12,registration
12,relationship
12,representing
12,reproduction
12,reproductive
12,requirements
12,reservations
12,respectively
12,restrictions
12,saskatchewan
12,satisfaction
12,satisfactory
12,scholarships
12,screensavers
12,shareholders
12,significance
12,specializing
12,specifically
12,spirituality
12,stakeholders
12,subcommittee
12,subscription
12,subsequently
12,subsidiaries
12,successfully
12,sufficiently
12,supplemental
12,surveillance
12,technologies
12,techrepublic
12,temperatures
12,testimonials
12,thanksgiving
12,transactions
12,transexuales
12,translations
12,transmission
12,transparency
12,unauthorized
12,unemployment
12,universities
12,verification
13,accessibility
13,accommodation
13,accreditation
13,administrator
13,advertisement
13,alternatively
13,announcements
13,approximately
13,architectural
13,authorization
13,automatically
13,bibliographic
13,biotechnology
13,certification
13,championships
13,characterized
13,circumstances
13,collaboration
13,collaborative
13,commissioners
13,communication
13,compatibility
13,complications
13,complimentary
13,comprehensive
13,computational
13,concentration
13,configuration
13,congressional
13,consciousness
13,consideration
13,consolidation
13,contamination
13,contributions
13,controversial
13,conversations
13,corresponding
13,demonstration
13,determination
13,developmental
13,distinguished
13,distributions
13,documentation
13,effectiveness
13,entertainment
13,entrepreneurs
13,environmental
13,establishment
13,extraordinary
13,functionality
13,illustrations
13,inappropriate
13,independently
13,informational
13,installations
13,institutional
13,instructional
13,international
13,interventions
13,investigation
13,investigators
13,liechtenstein
13,manufacturers
13,manufacturing
13,massachusetts
13,mediterranean
13,miscellaneous
13,modifications
13,notifications
13,opportunities
13,organisations
13,organizations
13,parliamentary
13,participating
13,participation
13,photographers
13,possibilities
13,practitioners
13,precipitation
13,presentations
13,professionals
13,psychological
13,qualification
13,questionnaire
13,relationships
13,restructuring
13,revolutionary
13,semiconductor
13,significantly
13,sophisticated
13,specification
13,starsmerchant
13,strengthening
13,subscriptions
13,substantially
13,technological
13,transcription
13,undergraduate
13,understanding
13,unfortunately
13,vulnerability
14,accommodations
14,accountability
14,administration
14,administrative
14,administrators
14,advertisements
14,appropriations
14,authentication
14,cardiovascular
14,characteristic
14,classification
14,communications
14,concentrations
14,considerations
14,constitutional
14,correspondence
14,discrimination
14,identification
14,implementation
14,infrastructure
14,interpretation
14,investigations
14,knowledgestorm
14,organizational
14,pharmaceutical
14,qualifications
14,recommendation
14,reconstruction
14,rehabilitation
14,representation
14,representative
14,responsibility
14,simultaneously
14,specifications
14,superintendent
14,sustainability
14,transformation
14,transportation
15,characteristics
15,confidentiality
15,congratulations
15,instrumentation
15,internationally
15,pharmaceuticals
15,recommendations
15,representations
15,representatives
15,troubleshooting
16,characterization
16,responsibilities
16,sublimedirectory
18,telecommunications
22,documentcreatetextnode
