URL,UNIQUE_PAGEVIEWS_IN_LAST_90_DAYS
/punjabi-chole-bhature-chana-bhatura/,19955
/categories/,7655
/,6735
/rajasthani-lehsun-ki-chutney-2-ways-garlic-chutney-video-recipe/,10043
/dal-baati-churma/,8689
/amritsari-chole/,8754
/tandoori-paneer-tikka/,7853
/aloo-gobi-dhaba-style-punjabi-dry-aloo-gobi-sabji-video-recipe-potato-cauliflower/,5965
/irresistible-potato-red-cabbage-tikki-recipe/,5171
/restaurant-style-shahi-kaju-curry-cashew-curry-video-recipe/,5913
/egg-drop-curry-andhra-style-poached-egg-curry-video-recipe/,5809
/kashmiri-pink-chai-noon-chai-video-recipe/,5721
/quick-mango-kulfi-recipe/,5189
/yeast-free-instant-whole-wheat-naan/,4854
/besan-gatte-ki-sabzi-gatta-curry/,4552
/halwa-chana-poori-ashtami-prashad-video-recipe/,4604
/recipes/,1779
/jaipuri-aloo-pyaaz-ki-sabzi-potato-onion-curry-video-recipe/,4118
/how-to-make-easy-restaurant-style-egg-dum-biryani-recipe/,4132
/green-coriander-chutney-3-ways-hare-dhaniye-ki-chutney-hari-chatni/,4174
/restaurant-style-rajma-masala-recipe/,3081
/rajasthani-mirchi-ke-tipore-instant-chili-pickle-recipe/,3087
/restaurant-style-tadka-dal-recipe-how-to-make-dal-tadka/,2902
/pani-puri-recipe-gol-gappa-recipe-video/,2465
/vegetable-teriyaki-noodles-video/,2465
/crispy-fried-chana-recipe-crunchy-crispy-chickpeas/,2666
/exquisite-rajasthani-dal-dhokli-recipe/,2142
/veg-biryani-recipe-restaurant-style-hyderabadi-veg-dum-biryani-recipe/,2319
/search/,1092
/vada-pav-recipe/,2166
/how-to-make-no-churn-3-ingredient-rose-ice-cream-video-recipe/,1979
/traditional-rajasthani-sev-tamatar-ki-sabzi-recipe-video/,1989
/potato-peas-stir-fry-aloo-matar-dry-vegetarian-recipe/,1861
/chana-dal-namkeen/,1866
/pasta-arrabiata/,1742
/how-to-make-masala-khichdi-recipe/,1698
/jaipuri-pyaaz-ki-kachori-onion-filled-spicy-snack/,163
/how-to-get-rid-of-ants-around-kitchen-sink/,1873
/moong-dal-namkeen/,1622
/nepalese-whole-wheat-steamed-veg-momos-recipe-video/,1534
/aloo-poori-recipe-puri-sabji-recipe-video-aloo-ki-rasewali-sabzi-with-puri/,1593
/restaurant-style-dal-makhani-punjabi-maa-ki-dal-video-recipe/,1557
/punjabi-baingan-bharta-roasted-eggplant-curry-video-recipe/,1508
/kala-chana-sprouts-chaat-black-chickpeas-chaat-video-recipe/,1506
/khaman-dhokla-recipe-how-to-make-instant-soft-and-spongy-dhokla-video-recipe/,1383
/stuffed-masala-bati/,1446
/restaurant-style-indian-garlic-naan-3-ways-video-recipe/,1254
/how-to-make-dal-bafla-bafla-bati-in-oven-and-pan-video-recipe/,1276
/cold-coffee-recipe/,1303
/how-to-make-roasted-cumin-powder-bhuna-jeera-powder-video-recipe/,1323
/aloo-poha-recipe/,127
/how-to-make-lachha-paratha-3-ways/,1192
/rose-masala-chai-how-to-make-rose-tea-video-recipe/,1162
/restaurant-style-paneer-pyaza-video-recipe/,117
/gujrati-khaman-dhokla-in-2-styles/,1127
/steamed-veg-momos-spicy-chili-chutney-vegetable-momos-recipe-video/,1116
/how-to-make-perfect-indian-summer-drink-jal-jeera-video-recipe/,1226
/25-easy-and-delicious-diwali-sweet-recipes-you-must-try-this-year/,676
/haldi-ki-sabji-fresh-turmeric-root-curry-video-recipe/,1051
/roasted-beet-falafel-green-tahini-dip-video/,965
/rajasthani-mohanthal-gujarati-mohanthal-mohan-thal-2-ways-video-recipe/,1052
/instant-mawa-modak/,1108
/restaurant-style-matar-paneer-curry-recipe-video/,1053
/jaipuri-mawa-kachori-video/,1041
/lapsi-recipe/,1011
/38-diwali-savory-snacks-recipes-you-would-love-to-try/,728
/5-bean-curry-recipe/,972
/kalakand-recipe/,911
/aloo-ka-halwa-how-to-make-potato-halwa-video-recipe/,993
/besan-stuffed-lauki-curry-video-recipe/,1008
/rose-syrup/,407
/indian-cucumber-chutney-sandwich/,978
/halloween-deviled-eggs/,1012
/how-to-make-ghevar-jaipuri-malai-ghevar-ghewar-video-recipe/,959
/rajasthani-govind-gatta-curry-recipe/,847
/aloo-baingan-masala/,810
/instant-bread-rasmalai-video-recipe/,848
/rajasthani-khoba-roti-video/,793
/diwali-sweets-snacks/,579
/instant-pot-mung-bean-curry/,757
/bharwa-shimla-mirch-recipe/,822
/how-to-make-paneer-at-home-homemade-paneer/,876
/spiced-kesar-chai-spiced-saffron-tea-video/,812
/indian-masala-chai-recipe/,805
/indian-spiced-coffee-microwave-recipe/,807
/oreo-mug-cake/,761
/indian-butterscotch-ice-cream-recipe-video/,738
/make-oats-paratha-oats-green-paratha-2-ways-oats-onion-paratha/,766
/vegetarian-recipe-rajma-tikki-kidney-beans-cutlets/,787
/carrot-potato-soup/,700
/masala-mathri-2-ways-baked-masala-mathri-recipe-video-spicy-indian-crackers/,699
/classic-spicy-cauliflower-pakora-cauliflower-fritters-recipe/,684
/best-samosa-recipe/,673
/ukadiche-modak-recipe/,748
/indian-paneer-stuffed-naan-video-recipe/,684
/how-to-make-double-pyaaz-ka-besan-besan-ki-sabji-video-recipe/,722
/paneer-lababdar/,621
/creamy-carrot-beet-tomato-soup/,655
/eggless-ladi-pav-dinner-rolls-recipe-video/,639
/butter-cookies/,633
/rajbhog-recipe/,671
/about/,554
/chum-chum-recipe/,656
/rava-uttapam/,621
/afghan-naan-bread-video/,639
/indian-style-triple-egg-fried-rice-easy-egg-fried-rice-video-recipe/,640
/khatta-meetha-indori-poha-beaten-rice-fry/,598
/how-to-make-dahi-ke-kabab-yogurt-kebab-dahi-kebab-video-recipe/,604
/eggless-apple-pie-mug-cake-video-recipe/,564
/how-to-make-pakore-ki-sabzi/,620
/how-to-make-soft-roti-phulka-recipe-chapati-video-recipe/,603
/kesari-mawa-peda-indian-milk-fudge-instant-khoya-peda-recipe-video/,619
/thermal-carafe-vs-glass-carafe-which-coffee-maker-is-better-for-you/,699
/mascarpone-cream-cheese-chocolate-mousse-cups/,564
/17-cooking-tips-ebook-download-page/,475
/white-sauce-pasta-recipe/,565
/pineapple-raita-recipe-ananas-raita-recipe/,586
/rajasthani-besan-ke-cheele-ki-sabzi-chickpea-pancake-curry-video-recipe/,490
/achaari-aloo-gobi/,535
/eggless-triple-chocolate-cookies-video-recipe/,491
/instant-coconut-laddu-heat-recipe/,538
/shahi-kadai-mushroom-video-recipe/,505
/aloo-kulcha-recipe/,496
/jeera-biscuits-eggless-roasted-cumin-cookies-video-recipe/,514
/kaju-katli-kaju-burfi-how-to-make-kaju-katli-video-recipe/,538
/dark-rum-strawberry-mango-mojito-video/,519
/restaurant-style-paneer-butter-masala-paneer-makhani-video-recipe/,474
/effortless-blueberry-mug-cake-recipe/,500
/super-spicy-veggie-pasta-recipe/,491
/chole-tikki-chaat/,400
/small-batch-of-fudgy-carrot-brownies/,435
/blueberry-chia-seed-pudding/,459
/eggless-coconut-cookies/,429
/egg-curry-anda-curry-video-recipe/,497
/types-of-glasses-for-your-kitchen-cabinets/,499
/royal-rajasthani-gatta-pulav-recipestory/,401
/panchmel-dal-panchratan-dal/,448
/goan-sanna-mangalorean-idlis-goan-steamed-rice-cake-video-recipe/,510
/namak-para-recipe/,477
/aloo-tikki/,372
/roasted-beet-kebab-with-beet-dip-video/,441
/carrot-cake-cupcakes-with-lemon-ricotta-frosting-video-recipe/,421
/rajasthani-gulab-churma-rose-choorma-recipe-video/,419
/homemade-schezwan-sauce-video-recipe/,446
/best-gulab-jamun-recipe-dessert-sweets-video-recipe/,410
/10-kitchen-hacks-to-slice-and-cut-without-a-knife/,496
/mint-coriander-chutney/,426
/gulkand-pista-kulfi-rose-pistachio-kulfi-recipe/,413
/indian-milk-cake/,319
/nankhatai-indian-shortbread-cookies-video-recipe/,411
/how-to-make-south-indian-style-peanut-garlic-chutney-video-recipe/,407
/steamed-besan-gatte-ki-sabzi-recipe-video-rajasthani-adhar-bele-ki-sabji/,378
/roasted-cornflakes-chivda/,364
/contact/,366
/5-ingredient-pumpkin-fritters-pumpkin-gulgula/,394
/punjabi-aloo-paratha-recipe-aloo-ka-paratha/,428
/how-to-make-instant-bhature/,370
/exotic-potato-stuffed-tandoori-roti/,388
/crispy-aloo-palak-pakora-recipe-spinach-potato-fritters/,363
/coconut-rose-modak/,323
/masala-shikanji/,384
/mushroom-masala-recipe/,352
/instant-oats-rava-dhokla-oats-suji-ka-dhokla-video-recipe/,347
/thai-iced-tea-recipe/,371
/kadai-paneer/,318
/instant-pot-masoor-dal/,344
/bhakarwadi-recipe/,352
/vanilla-ice-cream-recipe/,317
/indian-cappuccino-beaten-coffee/,318
/vegetable-tahiri-recipe-one-pot-veg-tehri/,372
/how-to-make-sponge-rasgulla-video-recipe/,362
/khasta-moong-dal-kachori/,357
/atta-biscuits-whole-wheat-indian-cookies-video-recipe/,337
/rajasthani-tomato-mustard-garlic-chutney/,333
/search-superfast/,5
/besan-churma/,329
/no-machine-cafe-mocha/,248
/coconut-white-chocolate-truffles-video-recipe/,330
/instant-jalebi-recipe/,298
/super-moist-mini-chocolate-beet-cake-muffins/,154
/restaurant-style-chana-masala/,292
/rice-chakli-recipe/,317
/how-to-make-strawberry-panna-cotta-video-recipe/,284
/ketogenic-sugar-free-chocolate-modak-recipe/,338
/eggless-mango-mousse/,295
/bhindi-tofu-masala-okra-tofu-stir-fry/,295
/paneer-tikka-masala-recipe/,273
/ghee-mysore-pak/,298
/cooking-tips-keep-peas-green-boiling/,319
/pav-bhaji-recipe/,289
/instant-pot-chana-masala/,255
/channel/,273
/fruit-cream-rice-kheer-recipe-indian-pudding-kheer-dessert/,295
/green-tea-watermelon-detox-smoothie/,265
/mango-peda/,249
/garlic-tandoori-roti-recipe/,269
/importance-cakes-special-occasion/,314
/motichoor-ladoo/,295
/beet-lemonade/,264
/rye-irish-soda-bread-video-recipe/,264
/green-smoothie/,256
/advertise/,241
/instant-pot-peach-jam/,247
/veg-schezwan-noodles-recipe-video-how-to-make-easy-veg-schezwan-noodles/,243
/chilli-cheese-toast/,276
/lemon-rice-recipe/,278
/mushroom-pulao-recipe/,246
/non-alcoholic-ginger-mimosa-a-perfect-summer-mocktail/,257
/sabudana-khichdi/,284
/instant-pot-matar-paneer-recipe/,250
/red-cabbage-zucchini-chana-dal/,258
/rajasthani-moong-dal-halwa/,253
/besan-mirchi-ke-tipore/,247
/gulkand-lassi-recipe-make-rose-lassi/,268
/distinctive-red-cabbage-omelet-recipe/,266
/pepper-onion-potato-paratha/,269
/dry-fruits-modak/,223
/dairy-free-avocado-chocolate-mousse-with-pistachio-and-raspberry-toppings/,240
/my-books/,156
/gulkand-shrikhand-recipe-video-how-to-make-rose-srikhand/,234
/chana-dal-recipe/,233
/dal-chawal-paratha-rice-lentils-flatbread/,215
/beetroot-pachadi-kerala-style/,239
/spinach-kofta-curry-fried-spinach-dumplings-creamy-tomato-sauce-recipe/,219
/peach-chutney/,218
/peach-chocolate-eggless-brownies-video-recipe/,233
/instant-coconut-ladoo-recipe-3-ways-rose-coconut-ladoo-saffron-coconut-ladoo-cardamom-coconut-ladoo/,232
/instant-pot-aloo-gobi/,214
/jeera-rice-cumin-rice/,227
/bhutte-ka-kees/,230
/peanut-chikki/,235
/red-velvet-crinkle-cookies-video-recipe/,217
/how-to-peel-garlic-quickly-in-4-easy-ways/,254
/aloo-tikki-burger-video-recipe/,215
/sev-stuffed-paratha-recipe-how-to-make-bhujia-paratha/,208
/upma-recipe/,225
/gujarati-dal-dhokli/,204
/eggless-banana-peanut-butter-chocolate-brownies-video-recipe/,196
/palak-paneer-recipe-video/,202
/golden-milk-haldi-doodh/,224
/chefs-wear-uniform-distinctive/,222
/mango-mastani-recipe/,206
/poha-chivda-recipe/,207
/whole-wheat-peach-muffins/,169
/eggless-chocolate-mousse-cake-recipe/,202
/mushroom-pepper-corn-masala-recipe/,202
/dalgona-coffee/,218
/sizzling-bites-of-dalia-tikki-broken-wheat-cutlet/,200
/banana-date-smoothie/,197
/strawberry-lassi-recipe/,169
/top-01-50/,18
/how-to-make-puri-bhaji-poori-bhaji-recipe-video-batata-bhaji-poori-recipe/,203
/kiwi-raita/,162
/mango-shrikhand-recipe-amarkhand-recipe/,171
/importance-of-pure-water/,205
/homemade-ginger-garlic-paste-how-to-make-ginger-garlic-paste-video-recipe/,181
/banana-coffee-shake/,185
/books/,200
/cucumber-raita/,157
/kesari-rice-kheer-saffron-rose-flavoured-rice-pudding/,174
/no-churn-coffee-caramel-chocolate-ice-cream-video-recipe/,188
/palak-patta-chaat-recipe-spinach-leaf-fritters/,196
/mughlai-navratan-korma-white-gravy-navratan-kurma-recipe-video/,186
/a-guide-on-choosing-the-perfect-kitchen-tools-for-cooking/,187
/chocolate-peanut-butter-banana-smoothie/,169
/bhel-puri/,170
/instant-pot-rajma-masala-recipe/,157
/vegetarian-recipe-curry-stuffed-bun/,184
/bharwa-bhindi-recipe-stuffed-okra-masala-recipe-video/,168
/summer-melon-dessert-kharbuje-ka-panna-recipe/,167
/potato-stuffed-bread-pakora-recipestory/,158
/palak-ki-puri-recipe-video-make-palak-poori-spinach-puri/,146
/know-frying-oil-turns-black-re-using-cooking-tips/,197
/kopra-pak-nariyal-ki-burfi-video-recipe/,168
/strawberry-banana-oat-smoothie/,159
/hare-pyaz-wali-jau-ki-achaari-roti-pickled-spring-onions-barley-flatbread-signature-recipe/,174
/indian-chapati-with-peppery-garlicky-avocado-spread-with-veggies/,173
/indian-coffee-with-the-scent-of-cinnamon-and-cardamom/,174
/mini-apple-pear-tarte-tatin-video-recipe/,172
/vegan-honeydew-melon-banana-ice-cream-video-recipe/,142
/watermelon-rind-stir-fry/,141
/no-cream-fettuccine-alfredo/,123
/tantalizing-cauliflower-korma-curry-recipe-2/,158
/verki-puri/,161
/sizzling-mushroom-tikki-recipe/,152
/tangy-spicy-tomato-paratha-tomato-flatbread-recipe/,161
/creamy-tofu-bell-pepper-curry-recipe/,160
/peach-lassi/,140
/kesar-elaichi-shrikhand-video-recipe/,154
/how-to-make-gajar-ka-halwa-carrot-halwa-video-recipe/,167
/cabbage-peas-stuffed-paratha-patta-gobi-ka-paratha/,157
/lehsuni-dum-aloo-spicy-garlicky-potatoes-video-recipe/,159
/pyaaz-pakoda-onion-fritters/,156
/moong-dal-dhokla-recipe/,152
/eggless-orange-olive-oil-muffins-recipe-video/,158
/fruit-cake/,154
/aloo-palak/,133
/10-genius-space-saving-ideas-for-small-kitchens/,165
/quick-healthy-spiced-brown-rice-corn-recipe/,160
/strawberry-shrikhand-recipe/,140
/tofu-matar/,111
/5-indian-sauces-you-can-make-in-a-blender/,152
/rajasthani-mirchi-vada-video-recipe/,154
/nayab-chana-masala-spicy-chickpeas-curry-vegetarian-recipe/,145
/no-bake-mango-cheesecake/,126
/vermicelli-birds-nest-video/,140
/ginger-cardamom-tea-adrak-ilaichi-wali-chai/,151
/homemade-mango-ice-cream-recipe/,143
/apple-shaped-milk-peda/,101
/masaledar-jau-ki-papdi-spicy-barley-crackers-video-recipe/,147
/masala-kaju/,101
/perfect-vegetarian-pizza-video-recipe-how-to-make-pizza-dough-from-scratch/,155
/no-churn-peach-blueberry-ice-cream-video-recipe/,135
/pasta-aglio-e-olio/,134
/orange-lassi-orange-yogurt-smoothie/,130
/chocoalte-souffle-video/,131
/baked-masala-potato-wedges-indian-spiced-crispy-potato-wedges-recipe-video/,138
/c/,118
/how-to-make-detox-heart-beet-juice-video-recipe/,130
/onion-tomato-raita/,138
/chocolate-almond-milk-with-frothy-coffee-video-recipe/,139
/unique-italian-cooking-tech/,140
/curried-potato-cauliflower-topped-naan-pizza/,129
/corn-pakora/,121
/orange-smoothie/,125
/rasmalai-video-recipe-how-to-make-soft-rasmalai-at-home/,125
/cabbage-spinach-thepla/,113
/spicy-zucchini-waffles-how-to-make-waffled-besan-chilla-video-recipe/,122
/how-to-make-masala-chaas-spiced-buttermilk-video-recipe/,129
/how-to-adopt-healthy-eating-habits/,94
/pineapple-coconut-smoothie/,118
/eggless-tutti-frutti-cookies-recipe-karachi-biscuit/,120
/sweet-potato-cabbage-hot-dogs-video-recipe/,116
/couscous-with-sauteed-mushrooms-kidney-beans-video/,123
/bread-gulab-jamun/,122
/chocolate-molten-lava-mug-cake/,116
/egg-bhurji/,120
/holiday-fruit-and-nut-ice-cream-video-recipe/,115
/instant-pot-aloo-matar-recipe/,109
/unique-pizza-combinations/,134
/baked-samosa-with-chocolate-tamarind-chutney/,86
/no-bake-zebra-cheese-cake-gluten-free-video-recipe/,116
/5-efficient-ways-to-maintain-kitchen-hygiene/,120
/curried-egg-salad-sandwich-video/,111
/orange-prune-loaf-recipe/,94
/samosa-french-loaf-with-coriander-chutney-video/,111
/how-to-make-ghee-from-butter/,117
/besan-toast-5-ways-gram-flour-toast/,116
/black-chana-kadhi-recipe/,114
/kaju-pista-roll/,108
/spiced-fenugreek-beet-baked-mathri/,104
/besan-ladoo/,105
/rose-flavored-vermicelli-pudding/,106
/sooji-toast-3-ways-rava-toast/,108
/aamras-recipe/,105
/chocolate-lava-cake/,104
/no-bake-oats-and-chia-energy-balls-video-recipe/,99
/chef-uniform-functions-dress-professional-kitchen/,100
/homemade-sweetened-condensed-milk-video-recipe/,98
/cardamom-scented-moong-dal-tadka-tempered-yellow-lentils-soup/,74
/hacks-to-keep-food-fresh/,75
/mint-raita-pudina-raita/,97
/moong-dal-palak-idli-recipe/,83
/mulled-wine-recipe/,86
/3-bean-thick-dal-makhani/,81
/black-eyed-bean-mushroom-curry-recipe/,90
/rajasthani-besan-ke-cheele-ka-raita-chickpea-pancake-raita/,74
/4-ingredient-cheesy-garlicky-pesto-puff-pastry-swirls/,90
/gulkand-dessert-paratha-recipe-gulkand-raita-recipe/,84
/aloo-palak-paratha-potato-stuffed-spinach-flatbread/,82
/creamy-sweet-potato-carrot-soup-video-recipe/,92
/top-beet-recipes/,60
/baked-tart-chickpea-curry-tamarind-chutney/,75
/radish-raita-mooli-raita/,78
/instant-pot-gajar-halwa/,80
/how-to-find-the-best-non-stick-pans/,57
/til-chikki/,89
/bombay-masala-toast-how-to-make-masala-toast-video-recipe/,81
/chana-dal-capsicum-curry-vegetarian-recipe/,81
/how-to-make-paneer-bhurji-punjabi-paneer-bhurji-dry-video-recipe/,76
/jaipuri-mishri-mawa-with-chocolate-and-vanilla-cream-with-video/,87
/diwali-sabji-recipes/,52
/malai-kofta-dhaba-style-roadside-eatery-style-malai-kofta-curry/,79
/mango-halwa/,76
/banana-chai-cake-recipe/,83
/watermelon-cucumber-feta-salad/,69
/beetroot-duppad-beetroot-split-flatbread-recipe/,66
/instant-pot-butter-paneer/,72
/coriander-coconut-chutney-recipe/,76
/paush-vada/,79
/mawa-gujiya-recipe/,78
/motichoor-ladoo-kheer/,76
/rajasthani-mawa-malpua-video/,74
/carrot-sabudana-kheer-carrot-sago-kheer/,80
/quick-masala-murmura/,77
/almond-peas-curry/,75
/caramelized-veggie-tortizza-2-ways-tortilla-pizza-video-recipe/,78
/a-guide-to-baking-without-using-an-oven/,53
/eggless-chocolate-hazelnut-ice-cream-video-recipe/,80
/red-cabbage-stuffed-paratha-recipe/,64
/zucchini-chickpea-flour-pancake-zucchini-chilla-recipe/,50
/red-cabbage-cauliflower-radish-chickpea-pancake-vegetarian-recipe/,57
/vanilla-iced-mocha-coffee-ice-cubes-video/,71
/grilled-tomato-mozzarella-sandwich-recipe/,70
/cheesy-blueberry-halwa-recipe/,73
/black-eyed-bean-carrot-biryani-video/,73
/15-minutes-no-oil-green-thai-curry-chow-mein-noodles/,72
/no-bake-cream-cheese-lemon-mousse/,73
/carrot-zucchini-pilaf/,61
/chana-dal-red-cabbage-tikki/,63
/cholar-dal-bengali-style-bengal-gram/,68
/black-eyed-bean-zucchini-peach-curry/,60
/pumpkin-rind-stir-fry-kaddu-ke-chilke-is-sabji-video-recipe/,67
/peanut-coconut-jaggery-bars-recipe/,68
/potato-paneer-stuffed-roasted-red-cabbage-cones-with-sriracha-sauce/,62
/salty-sweet-whole-wheat-onion-crackers-video-recipe/,72
/alfredo-sauce/,68
/etiquette-guide-for-eating-in-a-michelin-starred-restaurant/,68
/frozen-mango-yogurt/,60
/recipe-dal-bukhara-exotic-creamy-black-lentil-dish/,65
/best-apron-choices-specifically-for-women/,53
/easy-ways-to-enjoy-lentils/,51
/mint-chana-grilled-tofu/,65
/apple-cucumber-mozzarella-pearls-salad/,60
/how-to-make-schezwan-fried-rice-veg-schezuan-fried-rice-recipe-video/,60
/5-common-quesadilla-cooking-mistakes-and-how-to-fix-them/,65
/how-to-become-a-better-cook/,59
/roasted-beet-potato-holiday-salad-video-recipe/,61
/exotic-aloo-paratha-recipe/,61
/express-bread-rice-pulav-recipe/,68
/mint-coriander-tandoori-roti-video-recipe/,55
/baked-garlicky-sweet-potato-chips-recipe/,56
/kala-chana-chaat/,45
/oats-orange-eggless-muffins-3-ways-video-recipe/,48
/tomato-bruschetta/,50
/coconut-mango-chia-pudding/,53
/zero-oil-mint-chola-cornmeal-tart-video-recipe/,34
/herbs-and-spices-are-good-for-elderly-people/,64
/spinach-kofta-biryani-vegetarian-recipe/,54
/sweet-potato-pumpkin-kebabs-with-video/,49
/5-hacks-on-how-to-make-delicious-espresso-with-an-espresso-machine/,60
/eggless-gulkand-mug-cake-rose-mug-cake-recipe-video/,53
/mushroom-peas-corn-pulav-recipe/,55
/tags/,37
/whole-wheat-peach-mushroom-pizza-with-feta-and-fresh-basil/,35
/beet-potato-peas-patties-recipe/,49
/enchanting-banana-blueberry-lassi-recipe/,48
/indian-style-spiced-salad-bruschetta-recipe/,56
/rainbow-curry-vegetarian-recipe/,52
/baked-mushroom-spinach-kofta-curry-recipestory/,50
/classic-potato-bell-pepper-stir-fry/,51
/matar-pulao/,51
/diwali-rice-recipes/,34
/khoya-puffs-cutting-edge-gujia/,47
/banana-pineapple-upside-cake-video-recipe/,48
/gingerbread-biscotti-with-white-chocolate-drizzle-video-recipe/,49
/no-bake-almond-flowers-video-recipe/,47
/things-every-restaurant-needs/,58
/bombay-veg-sandwich-video-recipe/,38
/chow-mein-stuffed-puffs/,49
/instant-peach-jalebi-topped-with-whipped-cream-and-pistachio/,51
/awesome-pineapple-coconut-rabri-recipe/,43
/thandai-recipe/,49
/strawberry-chia-pudding/,47
/chocolate-twisted-sankranti-laddo-no-bake/,36
/how-to-make-thai-pineapple-fried-rice-vegan-recipe/,46
/indulging-coconut-mango-panna-cotta-recipe/,49
/rice-krispie-cornflakes-bhel-video/,48
/almond-rose-rabri-dash-saffron/,44
/garlic-tomato-chutney-touch-mint-recipe/,45
/know-chop-raisins-without-sticking-kitchen-tips/,46
/boondi-raita-recipe/,48
/chocolate-covered-grapes/,46
/best-time-to-buy-a-grill/,50
/diwali-sweets-recipes/,30
/rajma-masala-spiced-kidney-beans-in-tomato-rich-gravy/,41
/seasoned-sweet-potato-vada-grilled-pita-burger-vegetarian-recipe/,46
/achaari-dahi-bhindi-with-duppad-roti-pad-wali-roti-video-recipe/,41
/apple-cinnamon-brownie-with-caramel-drizzle/,42
/cooking-much-watchout-4-common-kitchen-worktop-problems-solve/,44
/creamy-fruit-and-nut-couscous-paneer-pudding-with-chocolate/,34
/exhilarating-iced-choco-latte/,45
/indian-spiced-dal-chawal-arancini-paired-with-pickled-mayonnaise-split-bengal-gram-salad-and-raspeberry-sauce-baked-version/,41
/spiced-aloo-raita-potato-raita-yogurt-salad-recipe/,44
/braided-strawberry-cream-cheese-pastry-video/,38
/vegan-chocolate-mousse-with-aquafaba-video-recipe/,40
/cooking-tips-make-fritters-fluffy/,21
/creamy-chocolate-vermicelli-pudding/,40
/l/,46
/peas-corn-coconut-masala-recipe/,42
/cornmeal-idli-makki-ki-idli-recipe/,37
/lehsuni-sev-garlicky-gram-flour-noodles-video-recipe/,40
/moong-dal-toast/,35
/pineapple-salsa-papadum-cones-recipe/,37
/szechuan-spiced-carrot-fettuccine-video-recipe/,42
/vegan-thai-green-curry-vegetable-noodles-video-recipe/,38
/3x-effortless-recipes/,3
/privacy-policy/,38
/greek-style-chickpea-feta-salad-with-lemon-garlic-dressing/,41
/veggie-pizza-pie-video-recipe/,41
/jeera-aloo-quesadilla-video-recipe/,41
/kitchen-hacks/,26
/oxtail-recipes-for-every-season/,32
/peach-bruschetta-with-whipped-ricotta-and-zucchini-video-recipe/,37
/raspberry-creme-fraiche-cookies-puffs-video/,38
/spinach-cheese-puffs-vegetarian-recipe/,35
/tempting-spiced-curry-noodles-vegetarian-recipe/,32
/banana-strawberry-bread-pudding-video/,37
/classic-and-easy-cherry-lassi-ice-cream-video-recipe/,30
/macaroni-buttery-coconut-vegetable-curry-recipe/,36
/radish-lentil-idli-fry-with-carrot-ginger-chutney-video-recipe/,29
/resources/,35
/blueberry-kiwi-cooler-recipestory/,29
/mango-lassi-recipe-video/,37
/potato-roses-potato-gratins-video-recipe/,31
/pumpkin-cinnamon-rolls-video/,30
/4-ingredients-strawberry-cake-shake-video/,37
/classic-black-eyed-pea-curry-in-pepper-onion-gravy/,28
/vegan-coconut-blueberry-ice-cream/,36
/no-bake-peach-gingerbread-cheesecake-parfait/,30
/oliya-fruity-rice-yogurt-pudding/,34
/paush-khichda-sweet-dal-khichdi/,34
/rajma-tofu-paratha-pocket-bites-with-boondi-raita-video-recipe/,33
/sunahari-makki-ki-roti-golden-cornmeal-flatbread-recipe/,27
/apple-hand-pies-video-recipe/,36
/potato-stuffed-bread-roll-video-recipe/,35
/readers-favorite/,2
/chocolate-coconut-delights-video-recipe/,34
/how-to-make-aate-ka-halwa-atte-ka-halwa-recipe-video/,29
/mung-bean-pita-burger-with-caramelized-oranges-and-mango-chutney/,32
/south-indian-masala-dosa/,36
/spanish-style-vegetarian-omelette-video/,29
/a-home-cooks-guide-to-knife-sharpeners/,21
/almonds-oat-cookies/,31
/no-bake-strawberry-cheesecake-bites-video-recipe/,32
/vegan-foods-to-smoke-in-a-smoker/,38
/4-bbq-recipes-for-your-vegetarian-friends/,33
/blog/,12
/carrot-zucchini-semolina-pancake-with-potato-patties-and-fresh-salad/,28
/mix-vegetable-pakora-video-recipe/,33
/mushroom-fettuccine-alfredo/,25
/scrumptious-baguette-pizza-bites-vegetarian-recipe/,28
/toasted-coconut-sesame-rice-krispie-and-multigrain-cheerios-dark-chocolate-bars/,23
/user/,35
/diwali-curry-recipes/,25
/moong-dal-paratha-green-split-lentils-flatbread/,32
/eggless-chocolate-mousse/,26
/pellet-smokers-are-the-easiest-way-to-get-into-smoking-food/,15
/pink-and-white-refreshing-watermelon-lemonade/,28
/?ez_force_cookie_consent=1,18
/corn-cheese-toast-weekend-breakfast-recipe/,32
/instant-onion-rava-dosa-recipe/,27
/examples-of-regional-dishes-in-south-france/,24
/how-does-cooking-with-unfiltered-tap-water-affect-your-food/,29
/one-pan-thai-yellow-curry-mac-video/,25
/til-laddu/,29
/apple-rose-mini-tartlets/,26
/chana-manipuri-chana-kanghou-recipe/,26
/puff-pastry-apricot-galette-with-almond-topping-video-recipe/,25
/roasted-cauliflower-pilaf-watermelon-sauce-video-recipe/,24
/watermelon-onion-yogurt-chip-dip/,26
/wine-pairing-with-salmon/,26
/blueberry-oatmeal-breakfast-crumble-bars-recipe/,23
/burger-bhaji/,26
/candied-sago-pudding-blueberry-sauce-recipe/,25
/delicious-indian-chicken-kadhai-recipe/,23
/gut-friendly-delicious-indian-kanji-for-your-tummy/,31
/persimmon-chocolate-bundt-cake-with-video/,26
/test-template-link-1/,4
/3-types-of-soups-you-can-make-with-this-wonderful-grinder/,26
/broccoli-beet-crispy-fingers-broccoli-beet-croquettes-video-recipe/,24
/grilled-cheese-spiced-potato-whole-grain-sandwich-with-cheese-dip/,26
/roti-jala-net-lacy-pancakes-video/,28
/blueberry-muffins/,25
/butternut-squash-soup-recipe/,24
/refreshing-onion-capsicum-pulav/,25
/strawberry-white-hot-chocolate-video/,24
/tips-to-prevent-eggplants-from-turning-black/,25
/blueberry-mango-froyo-marble-bars-summer-recipe/,21
/know-store-spices-maintain-flavour-cooking-tips/,14
/red-grapes-onion-cucumber-raita/,21
/16-flatbread-recipes-you-would-love-to-try/,20
/6-simple-rules-to-follow-for-guilt-free-cheat-meals/,26
/romantic-choco-berry-valentine-smoothie/,22
/watermelon-orange-salsa-summer-bites/,20
/work-with-us/,15
/banana-chocolate-muffins-wheat-flour-recipe/,16
/butternut-spaghetti-squash-pineapple-bean-boats-video-recipe/,20
/chickpea-sweet-potato-burger-with-chipotle-aioli/,21
/dessert-recipes-oat-strawberry-kheer-oat-strawberry-pudding/,13
/know-keep-cauliflower-bright-white-dishes-cooking-tips/,19
/15-minutes-creme-fraiche-raspberry-peas-lemony-pasta/,17
/6-quick-and-easy-no-churn-ice-cream-recipes/,11
/best-homemade-ice-cream-recipes/,10
/chocolate-dipped-whipped-shortbread-cranberry-cookies-video-recipe/,18
/curry-recipe-creamy-mushroom-matar-curry-dash-cardamom/,18
/easy-cooking-blog-writing-tips/,17
/how-to-choose-window-blinds-for-your-kitchen/,18
/kidney-bean-tostadas-bell-pepper-salsa/,21
/mooli-paratha-strawberry-grapes-chutney-video/,20
/chickpea-zucchini-mushroom-pizza-with-pickled-peppers-and-olives/,16
/garlic-potato-pasta-casserole-recipe/,19
/tortilla-poha-kiwi-peanut-salsa-video/,18
/4-things-to-do-before-buying-kitchen-appliances/,15
/caramelized-peach-pesto-tart-with-blueberries-and-pistachio/,18
/diwali-snacks-recipes/,12
/instant-rava-dhokla-steamed-semolina-snack/,19
/italian-cream-soda/,14
/mushroom-kale-stuffed-paratha-video-recipe/,12
/new/,5
/pineapple-blueberry-raspberry-breakfast-layered-smoothie/,19
/pizza-dough-twists-parsley-and-sesame-video-recipe/,19
/russian-candy-treats-other-delicacies/,18
/benefits-of-hiring-a-catering-sydney-service-for-your-event/,19
/blueberry-pie-recipe/,14
/chicken-fajitas-with-roasted-red-peppers/,20
/chocolate-pots-de-creme/,17
/cooking-tips-store-semolina-long-time/,19
/creamy-cappuccino-chocolate-lassi-signature-recipe/,15
/red-velvet-mug-cake/,13
/spiced-chai-pumpkin-smoothie-with-video/,19
/spring-onion-mint-pulav-recipe/,18
/strawberry-mango-smoothie-recipe/,18
/5-time-saving-cooking-hacks-everyone-should-know/,19
/cheesy-garlic-pizza-sticks-figs-mayo-dip-video/,15
/cherry-berry-iced-tea-with-lemon-mint-ginger-and-honey/,13
/chocolate-chip-cookies-salted-peanuts-caramel-ice-cream-sundae/,16
/five-food-presentation-hacks-to-impress-your-guests/,20
/grilled-aubergine-roll-ups-spiced-lentils-recipe/,18
/honeydew-melon-radish-salad-bowls-video-recipe/,18
/strawberry-masala-chaas-spiced-strawberry-buttermilk/,16
/tips-make-perfect-coffee/,16
/3-dishes-for-natural-boosting-of-your-growth-hormone/,12
/bookbonus/,16
/caramelized-banana-mango-coconut-recipe/,18
/cooking-tips-forget-soak-kidney-beans/,16
/cooking-tips-prevent-potatoes-sprouting/,13
/creamy-coconut-coffee-chocolate-chunk-ice-cream/,16
/fruity-blueberry-strawberry-pulav-rice-signature-recipe/,16
/know-keep-grinder-blades-sharp-kitchen-tips/,13
/peel-a-hard-boiled-egg-in-less-than-10-seconds-life-hack/,17
/shikanji-indian-lemonade-recipe/,16
/strawberry-kiwi-sparkling-cooler-video/,14
/top-51-100/,3
/vegetarian-recipe-vegetable-pan-pizza/,16
/10-best-ideas-of-tasty-and-healthy-lunch/,12
/15-non-spooky-halloween-recipes/,13
/27-must-try-valentines-day-dessert-ideas/,5
/6-things-consider-making-cup-kona-coffee/,18
/effortless-summer-side-dishes-buttermilk-biscuits/,6
/no-bake-mini-strawberry-nutella-cheesecake-video/,16
/search-old/,2
/spiced-oat-lentils-daliaporridge-recipe/,15
/spinach-tomato-chili-whole-grain-pasta-vegetarian-recipe/,15
/oatmeal-peanut-butter-chocolate-cookies-video-recipe/,14
/professional-chefs-favourite-cookware/,14
/zucchini-recipes/,10
/avocado-tomato-cucumber-salad-kiwi-dressing-video-recipe/,12
/cooking-tips-peel-ginger-skin-quickly-easily/,7
/effective-ways-to-boost-sales-from-a-restaurant/,15
/holi-snacks/,6
/kala-chana-pulav-exquisite-black-chickpea-brown-rice-recipe/,15
/know-cut-chili-peppers-without-feeling-burning-hot-sensation-hands-cooking-tips/,15
/know-prevent-ice-cream-becoming-rock-hard-cooking-tips/,9
/pumpkin-muesli-chocolate-bread-video-recipe/,10
/roasted-zucchini-garlic-with-spiced-split-bengal-gram/,12
/benefits-of-healthy-eating/,12
/best-pots-and-pans-sets/,10
/cheesecake-shots-4-ways-video-recipe/,14
/exotic-pumpkin-tofu-halwa-recipe/,13
/holi-desserts/,6
/keto-cocoa-cake-roll/,11
/know-stop-cheese-drying-kitchen-tips/,11
/peanut-butter-chocolate-banana-sandwich/,10
/revitalising-bread-poha/,10
/9-amazing-egg-slicer-kitchen-hacks/,14
/carrot-garlic-triangle-paratha-carrot-garlic-flatbread/,11
/coconut-milk-peanut-butter-truffles-video/,10
/corn-cream-cheese-flatbread-with-orange-vinaigrette-video/,14
/delectable-blueberry-muffins-four-recipe/,10
/diwali-flatbread-recipes/,8
/effortless-summer-side-dishes-strawberry-poppyseed-salad/,5
/fox-mk6h3lc/,1
/know-make-vegetables-exotic-cooking-tips/,8
/new-test-template-link-1/,1
/pull-apart-garlic-parsley-bread-with-video/,13
/unique-restaurants-in-las-vegas/,12
/5-anti-cancer-food-stuffs-you-should-be-cooking-with/,12
/amazing-ideas-to-make-a-dream-kitchen/,11
/caramelized-banana-with-nuts-and-mango-yogurt-video-recipe/,10
/dal-sunehri-split-black-gram-bengal-gram-spiced-stew-recipe/,9
/diwali-raita-recipes/,9
/effortless-summer-side-dishes-marinated-cucumbers/,5
/effortless-summer-side-dishes/,6
/fruity-veggie-boondi-raita-fried-gram-flour-puffs-and-fruits-veggies-dip/,11
/how-to-choose-fashionable-colors-for-your-kitchen/,13
/how-to-use-essential-oil-in-cooking/,9
/best-holi-recipes/,9
/chickpea-curry-stuffed-crispy-bread-cups-recipe/,12
/fruits-vegetables-fiesta-salad-honey-pepper-dressing/,10
/spiced-rice-lentils-with-grilled-pineapple-and-cucumber-honey-lemon-yogurt/,10
/top-15-healthy-modern-holi-recipes-you-should-try-this-year/,8
/5-indian-restaurants-must-try-london/,10
/7-ways-instapot-has-revolutionized-cooking/,8
/chocolate-cheesecake-video-recipe/,9
/chopped-bread-cup-baked-savory-appetizers-recipe/,11
/coconut-milk-banana-strawberry-smoothie-topped-with-toasted-coconut/,8
/cooking-tip-keep-coriander-leaves-fresh-green-long-time/,9
/cooking-tips-use-instead-fresh-coconut/,7
/how-to-choose-a-coffee-subscription-service/,7
/peas-coconut-peda/,8
/search-with-images/,8
/tips-for-choosing-the-best-skillet/,9
/whole-black-gram-sprouts-with-oven-toasted-garlic-baguette/,11
/3-ingredients-no-bake-gingerbread-truffles-video-recipe/,9
/cooking-tips-peel-orange-tomato-skin-effortlessly/,5
/dal-bati-churma-stock-photo/,8
/dark-chocolate-chunk-cookies-recipes/,7
/know-measure-honey-non-sticky-way-cooking-tips/,7
/milky-white-russian-cocktail/,10
/apple-cinnamon-spiced-choco-coffee-ice-cream/,8
/cooking-tips-prevent-apple-turning-rusty/,3
/garlicky-spinach-mango-tomato-pizza-with-hot-pepper-sauce-and-flakes/,7
/know-about-meal-delivery-plans/,9
/perfect-way-to-make-white-sauce-pasta/,5
/quick-and-easy-pineapple-kiwi-honey-yogurt-parfait/,8
/snacking-in-kashi/,8
/tips-to-keep-your-vegetable-fresh/,9
/tropical-brushetta-with-berry-yogurt-cheese/,7
/5-modern-kitchen-gadgets-you-would-love-to-use/,8
/banana-berry-choco-coffee-smoothie-video-recipe/,6
/know-check-watermelon-ripe-cooking-tips/,7
/mushroom-pepper-pilaf-with-grilled-veggies-honey-mustard-yogurt-and-chili-peanuts/,8
/5-types-of-fries-you-must-have-for-a-party/,7
/broccoli-paratha-with-garlic-roasted-veggies-and-spiced-coconut-sauce/,5
/chocolate-vanilla-mocha-frappuccino-recipe/,6
/cooking-tips-peel-almonds-skin-quickly/,7
/how-to-cook-like-a-chef-at-home/,6
/how-to-prevent-oil-from-splattering-out-of-the-pan/,6
/how-to-start-eating-healthy/,5
/instant-pot-duo60-to-make-cooking-easy/,6
/italians-restaurant-tips-and-tricks/,6
/know-make-crystallized-honey-melt-againkitchen-tips/,7
/know-make-perfect-vegetable-soup-cooking-tips/,4
/snickers-mini-chocolate-tarts/,5
/the-basic-ways-to-cook-pork-on-a-smoker/,5
/what-cannabinoids-are-in-cbd-oils/,7
/4-most-reliable-local-grocery-delivery-services-in-san-diego/,5
/adult-beer-float-video-recipe/,5
/banana-raspberry-coconut-smoothie-with-tiramisu-ice-cream/,5
/best-recipes-that-will-make-you-buy-a-smoker/,6
/cooking-tips-keep-vegetables-green-cooking/,3
/different-types-of-ice-creams-to-try-this-year/,5
/foods-that-were-made-for-coffee/,6
/how-to-stay-cool-this-summer/,6
/juicy-watermelon-pizza-bites-video/,6
/rye-crispbread-chaat/,6
/seasoned-syrupy-plum-chaat-recipe/,6
/spiced-pumpkin-pie-video/,6
/sweet-melon-balls-with-chilled-rose-milk-recipe/,6
/wicked-easy-egg-hacks/,5
/?cuisine=indian,3
/?mc_cid=9fb2150ed0&mc_eid=9442de0752,2
/11-incredible-kitchen-hacks-that-are-absolutely-amazing-video/,5
/25-chocolate-recipes-to-try-this-christmas/,5
/5-easy-cbd-infused-meals-to-cook-up/,5
/cooking-tips-remove-garlic-skin/,4
/good-dinner-one-can-forgive-anybody-even-ones-relations-food-quotes/,5
/how-long-does-wine-last-once-the-bottle-is-opened/,5
/know-prevent-cutting-board-sliding-kitchen-tips/,5
/know-reduce-heat-fresh-chilies-cooking-tips/,3
/love-red-onions/,3
/peppery-hot-broccoli-cheese-dip/,3
/signs-you-are-eating-the-best-mexican-food/,3
/simple-recipes-for-your-pescatarian-diet/,5
/test-template-link-2/,1
/things-to-consider-before-hiring-caterers-for-your-childrens-party/,4
/top-five-foods-for-sous-vide-cooking/,5
/white-christmas-rocky-road-video-recipe/,5
/all-you-need-to-know-about-buying-custom-kitchen-knives/,3
/are-online-restaurant-reviews-trustworthy/,4
/chocolate-cream-cheese-cupcakes-topped-with-fresh-blueberries/,3
/chocolate-lassi-egg-cups-for-easter/,4
/crushed-chili-pepper/,3
/empty-belly-best-cook-food-quote/,4
/favorite-homemade-chicken-tikki-masala-pizza-recipe/,4
/freshly-prepared-meal-service-review/,4
/gift-basket-ideas/,3
/healthy-diet-can-help-children-learn/,4
/holi-drinks/,2
/honeyed-honey-melon-raita-recipe/,4
/how-cbd-oil-can-be-used-when-preparing-meals/,3
/importance-of-healthy-food-in-your-diet/,4
/know-accidentally-burn-rice-cooking-tips/,3
/know-clean-burnt-vessel-easily-kitchen-tips/,2
/know-keep-berries-fresh-longer-time-kitchen-tips/,4
/mini-berry-pavlova-valentines-day/,4
/pepper-corn-arugula-pizza-with-sun-dried-tomatoes-and-mayonnaise-pepper-drizzle/,3
/sausage-and-sprouts-lasagna/,3
/sharing-food-another-human-intimate-act-indulged-lightly-food-quotes/,4
/some-essential-spices-for-indian-cooking/,4
/summer-berry-salad-with-salted-peanuts-and-walnuts/,3
/the-best-juice-combinations-to-try-out-this-year/,4
/the-best-things-to-cook-in-instant-pot/,4
/three-best-restaurants-in-scottsdale-az/,4
/toothsome-banana-pancakes-recipe/,4
/?fbclid=IwAR0GZf7Bec_eeeNBMAnDtrkhFQO_qi5PMmxsSVz32ty1ZpvBNVzS9elx4M8,1
/?mc_cid=d318e93e29&mc_eid=92ff4f6c22,1
/avoid-messy-disasters-keep-clean-kitchen/,3
/black-chickpea-tuc-cracker-chaat-recipe/,2
/christmas-chocolate-desserts/,3
/eleventh-hour-chocolate-spoons-valentines-day/,2
/experts-easy-advice-on-how-to-buy-meat/,3
/how-to-cook-like-a-pro-with-an-electric-smoker/,3
/how-to-find-the-meal-delivery-service/,2
/how-to-have-fun-in-the-kitchen-with-family/,3
/know-keep-basil-fresh-long-time-cooking-tips/,3
/know-slow-rotting-tomatoes-kitchen-tips/,3
/make-crispy-puri/,2
/things-to-consider-for-the-right-cold-brew/,3
/things-you-can-do-with-your-bread-machine/,3
/three-great-fathers-day-recipes-with-meat/,3
/translate_c?depth=1&hl=hi&nv=1&prev=search&pto=aue&rurl=translate.google.com&sl=en&sp=nmt4&u=https://www.mygingergarlickitchen.com/categories/raita-recipes/&usg=ALkJrhgid708o7eHt-jJlndSWOi9t_ADNw,2
/valentines-day-breakfast-ideas-video-tutorial/,3
/youtube-cooks-to-get-familiar-with/,3
/?fbclid=IwAR3gzCtZrZ0j8pz0iVzlBpuex-zdEzjHcAwrVA80Y25eER1bGOr0DWNcWCs,1
/?fbclid=IwAR3OdiE2HmgATMPqG0Z5ynnQWt5i0tefn_BQ0JmSWjVtWBFRSDlQjJLyvsM,1
/?mc_cid=13a5e186be&mc_eid=000b768ca2,1
/?mc_cid=2e4f9b40c8&mc_eid=6149d304ce,1
/?mc_cid=2e4f9b40c8&mc_eid=ebc5eca267,1
/?mc_cid=2e4f9b40c8&mc_eid=f05a570591,1
/?mc_cid=4571257175&mc_eid=7ca5891da0,1
/?mc_cid=9fb2150ed0&mc_eid=ddce5fd08e,1
/?mc_cid=d318e93e29&mc_eid=b54af6ffc1,1
/?mc_cid=d318e93e29&mc_eid=d0aab6a790,1
/?mc_cid=ded287eec6&mc_eid=8698326616,1
/?mc_cid=ded287eec6&mc_eid=d0aab6a790,1
/?mc_cid=ded287eec6&mc_eid=f05a570591,1
/223x-no-howtosection-recipes/,1
/3-healthy-eating-myths/,2
/5-accessories-every-cook-needs-for-their-kitchen/,2
/5-quick-and-easy-dinner-recipes-for-two/,1
/banana-nutella-stuffed-cardamom-maple-toast-video/,2
/banana-peanut-butter-chocolate-bites-video-recipe/,2
/bell-peppers-taste-paradise-food-styling-photography/,2
/cardamom-pods-full-joy-love-aroma-will-moment/,1
/cook-bright-white-rice/,2
/cooking-tips-get-rich-flavor-saffron/,1
/crust-eaten-peace-better-banquet-partaken-anxiety-food-quote/,2
/customer-experience-in-the-restaurant-industry/,2
/dont-afraid-adapt-new-ingredients-techniques-traditional-ingredients-new-recipes-food-quotes/,1
/healthy-food-for-a-good-mood/,2
/how-to-save-money-on-buying-groceries/,1
/ideas-make-fabulous-budget-friendly-family-meals/,2
/ideas-on-what-to-give-your-mum-this-mothers-day/,2
/kitchen-hacks-for-cooking-the-perfect-pasta/,2
/kitchen-tips-know-remove-garlicky-smell-hands/,1
/know-keep-cookies-fresh-cooking-tips/,2
/know-savory-dish-needs-little-extra-strength-cooking-tips/,1
/know-seafood-healthy-food/,1
/luscious-oat-blueberry-pie-crust-cookies-recipe/,2
/melon-granita-dash-lemon-recipe/,2
/parsley-quality-never-goes-out-of-style-im-loving-it/,2
/seasoned-potato-stuffed-cheese-toast/,2
/translate_c?depth=2&hl=hi&nv=1&prev=search&pto=aue&rurl=translate.google.com&sl=en&sp=nmt4&u=https://www.mygingergarlickitchen.com/how-to-make-paneer-at-home-homemade-paneer/&usg=ALkJrhiPV5GWOk6-7L_jBAOseRYPbo7ThA,1
/transpage?query=https://www.mygingergarlickitchen.com/perfect-vegetarian-pizza-video-recipe-how-to-make-pizza-dough-from-scratch/&from=auto&to=zh&source=url&frzj=cfy,1
/transpage?query=https://www.mygingergarlickitchen.com/perfect-vegetarian-pizza-video-recipe-how-to-make-pizza-dough-from-scratch/&from=auto&to=zh&source=url&frzj=cfy&origin=ps,1
/white-wine-brand-concept-ginger-garlic-kitchen/,2
/why-you-need-turmeric-in-your-kitchen/,2
/?__cf_chl_captcha_tk__=051f6bd76a18454bdcebbfa59d9896b447567acd-1598176278-0-AeLoQxlYXQg7WusNBQD6LYYcdF8C21ihKKfL5BsMjSlOy5o7eKR_OthWS-LH3o-1cvh0gLSJDRw6IBUAyfuNNTVVB7CtZVd17vMfPeY_GY-oTRWrIiCQTI_Q_ZEDOprD7fyA5ukROIeOmz-r4DzwFnx898DOMwCWhsrQbDc9OEh4tpfSqWVTTIzH9lY_OgPLW2IVKEfr3dkUVPn-UkAUU6rmaMqhxyaOZtBtAXV2Z3MTP5nO-DqkFY8Vs2suylYDXz07jQyFDKZ_rFdYUcQT4MUjgCx7jehfR5L0y1AVsBm9DdBKQyOqwNO59fNhyICLqVZjWzZ_CxXX_aZFDDVbf9nZnnX6ohTAefmDezgqk5Eyl4qxxLiQEE5e8zD7iEnlodYEt5btjFlHoXl3_l5OJC0Z1J78uLjB_MLU_KssMsEJYIbEaRGaUu1y2w21Tc8AcUNcDq_lfYQFssxQLVqEALwlEFtBHlPInEGXRTe17YuYP2VbMZdt-41jhgriONHC7w,1
/?fbclid=IwAR05EstTt2u9fHlfR6AAEpT7-oBgU-GpV1LMz_G_bwHcrNMfwKUwL-Xjb4U,1
/?fbclid=IwAR0Awq8k5gM7-QZKltKnGrRBPbl4kU2Aa6QzV7RqJudS9lUGgjQtfUnqt2s,1
/?fbclid=IwAR0BntRdrtIgJzvSzWGh2mCzKtNCic5Lh828XPMQu1yoZMTkolifR9wwRbg,1
/?fbclid=IwAR0WsRuuPBJoY-MEuBbAXGgwOdNXGMGYoBfHQNl_A0bGGM28zXGvoBASd44,1
/?fbclid=IwAR0Z7fZqoyPqzjHVvRQCCKJs0C-cCNPgUqVixhaZtbxVcc-Hu0UMIa5wNHE,1
/?fbclid=IwAR12w5R7eUdpf-HrGavbOwd_o7IckYL_sd3X4MpY6EUQrMF0DSiRmbO_lEA,1
/?fbclid=IwAR148lObm-TTmdxnPfvWC2lQHbM2kwdHxesZnOydmlaTeAyWxG6WuXmhnTQ,1
/?fbclid=IwAR1kv5k-kprPW3zdDemV8QVlKwFknksWFyaqmn7EA6MHt7v8mqRlEogDut8,1
/?fbclid=IwAR1KyU_ZsfSESpm0E2kplYQoudA3AqvKyZgIieCP959uKTv8yo3kDbieb34,1
/?fbclid=IwAR1LtAh-6SSK8Z7qWbDpawQeL0M7_4cQ_DjxcNFLq3KsMokxHlXkxUeYXt0,1
/?fbclid=IwAR1UtBOznYePjWxgY6ujkB5LUJ5e-uwCg3QT4YIJ3jJD7bNd445uydiqqe8,1
/?fbclid=IwAR22H6jmSfkqy0XFoJ7knOrUc4b_z1U9i8V_ZkxyfPOjWhURmo9Fvn6P9nM,1
/?fbclid=IwAR2BrvPgigDovICJF0wzR23ljTAOOXv8gGkUqAbWT8cpTXXV-WLunY0pkiY,1
/?fbclid=IwAR2JuenlLTsJiWEH8_RPHx1gAhZsaK_0wQ0FgDY0Euazaud9kctOfUpfs28,1
/?fbclid=IwAR2KWW79vSO05wEzxn2me0Xv8sULbNV2vfflnQbEyGPK9mx5I0CzwBdGwx0,1
/?fbclid=IwAR2MO1t9eUmJtVp5jJhRJPIsZXJeUmzLQWuVGx1ML46J58N5T__yFEIv-xI,1
/?fbclid=IwAR37SwpwqhtNUp9T8u2ndgknnjruPL1DowXeA867ZcsHSI1Kol8RW3y560s,1
/?fbclid=IwAR39A3A25uVoru1KXcNA7EoXLy_F5m8_LzPzZzeOMbDT5oiuD2sEaTCBfxQ,1
/?fbclid=IwAR3cKi_3z_TEFgNU74FBH3g5t3aSIY-UPlWg4qbNqYNO-MrzQa3apJgjadI,1
/?fbclid=IwAR3E-RjiYveNU0dwvj9PkTYpjcGH--CS3IcrrHPFnvCyPJtrcaTKYWJXb4Y,1
/?fbclid=IwAR3Mkkl7D5li7Y_miIsf255JJlm890U8cKcNqJm0oaa3hhO92XGvlW-Zk-E,1
/?fbclid=IwAR3vYCUCJvz7tW_o9OftnT7ROntMOV0h0ULbwgJzJg6WUbD31-39BCECGqc,1
/?mc_cid=4571257175&mc_eid=626791ad30,1
/10-cooking-hacks-and-how-tos-of-the-21st-century/,1
/374x-yes-howtosection-recipes/,1
/4-things-to-consider-before-buying-a-kitchen-cabinets/,1
/5-kitchen-essentials-you-must-have/,1
/cooking-tips-get-flavorful-pasta/,1
/cooking-tips-squeeze-hard-citrus-fruits/,1
/exploring-many-health-benefits-garlic/,1
/how-to-choose-a-milk-steamer-and-frother/,1
/how-to-cut-onion-without-tears/,1
/important-cooking-tip/,1
/know-keep-banana-fresh-long-time-cooking-tips/,1
/know-saute-onions-faster-less-oil/,1
/know-store-mushroom-longer-time-cooking-tips/,1
/know-store-tomato-puree-later-use-cooking-tips/,1
/know-using-milk-can-make-recipes-richer-taste-cooking-tips-2/,1
/pistachio-snacks-mggk/,1
/search?q=cache:kRoQftPBNQ8J:https://www.mygingergarlickitchen.com/indian-style-triple-egg-fried-rice-easy-egg-fried-rice-video-recipe/+&cd=11&hl=en&ct=clnk&gl=us&client=safari,1
/simple-recipes-for-your-vegan-diet/,1
/strawberry-cheesecake-dip-for-fruits-and-snacks/,1
/subscribe/,1
/sugar-made-simple-stock-photo/,1
/the-human-friendly-apple-banana-is-an-investment-in-good-performance-d/,1
/tips-to-take-the-effort-out-of-catering-your-own-party/,1
/top-10-ideas-of-ideal-breakfast/,1
/top-17-refreshing-and-cool-summer-drinks-belong-to-your-summer-drinking-bucket-list/,1
/top-5-benefits-of-juicing/,1
/translate_c?depth=1&hl=bn&nv=1&prev=search&pto=aue&rurl=translate.google.com&sl=en&sp=nmt4&u=https://www.mygingergarlickitchen.com/cholar-dal-bengali-style-bengal-gram/&usg=ALkJrhiDpcc7S6kxUF71MQ2Ab63dp9T_Qg,1
/translate_c?depth=1&hl=fa&nv=1&prev=search&pto=aue&rurl=translate.google.com&sl=en&sp=nmt4&u=https://www.mygingergarlickitchen.com/restaurant-style-dal-makhani-punjabi-maa-ki-dal-video-recipe/&usg=ALkJrhg0ufeheqFpDtOoJvbFRhIQNO6JoA,1
/translate_c?depth=1&hl=gu&nv=1&prev=search&pto=aue&rurl=translate.google.com&sl=en&sp=nmt4&u=https://www.mygingergarlickitchen.com/rajasthani-mohanthal-gujarati-mohanthal-mohan-thal-2-ways-video-recipe/&usg=ALkJrhjzRHovMDYNKinRPSBL6rV5Zpaz3w,1
/translate_c?depth=1&hl=hi&nv=1&prev=search&pto=aue&rurl=translate.google.com&sl=en&sp=nmt4&u=https://www.mygingergarlickitchen.com/&usg=ALkJrhjsd5jac0mWpIOsx4pdjggqPNDksw,1
/translate_c?depth=1&hl=hi&nv=1&prev=search&pto=aue&rurl=translate.google.com&sl=en&sp=nmt4&u=https://www.mygingergarlickitchen.com/afghan-naan-bread-video/&usg=ALkJrhgbF9w5JMjIiN69m8XMP4ScTnivlg,1
/translate_c?depth=1&hl=hi&nv=1&prev=search&pto=aue&rurl=translate.google.com&sl=en&sp=nmt4&u=https://www.mygingergarlickitchen.com/besan-churma/&usg=ALkJrhjMdxJqfQFchmYvK_EsO2Qxl_fDdQ,1
/translate_c?depth=1&hl=hi&nv=1&prev=search&pto=aue&rurl=translate.google.com&sl=en&sp=nmt4&u=https://www.mygingergarlickitchen.com/besan-gatte-ki-sabzi-gatta-curry/&usg=ALkJrhixW3SQ9DhS5aUqHWaxFZZbk-v5SA,1
/translate_c?depth=1&hl=hi&nv=1&prev=search&pto=aue&rurl=translate.google.com&sl=en&sp=nmt4&u=https://www.mygingergarlickitchen.com/how-to-make-pakore-ki-sabzi/&usg=ALkJrhhtZZdO3s1CyBnrOqMhghGbEY7zIw,1
/translate_c?depth=1&hl=hi&nv=1&prev=search&pto=aue&rurl=translate.google.com&sl=en&sp=nmt4&u=https://www.mygingergarlickitchen.com/mango-peda/&usg=ALkJrhjLymGe0gO348ACs1QJiOFKIXbYiQ,1
/translate_c?depth=1&hl=hi&nv=1&prev=search&pto=aue&rurl=translate.google.com&sl=en&sp=nmt4&u=https://www.mygingergarlickitchen.com/mint-raita-pudina-raita/&usg=ALkJrhjDp8URkgGf6yz2kOjiIHwG-sdEUA,1
/translate_c?depth=1&hl=hi&nv=1&prev=search&pto=aue&rurl=translate.google.com&sl=en&sp=nmt4&u=https://www.mygingergarlickitchen.com/rajasthani-govind-gatta-curry-recipe/&usg=ALkJrhiCD9B2sD3j39-Ec2I1QBl2yXOU7g,1
/translate_c?depth=1&hl=hi&nv=1&prev=search&pto=aue&rurl=translate.google.com&sl=en&sp=nmt4&u=https://www.mygingergarlickitchen.com/thermal-carafe-vs-glass-carafe-which-coffee-maker-is-better-for-you/&usg=ALkJrhg3mwKL6N7yUo4yvGUkp2K4--MGgg,1
/translate_c?depth=1&hl=hi&nv=1&prev=search&rurl=translate.google.com&sl=en&sp=nmt4&u=https://www.mygingergarlickitchen.com/crispy-fried-chana-recipe-crunchy-crispy-chickpeas/&usg=ALkJrhi66523ZCxDPrw7sjEQT3yRiQWRiQ,1
/translate_c?depth=1&hl=id&nv=1&prev=search&pto=aue&rurl=translate.google.com&sl=en&sp=nmt4&u=https://www.mygingergarlickitchen.com/importance-of-pure-water/&usg=ALkJrhhLna530P_KbVD7P-sRrZhN10ULag,1
/translate_c?depth=1&hl=it&prev=search&pto=aue&rurl=translate.google.com&sl=en&sp=nmt4&u=https://www.mygingergarlickitchen.com/traditional-rajasthani-sev-tamatar-ki-sabzi-recipe-video/&usg=ALkJrhjTTKsDk6-RTXPFwMhRXPsPk_QGiQ,1
/translate_c?depth=1&hl=it&prev=search&pto=aue&rurl=translate.google.it&sl=en&sp=nmt4&u=https://www.mygingergarlickitchen.com/rajasthani-moong-dal-halwa/&usg=ALkJrhjEXb1wbdjvGlywLWPgdX6utnxwEg,1
/translate_c?depth=1&hl=iw&prev=search&pto=aue&rurl=translate.google.co.il&sl=en&sp=nmt4&u=https://www.mygingergarlickitchen.com/how-to-make-thai-pineapple-fried-rice-vegan-recipe/&usg=ALkJrhghknRk3uxYjJx_hVF1QZ3x0GpTsA,1
/translate_c?depth=1&hl=ml&nv=1&prev=search&pto=aue&rurl=translate.google.com&sl=en&sp=nmt4&u=https://www.mygingergarlickitchen.com/punjabi-chole-bhature-chana-bhatura/&usg=ALkJrhi_TuOsOjdTAAZpBAY2GTPYWf7ECQ,1
/translate_c?depth=1&hl=mr&nv=1&prev=search&pto=aue&rurl=translate.google.co.in&sl=en&sp=nmt4&u=https://www.mygingergarlickitchen.com/aloo-ka-halwa-how-to-make-potato-halwa-video-recipe/&usg=ALkJrhhTkwQ72K5R97J4BsYxJvVFkTU18g,1
/translate_c?depth=1&hl=mr&nv=1&prev=search&pto=aue&rurl=translate.google.com&sl=en&sp=nmt4&u=https://www.mygingergarlickitchen.com/bhel-puri/&usg=ALkJrhjM7p-_0hO2OliRrFr4PgeGrMAzzw,1
/translate_c?depth=1&hl=mr&nv=1&prev=search&pto=aue&rurl=translate.google.com&sl=en&sp=nmt4&u=https://www.mygingergarlickitchen.com/kaju-katli-kaju-burfi-how-to-make-kaju-katli-video-recipe/&usg=ALkJrhiaFXQ6k2W8EMTpjaVCa4S5ivY1Vw,1
/translate_c?depth=1&pto=aue&rurl=translate.google.de&sl=auto&sp=nmt4&tl=de&u=https://www.mygingergarlickitchen.com/crispy-aloo-palak-pakora-recipe-spinach-potato-fritters/&usg=ALkJrhig7fQt94Bfkr3diEKxjoLa6eCARw,1
/translate_c?depth=1&pto=aue&rurl=translate.google.de&sl=de&sp=nmt4&tl=en&u=https://www.mygingergarlickitchen.com/vada-pav-recipe/&usg=ALkJrhjJuEsp0I3rZl2cmzX8lJ4FwWQB9A,1
/translate_c?depth=1&pto=aue&rurl=translate.google.de&sl=en&sp=nmt4&tl=de&u=https://www.mygingergarlickitchen.com/vada-pav-recipe/&usg=ALkJrhioB_vUhqImSypiqpnriWQVwyJf_Q,1
/translate?from=en&to=de&csId=98142a0d-92ad-4936-bade-16e7167e90ca&usId=9d964c5b-c3c2-4962-8888-d34ab7737961&ref=SERP&refd=www.bing.com&dl=de&ac=true&dt=2020/9/3 21:38&h=9pkxBhrgo48DEiET5Be-mHHTHP5zKzgu&a=https://www.mygingergarlickitchen.com/sabudana-khichdi/,1
/translate?from=en&to=de&csId=98142a0d-92ad-4936-bade-16e7167e90ca&usId=b9752b4a-d4d9-471c-b5b4-d636fbab6c26&ref=SERP&refd=www.bing.com&dl=de&ac=true&dt=2020/9/3 13:33&h=BEGfCMxL8j4pLsy5TCRwnnKEqIjgukpV&a=https://www.mygingergarlickitchen.com/sabudana-khichdi/,1
/translate?from=en&to=de&csId=98142a0d-92ad-4936-bade-16e7167e90ca&usId=b9752b4a-d4d9-471c-b5b4-d636fbab6c26&ref=SERP&refd=www.bing.com&dl=de&ac=true&dt=2020/9/3 13:50&h=GOqI3zeCzHuGBO23LH1ZtlFZG4heG-uw&a=https://www.mygingergarlickitchen.com/sabudana-khichdi/,1
/translate?from=en&to=de&csId=98142a0d-92ad-4936-bade-16e7167e90ca&usId=ed45c58b-6cc3-4b4e-bb2b-0d72d590d6c2&ref=SERP&refd=www.bing.com&dl=de&ac=true&dt=2020/9/3 16:44&h=r7ZoXNqz5BuAQHecw2GVYxblG7kY1VAh&a=https://www.mygingergarlickitchen.com/sabudana-khichdi/,1
/translate?from=en&to=de&csId=f0c38c9e-6ec8-46a0-a9e6-efffa0f44de2&usId=5d6fbcea-6d75-4f75-954a-9d7160f509eb&ref=SERP&refd=www.bing.com&dl=de&dt=2020/9/2 19:36&h=HsD2egRedMII9ugp8HL7lY7Ni4QmLyUa&a=https://www.mygingergarlickitchen.com/sabudana-khichdi/,1
/unsubscribe?u=126a7c0d8271b7ec930c15e67&id=ec5bf13e68&e=f3f1adcc54,1
/unsubscribe/,1
/viewfound.php?o=53839&t=1601628715&z=99756&sh=1,1
/viewfound.php?o=87353&t=1601700193&z=101123,1
/your-guide-to-throwing-a-spook-tacular-halloween-party/,1